security_code,security_name,attention_class,attention_reason,capital_replicability_note,garbage_reason,garbage_subtype,boundary_recheck_trigger,evidence_basis,reviewed_at_utc,workflow_version
600519,贵州茅台,worth_attention,全国超高端白酒龙头，品牌/赤水河产区/年份基酒/定价权穿越周期已验证,茅台品牌与产区、陈年基酒储备资金无法复制,,,,a-share-baijiu.md（2025年报/KPMG2025）,2026-06-28T13:43:52Z,a-share-selection-operation-v9
000858,五粮液,worth_attention,全国浓香高端龙头，明代老窖池+品牌+全国渠道，穿越周期验证,老窖池与高端品牌不可资本复制,,,,a-share-baijiu.md（2025年报/KPMG2025）,2026-06-28T13:43:52Z,a-share-selection-operation-v9
600809,山西汾酒,worth_attention,全国清香龙头，杏花村品牌，全国化扩张显示周期韧性,清香龙头品牌与历史不可复制,,,,a-share-baijiu.md（2025年报/KPMG2025）,2026-06-28T13:43:52Z,a-share-selection-operation-v9
000568,泸州老窖,worth_attention,国窖1573全国高端 + 400年连续使用老窖池（不可替代）,连续使用老窖池物理与时间不可复制,,,,a-share-baijiu.md（2025年报/KPMG2025）,2026-06-28T13:43:52Z,a-share-selection-operation-v9
002304,洋河股份,worth_attention,绵柔品类创建+海量基酒产能；当前渠道困难属落难白马，护城河未损,绵柔品类心智+基酒产能资本难快速复制,,,,a-share-baijiu.md（2025年报/KPMG2025）,2026-06-28T13:43:52Z,a-share-selection-operation-v9
000596,古井贡酒,boundary_pending,安徽龙头，年份原浆+老八大品牌，区域护城河真实但穿越下行周期韧性未充分验证,安徽品牌与渠道难复制，但周期韧性未证,,,下行周期中价格/渠道/份额保持→升worth_attention,a-share-baijiu.md（2025年报/KPMG2025）,2026-06-28T13:43:52Z,a-share-selection-operation-v9
603369,今世缘,boundary_pending,江苏次高端，国缘+婚宴生态，区域护城河真实、未经穿越周期验证,,,,全国化或穿越周期韧性验证,a-share-baijiu.md（2025年报/KPMG2025）,2026-06-28T13:43:52Z,a-share-selection-operation-v9
603198,迎驾贡酒,boundary_pending,安徽，洞藏生态差异化，区域护城河，周期韧性未证,,,,次高端放量+周期韧性,a-share-baijiu.md（2025年报/KPMG2025）,2026-06-28T13:43:52Z,a-share-selection-operation-v9
603589,口子窖,boundary_pending,安徽兼香区域品牌，较弱，周期韧性未证,,,,渠道与份额改善,a-share-baijiu.md（2025年报/KPMG2025）,2026-06-28T13:43:52Z,a-share-selection-operation-v9
600779,水井坊,boundary_pending,高端单品牌但体量小、外资控股、波动大，持久性存疑,,,,规模与渠道稳定性提升,a-share-baijiu.md（2025年报/KPMG2025）,2026-06-28T13:43:52Z,a-share-selection-operation-v9
600702,舍得酒业,boundary_pending,老酒战略差异化但执行波动、复星系,,,,老酒战略兑现+盈利稳定,a-share-baijiu.md（2025年报/KPMG2025）,2026-06-28T13:43:52Z,a-share-selection-operation-v9
000799,酒鬼酒,boundary_pending,馥郁香独特香型niche+中粮系，但体量小、波动大,,,,馥郁香放量+穿越周期,a-share-baijiu.md（2025年报/KPMG2025）,2026-06-28T13:43:52Z,a-share-selection-operation-v9
600559,老白干酒,boundary_pending,河北区域+中低端为主，护城河弱,,,,高端化/份额提升,a-share-baijiu.md（2025年报/KPMG2025）,2026-06-28T13:43:52Z,a-share-selection-operation-v9
603919,金徽酒,boundary_pending,甘肃小区域龙头，体量小,,,,跨区域扩张验证,a-share-baijiu.md（2025年报/KPMG2025）,2026-06-28T13:43:52Z,a-share-selection-operation-v9
600197,伊力特,boundary_pending,新疆区域，扩张受限,,,,疆外扩张突破,a-share-baijiu.md（2025年报/KPMG2025）,2026-06-28T13:43:52Z,a-share-selection-operation-v9
002646,天佑德酒,boundary_pending,青海青稞酒差异化原料niche，但小、波动,,,,青稞品类放量,a-share-baijiu.md（2025年报/KPMG2025）,2026-06-28T13:43:52Z,a-share-selection-operation-v9
600199,金种子酒,boundary_pending,弱品牌大众价位，但华润入主赋能/重组中（硬触发）,,,,华润赋能后份额/盈利改善,a-share-baijiu.md（2025年报/KPMG2025）,2026-06-28T13:43:52Z,a-share-selection-operation-v9
000860,顺鑫农业,boundary_pending,牛栏山民酒龙头护城河真实，但房地产/生猪非核心拖累、结构混乱、可比性差,牛栏山品牌+渠道+成本真实难复制，但listco结构混乱,,,剥离非核心/结构清晰后,a-share-baijiu.md（2025年报/KPMG2025）,2026-06-28T13:43:52Z,a-share-selection-operation-v9
600238,*ST椰岛,boundary_pending,保健酒/白酒，*ST因连年亏损；未坐实造假故非garbage；资料弱、无法明确实际水平,,,,摘帽+经营改善；若核到治理造假则转garbage,需核验年报/监管公告,2026-06-28T13:43:52Z,a-share-selection-operation-v9
000995,皇台酒业,garbage,历史财务造假（虚增存货/收入），治理灾难,,历史财务造假（虚增存货/收入），治理灾难,governance_fraud,,需核验立案调查/处罚公告,2026-06-28T13:43:52Z,a-share-selection-operation-v9
600696,*ST岩石,garbage,长期治理灾难（前匹凸匹/慧球系，操纵与重大违规史），*ST,,长期治理灾难（操纵与重大违规史），*ST,governance_fraud,,需核验监管处罚/重组公告,2026-06-28T13:43:52Z,a-share-selection-operation-v9
000725,京东方A,worth_attention,全球LCD龙头+OLED#2；韩国不可逆退出LCD的寡头整合+$10B级资本壁垒+OLED前沿，护城河客观难复制,领先世代产线$10B+、规模/良率/客户认证客观难复制；整合不可逆,,,,a-share-display-devices.md（年报/行业整合）,2026-06-28T16:48:18Z,a-share-selection-operation-v9
000100,TCL科技,worth_attention,TCL华星LCD#2；同属不可逆寡头整合+巨额资本壁垒，OLED/印刷OLED布局,规模+资本+整合壁垒客观难复制,,,,a-share-display-devices.md（年报/行业整合）,2026-06-28T16:48:18Z,a-share-selection-operation-v9
000050,深天马A,boundary_pending,中小/车载/工控LTPS+柔性OLED，车载显示全球领先且认证粘性，但整体规模小、盈利弱，大尺寸OLED亚规模,,,,车载/专显niche规模与盈利兑现→可升worth_attention,a-share-display-devices.md（年报/行业整合）,2026-06-28T16:48:18Z,a-share-selection-operation-v9
002387,维信诺,boundary_pending,AMOLED挑战者，持续亏损、亚规模 vs 三星/京东方,,,,OLED规模与盈利改善,a-share-display-devices.md（年报/行业整合）,2026-06-28T16:48:18Z,a-share-selection-operation-v9
688538,和辉光电,boundary_pending,中小AMOLED，亚规模、亏损,,,,OLED规模与盈利改善,a-share-display-devices.md（年报/行业整合）,2026-06-28T16:48:18Z,a-share-selection-operation-v9
600707,彩虹股份,boundary_pending,国产液晶玻璃基板稀缺niche（战略进口替代）+亚规模面板，周期弱,玻璃基板进口替代有壁垒，但规模未起,,,玻璃基板放量/面板盈利改善,a-share-display-devices.md（年报/行业整合）,2026-06-28T16:48:18Z,a-share-selection-operation-v9
688055,龙腾光电,boundary_pending,小尺寸a-Si商品LCD，亚规模,,,,差异化/盈利改善,a-share-display-devices.md（年报/行业整合）,2026-06-28T16:48:18Z,a-share-selection-operation-v9
000536,华映科技,boundary_pending,前大股东中华映管资金占用/违规担保/ST史；现福建国资重整中，控制权变更=复核触发；非ongoing fraud故非永久garbage,,,,国资重整后经营与治理改善,需核验重整/治理公告,2026-06-28T16:48:18Z,a-share-selection-operation-v9
002081,金螳螂,garbage,高端公装相对龙头，但仍是垫资/地产依赖破损模式；恒大坏账重创、价值陷阱；execution/品牌≠持久护城河,,建筑装饰商业模式结构性破损（低门槛/垫资/应收坏账/地产依赖/无持久护城河）,structural_industry,,a-share-decoration-construction.md（27/27历史评审无护城河）,2026-06-28T21:47:48Z,a-share-selection-operation-v10
002375,亚厦股份,garbage,公装+幕墙，规模大但价值陷阱，破损模式,,建筑装饰商业模式结构性破损（低门槛/垫资/应收坏账/地产依赖/无持久护城河）,structural_industry,,a-share-decoration-construction.md（27/27历史评审无护城河）,2026-06-28T21:47:48Z,a-share-selection-operation-v10
002482,广田集团,garbage,恒大重度依赖，暴雷重创、濒危,,建筑装饰商业模式结构性破损（低门槛/垫资/应收坏账/地产依赖/无持久护城河）,structural_industry,,a-share-decoration-construction.md（27/27历史评审无护城河）,2026-06-28T21:47:48Z,a-share-selection-operation-v10
002811,郑中设计,garbage,酒店室内设计施工，项目制无持久壁垒,,建筑装饰商业模式结构性破损（低门槛/垫资/应收坏账/地产依赖/无持久护城河）,structural_industry,,a-share-decoration-construction.md（27/27历史评审无护城河）,2026-06-28T21:47:48Z,a-share-selection-operation-v10
002830,名雕股份,garbage,家装，小、无壁垒,,建筑装饰商业模式结构性破损（低门槛/垫资/应收坏账/地产依赖/无持久护城河）,structural_industry,,a-share-decoration-construction.md（27/27历史评审无护城河）,2026-06-28T21:47:48Z,a-share-selection-operation-v10
300621,维业股份,garbage,公装，小、无壁垒,,建筑装饰商业模式结构性破损（低门槛/垫资/应收坏账/地产依赖/无持久护城河）,structural_industry,,a-share-decoration-construction.md（27/27历史评审无护城河）,2026-06-28T21:47:48Z,a-share-selection-operation-v10
603030,全筑股份,garbage,住宅精装，地产依赖、严重困境,,建筑装饰商业模式结构性破损（低门槛/垫资/应收坏账/地产依赖/无持久护城河）,structural_industry,,a-share-decoration-construction.md（27/27历史评审无护城河）,2026-06-28T21:47:48Z,a-share-selection-operation-v10
002047,*ST宝鹰,garbage,公装+海外，*ST，结构性破损叠加困境,,建筑装饰商业模式结构性破损（低门槛/垫资/应收坏账/地产依赖/无持久护城河）,structural_industry,,a-share-decoration-construction.md（27/27历史评审无护城河）；需核验：若确凿造假改 governance_fraud,2026-06-28T21:47:48Z,a-share-selection-operation-v10
002620,*ST瑞和,garbage,公装，*ST，破损叠加困境,,建筑装饰商业模式结构性破损（低门槛/垫资/应收坏账/地产依赖/无持久护城河）,structural_industry,,a-share-decoration-construction.md（27/27历史评审无护城河）；需核验：若确凿造假改 governance_fraud,2026-06-28T21:47:48Z,a-share-selection-operation-v10
002713,*ST东易,garbage,家装龙头之一，*ST，家装模式破损,,建筑装饰商业模式结构性破损（低门槛/垫资/应收坏账/地产依赖/无持久护城河）,structural_industry,,a-share-decoration-construction.md（27/27历史评审无护城河）；需核验：若确凿造假改 governance_fraud,2026-06-28T21:47:48Z,a-share-selection-operation-v10
002822,ST中装,garbage,公装，ST，破损叠加困境,,建筑装饰商业模式结构性破损（低门槛/垫资/应收坏账/地产依赖/无持久护城河）,structural_industry,,a-share-decoration-construction.md（27/27历史评审无护城河）；需核验：若确凿造假改 governance_fraud,2026-06-28T21:47:48Z,a-share-selection-operation-v10
002856,*ST美芝,garbage,建筑装饰，*ST,,建筑装饰商业模式结构性破损（低门槛/垫资/应收坏账/地产依赖/无持久护城河）,structural_industry,,a-share-decoration-construction.md（27/27历史评审无护城河）；需核验：若确凿造假改 governance_fraud,2026-06-28T21:47:48Z,a-share-selection-operation-v10
300506,ST名家汇,garbage,照明工程，ST，项目制无壁垒,,建筑装饰商业模式结构性破损（低门槛/垫资/应收坏账/地产依赖/无持久护城河）,structural_industry,,a-share-decoration-construction.md（27/27历史评审无护城河）；需核验：若确凿造假改 governance_fraud,2026-06-28T21:47:48Z,a-share-selection-operation-v10
603828,*ST利达,garbage,柯利达，装饰，*ST,,建筑装饰商业模式结构性破损（低门槛/垫资/应收坏账/地产依赖/无持久护城河）,structural_industry,,a-share-decoration-construction.md（27/27历史评审无护城河）；需核验：若确凿造假改 governance_fraud,2026-06-28T21:47:48Z,a-share-selection-operation-v10
601886,江河集团,boundary_pending,高端幕墙系统（全球前列、技术/资质更高）+医疗健康多元化，属更高壁垒子赛道，与普通室内装修结构不同,高端幕墙技术/资质比普通装修更难复制，但仍项目制/地产相关,,,幕墙/医疗持久回报验证,a-share-decoration-construction.md,2026-06-28T21:47:48Z,a-share-selection-operation-v10
000063,中兴通讯,worth_attention,电信设备全球前四（华为/爱立信/诺基亚/中兴/三星），研发/IP/运营商/规模护城河,5G专利/研发规模/运营商关系/算力布局难以资本快速复制,,,,round1轻量初筛（业务模式+护城河+负面，ADR-0006）,2026-06-28T22:01:25Z,a-share-selection-operation-v10
000157,中联重科,worth_attention,工程机械大三龙头之一，全球化+高机领先，地产下行中靠出口/高机验证韧性,规模/品牌/全球渠道/技术，工程机械龙头地位难复制,,,,round1轻量初筛（业务模式+护城河+负面，ADR-0006）,2026-06-28T22:01:25Z,a-share-selection-operation-v10
000333,美的集团,worth_attention,全球白电龙头+ToB多元化（KUKA/楼宇），强现金流，护城河明确,品牌/规模/渠道/成本/全球化难复制,,,,round1轻量初筛（业务模式+护城河+负面，ADR-0006）,2026-06-28T22:01:25Z,a-share-selection-operation-v10
000338,潍柴动力,worth_attention,中国重卡发动机第一+全球叉车第一（KION/林德液压），护城河明确,发动机规模/技术/配套+全球叉车，资本难复制,,,,round1轻量初筛（业务模式+护城河+负面，ADR-0006）,2026-06-28T22:01:25Z,a-share-selection-operation-v10
000408,藏格矿业,worth_attention,稀缺盐湖钾肥（察尔汗）+低成本盐湖锂+巨龙铜权益，垄断资源型护城河,察尔汗钾/低成本锂/巨龙铜资源不可复制,,,,round1轻量初筛；需核验治理（前控股股东历史占用）,2026-06-28T22:01:25Z,a-share-selection-operation-v10
000423,东阿阿胶,worth_attention,阿胶品类龙头，传承品牌护城河+定价权，2019去库存危机后恢复验证,阿胶品类=东阿阿胶，传承品牌资本难复制,,,,round1轻量初筛（业务模式+护城河+负面，ADR-0006）,2026-06-28T22:01:25Z,a-share-selection-operation-v10
000425,徐工机械,worth_attention,工程机械大三龙头之一，全球起重机第一，下行周期出口验证韧性,规模/品牌/全球渠道/技术，工程机械龙头地位难复制,,,,round1轻量初筛（业务模式+护城河+负面，ADR-0006）,2026-06-28T22:01:25Z,a-share-selection-operation-v10
000009,中国宝安,boundary_pending,控股平台，核心资产贝特瑞（全球负极龙头）真实，但多元化拖累/控股折价,,,,价值实现/分拆,round1轻量初筛（业务模式+护城河+负面，ADR-0006）,2026-06-28T22:01:25Z,a-share-selection-operation-v10
000027,深圳能源,boundary_pending,区域电力公用事业，规制回报、无强定价权护城河,,,,现金流/股东回报是否突出,round1轻量初筛（业务模式+护城河+负面，ADR-0006）,2026-06-28T22:01:25Z,a-share-selection-operation-v10
000028,国药一致,boundary_pending,国药系医药分销+国大药房，规模/牌照有壁垒但分销低毛利、护城河中等,,,,零售/分销份额与盈利质量,round1轻量初筛（业务模式+护城河+负面，ADR-0006）,2026-06-28T22:01:25Z,a-share-selection-operation-v10
000039,中集集团,boundary_pending,全球集装箱第一，但产品商品化/航运周期+多元化结构,,,,高附加值业务占比/穿越周期盈利,round1轻量初筛（业务模式+护城河+负面，ADR-0006）,2026-06-28T22:01:25Z,a-share-selection-operation-v10
000045,深纺织A,boundary_pending,偏光片进口替代niche（盛波光电），但亚规模,,,,偏光片放量/盈利,round1轻量初筛（业务模式+护城河+负面，ADR-0006）,2026-06-28T22:01:25Z,a-share-selection-operation-v10
000049,德赛电池,boundary_pending,苹果认证电池PACK粘性，但封装级护城河+客户集中,,,,储能/动力放量、客户分散,round1轻量初筛（业务模式+护城河+负面，ADR-0006）,2026-06-28T22:01:25Z,a-share-selection-operation-v10
000060,中金岭南,boundary_pending,中游铅锌矿+冶炼，商品周期，非清晰资源垄断,,,,低成本资源/储量提升,round1轻量初筛（业务模式+护城河+负面，ADR-0006）,2026-06-28T22:01:25Z,a-share-selection-operation-v10
000066,中国长城,boundary_pending,信创/飞腾自主可控期权（中电系），但执行弱、盈利差,,,,信创放量+盈利改善,round1轻量初筛（业务模式+护城河+负面，ADR-0006）,2026-06-28T22:01:25Z,a-share-selection-operation-v10
000088,盐田港,boundary_pending,港口区权益+物流园平台，非直接主导运营,,,,资产注入/价值实现,round1轻量初筛（业务模式+护城河+负面，ADR-0006）,2026-06-28T22:01:25Z,a-share-selection-operation-v10
000089,深圳机场,boundary_pending,区域枢纽机场垄断地位，但航空性收费受管制、无定价权、回报受限,,,,非航/免税放量；基础设施垄断口径校准,round1轻量初筛（业务模式+护城河+负面，ADR-0006）,2026-06-28T22:01:25Z,a-share-selection-operation-v10
000099,中信海直,boundary_pending,中国海上直升机近垄断niche，但小、单一客户（中海油）依赖,,,,通航/低空放量、客户分散,round1轻量初筛（业务模式+护城河+负面，ADR-0006）,2026-06-28T22:01:25Z,a-share-selection-operation-v10
000156,华数传媒,boundary_pending,浙江有线牌照+阿里参股，但有线电视结构性承压,,,,智慧广电/宽带转型兑现,round1轻量初筛（业务模式+护城河+负面，ADR-0006）,2026-06-28T22:01:25Z,a-share-selection-operation-v10
000166,申万宏源,boundary_pending,券商牌照+中大型，但同质化/周期，非清晰龙头,,,,差异化/财富管理领先,round1轻量初筛（业务模式+护城河+负面，ADR-0006）,2026-06-28T22:01:25Z,a-share-selection-operation-v10
000400,许继电气,boundary_pending,特高压直流技术+国网系，但系统内中游（弱于国电南瑞）、电网资本周期,,,,UHV份额/技术领先,round1轻量初筛（业务模式+护城河+负面，ADR-0006）,2026-06-28T22:01:25Z,a-share-selection-operation-v10
000404,长虹华意,boundary_pending,全球冰箱压缩机第一（规模），但商品化低毛利部件,,,,高端化/盈利提升,round1轻量初筛（业务模式+护城河+负面，ADR-0006）,2026-06-28T22:01:25Z,a-share-selection-operation-v10
000409,云鼎科技,boundary_pending,山东能源系煤矿智能化转型，未验证,,,,转型兑现,round1轻量初筛（业务模式+护城河+负面，ADR-0006）,2026-06-28T22:01:25Z,a-share-selection-operation-v10
000415,渤海租赁,boundary_pending,Avolon全球飞机租赁真实资产，但高杠杆+海航遗留,,,,去杠杆/治理理顺,round1轻量初筛（业务模式+护城河+负面，ADR-0006）,2026-06-28T22:01:25Z,a-share-selection-operation-v10
000429,粤高速A,boundary_pending,广东高速特许经营垄断，但回报受管制、特许期有限、无定价权,,,,基础设施垄断口径校准,round1轻量初筛（业务模式+护城河+负面，ADR-0006）,2026-06-28T22:01:25Z,a-share-selection-operation-v10
000513,丽珠集团,boundary_pending,多元化药企（中药独家+原料药+生物药），护城河中等、无清晰龙头franchise,,,,核心品种/生物药兑现,round1轻量初筛（业务模式+护城河+负面，ADR-0006）,2026-06-28T22:07:25Z,a-share-selection-operation-v10
000537,绿发电力,boundary_pending,风光发电（中国绿发系），规制/补贴、谁都可建，无持久护城河,,,,成本/规模优势是否突出,round1轻量初筛（业务模式+护城河+负面，ADR-0006）,2026-06-28T22:07:25Z,a-share-selection-operation-v10
000538,云南白药,worth_attention,国家保密配方（法律保护）+牙膏龙头+传承品牌，护城河明确,保密配方+牙膏龙头+传承品牌不可复制,,,,round1轻量初筛（业务模式+护城河+负面，ADR-0006）,2026-06-28T22:07:25Z,a-share-selection-operation-v10
000539,粤电力A,boundary_pending,广东火电/气电，规制回报、燃料敞口、无定价权,,,,现金流/股东回报,round1轻量初筛（业务模式+护城河+负面，ADR-0006）,2026-06-28T22:07:25Z,a-share-selection-operation-v10
000541,佛山照明,boundary_pending,LED照明商品化、竞争激烈，品牌中等（含车灯）,,,,车灯/高端化差异化,round1轻量初筛（业务模式+护城河+负面，ADR-0006）,2026-06-28T22:07:25Z,a-share-selection-operation-v10
000544,中原环保,boundary_pending,郑州水务/污水/供热，规制区域公用（基础设施垄断口径）,,,,提价/资产注入,round1轻量初筛（业务模式+护城河+负面，ADR-0006）,2026-06-28T22:07:25Z,a-share-selection-operation-v10
000550,江铃汽车,boundary_pending,商用车（福特全顺轻客领先）+皮卡，但竞争/福特依赖,,,,新能源/出口放量,round1轻量初筛（业务模式+护城河+负面，ADR-0006）,2026-06-28T22:07:25Z,a-share-selection-operation-v10
000559,万向钱潮,boundary_pending,汽车零部件（万向系），规模但部件商品化,,,,高附加值/电动化部件,round1轻量初筛（业务模式+护城河+负面，ADR-0006）,2026-06-28T22:07:25Z,a-share-selection-operation-v10
000561,烽火电子,boundary_pending,军工通信电子（西安），资质壁垒但体量小,,,,军工放量/份额,round1轻量初筛（业务模式+护城河+负面，ADR-0006）,2026-06-28T22:07:25Z,a-share-selection-operation-v10
000567,海德股份,boundary_pending,不良资产管理niche+牌照，但永泰系/小,,,,AMC规模/资产质量,round1轻量初筛（业务模式+护城河+负面，ADR-0006）,2026-06-28T22:07:25Z,a-share-selection-operation-v10
000576,甘化科工,boundary_pending,甘蔗化工转型军工（含能材料/特种装备），未验证,,,,军工转型兑现,round1轻量初筛（业务模式+护城河+负面，ADR-0006）,2026-06-28T22:07:25Z,a-share-selection-operation-v10
000581,威孚高科,boundary_pending,柴油喷射+尾气后处理领先（博世系），但电动化威胁柴油基本盘,,,,氢能/后处理转型兑现,round1轻量初筛（业务模式+护城河+负面，ADR-0006）,2026-06-28T22:07:25Z,a-share-selection-operation-v10
000582,北部湾港,boundary_pending,广西北部湾港（西部陆海新通道），规制港口（基础设施垄断口径）,,,,通道量增/资产注入,round1轻量初筛（业务模式+护城河+负面，ADR-0006）,2026-06-28T22:07:25Z,a-share-selection-operation-v10
000598,兴蓉环境,boundary_pending,成都水务/污水/环保，规制区域公用（基础设施垄断口径）,,,,提价/规模,round1轻量初筛（业务模式+护城河+负面，ADR-0006）,2026-06-28T22:07:25Z,a-share-selection-operation-v10
000617,中油资本,boundary_pending,中石油系金融控股（银行/信托/租赁/保险），无持久竞争护城河,,,,金融牌照协同/盈利,round1轻量初筛（业务模式+护城河+负面，ADR-0006）,2026-06-28T22:07:25Z,a-share-selection-operation-v10
000625,长安汽车,boundary_pending,头部自主OEM+新能源（深蓝/阿维塔/启源），但价格战/EV颠覆、护城河受争议,,,,新能源盈利/份额穿越竞争,round1轻量初筛（业务模式+护城河+负面，ADR-0006）,2026-06-28T22:07:25Z,a-share-selection-operation-v10
000629,钒钛股份,boundary_pending,攀枝花钒资源（中国钒龙头）有稀缺性，但商品周期/小市场、钒电池option未兑现,,,,钒电池储能放量/成本优势,round1轻量初筛（业务模式+护城河+负面，ADR-0006）,2026-06-28T22:07:25Z,a-share-selection-operation-v10
000651,格力电器,worth_attention,空调龙头，品牌/渠道/自有压缩机电机技术，护城河明确,空调龙头品牌/技术/渠道难复制,,,,round1轻量初筛（业务模式+护城河+负面，ADR-0006）,2026-06-28T22:07:25Z,a-share-selection-operation-v10
000661,长春高新,worth_attention,金赛生长激素近垄断（~70%份额）+生物药壁垒，franchise明确,生长激素龙头+生物药壁垒难复制（集采属分层）,,,,round1轻量初筛（业务模式+护城河+负面，ADR-0006）,2026-06-28T22:07:25Z,a-share-selection-operation-v10
000680,山推股份,boundary_pending,推土机全球第一（量）但子赛道小，更广机械非龙头（潍柴/山重系）,,,,挖机/装载机份额突破,round1轻量初筛（业务模式+护城河+负面，ADR-0006）,2026-06-28T22:07:25Z,a-share-selection-operation-v10
000681,视觉中国,boundary_pending,图片版权平台有内容库但争议/监管/小（2019碰瓷事件）,,,,转型/合规与盈利,round1轻量初筛（业务模式+护城河+负面，ADR-0006）,2026-06-28T22:07:25Z,a-share-selection-operation-v10
000682,东方电子,boundary_pending,电力自动化niche（配网/调度），但中游、竞争（南瑞/许继）,,,,份额/技术领先,round1轻量初筛（业务模式+护城河+负面，ADR-0006）,2026-06-28T22:07:25Z,a-share-selection-operation-v10
000683,远兴能源,boundary_pending,天然碱低成本（资源稀缺）但纯碱商品/周期、新天然碱产能稀释稀缺,,,,低成本资源/穿越周期盈利,round1轻量初筛（业务模式+护城河+负面，ADR-0006）,2026-06-28T22:07:25Z,a-share-selection-operation-v10
000710,贝瑞基因,boundary_pending,NIPT基因检测niche，但集采/竞争侵蚀、亏损,,,,基因检测放量/盈利,round1轻量初筛（业务模式+护城河+负面，ADR-0006）,2026-06-28T22:07:25Z,a-share-selection-operation-v10
000729,燕京啤酒,boundary_pending,啤酒寡头成员但最弱（区域/低毛利/改革中）,,,,U8/改革兑现盈利提升,round1轻量初筛（业务模式+护城河+负面，ADR-0006）,2026-06-28T22:07:25Z,a-share-selection-operation-v10
000733,振华科技,worth_attention,军工高可靠电子元器件平台龙头，资质/认证/多年配套壁垒,军工元器件资质与配套难复制,,,,round1轻量初筛（业务模式+护城河+负面，ADR-0006）,2026-06-28T22:11:59Z,a-share-selection-operation-v10
000739,普洛药业,boundary_pending,原料药+CDMO，CDMO有壁垒但非龙头、原料药商品化,,,,CDMO客户/工艺领先,round1轻量初筛（业务模式+护城河+负面，ADR-0006）,2026-06-28T22:11:59Z,a-share-selection-operation-v10
000776,广发证券,boundary_pending,大型券商+易方达/广发基金资管权益，但券商同质化/周期,,,,资管领先/差异化（券商默认boundary）,round1轻量初筛（业务模式+护城河+负面，ADR-0006）,2026-06-28T22:11:59Z,a-share-selection-operation-v10
000777,中核科技,boundary_pending,核级阀门有资质壁垒但小，工业阀门竞争,,,,核电放量/份额,round1轻量初筛（业务模式+护城河+负面，ADR-0006）,2026-06-28T22:11:59Z,a-share-selection-operation-v10
000791,甘肃能源,boundary_pending,甘肃水电/火电，规制公用、无定价权,,,,现金流/股东回报,round1轻量初筛（业务模式+护城河+负面，ADR-0006）,2026-06-28T22:11:59Z,a-share-selection-operation-v10
000792,盐湖股份,worth_attention,察尔汗盐湖钾肥龙头(~60%国内)+低成本盐湖锂，垄断资源,察尔汗钾/盐湖锂资源不可复制,,,,round1轻量初筛（业务模式+护城河+负面，ADR-0006）,2026-06-28T22:11:59Z,a-share-selection-operation-v10
000801,四川九洲,boundary_pending,军工电子(空管/IFF/北斗)有壁垒但混合民品机顶盒/中游,,,,军工份额/民品剥离,round1轻量初筛（业务模式+护城河+负面，ADR-0006）,2026-06-28T22:11:59Z,a-share-selection-operation-v10
000811,冰轮环境,boundary_pending,工业制冷领先但niche/竞争,,,,制冷/冷链份额与盈利,round1轻量初筛（业务模式+护城河+负面，ADR-0006）,2026-06-28T22:11:59Z,a-share-selection-operation-v10
000837,秦川机床,boundary_pending,高端机床(磨齿)+RV减速器国产替代option，但机床行业弱/盈利差,,,,RV减速器/高端机床盈利兑现,round1轻量初筛（业务模式+护城河+负面，ADR-0006）,2026-06-28T22:11:59Z,a-share-selection-operation-v10
000848,承德露露,boundary_pending,杏仁露品类品牌但单品/区域/成熟,,,,品类扩张/全国化,round1轻量初筛（业务模式+护城河+负面，ADR-0006）,2026-06-28T22:11:59Z,a-share-selection-operation-v10
000869,张裕Ａ,boundary_pending,张裕葡萄酒/白兰地龙头品牌，但国产葡萄酒结构性承压+进口竞争，moat穿越下行未证,,,,国产葡萄酒企稳/份额,round1轻量初筛（业务模式+护城河+负面，ADR-0006）,2026-06-28T22:11:59Z,a-share-selection-operation-v10
000875,电投绿能,boundary_pending,国家电投系风光发电，规制/谁都可建，无持久护城河,,,,成本/规模优势,round1轻量初筛（业务模式+护城河+负面，ADR-0006）,2026-06-28T22:11:59Z,a-share-selection-operation-v10
000887,中鼎股份,boundary_pending,橡胶密封/减震汽零+空悬/热管理转型，但部件/竞争,,,,空悬/EV热管理放量,round1轻量初筛（业务模式+护城河+负面，ADR-0006）,2026-06-28T22:11:59Z,a-share-selection-operation-v10
000895,双汇发展,worth_attention,中国肉制品/屠宰第一，双汇品牌+规模+渠道+冷链,双汇品牌+全国屠宰冷链渠道难复制,,,,round1轻量初筛（业务模式+护城河+负面，ADR-0006）,2026-06-28T22:11:59Z,a-share-selection-operation-v10
000913,钱江摩托,boundary_pending,摩托(钱江+Benelli)，中大排量/品牌niche但竞争、非主导,,,,中大排量份额/Benelli兑现,round1轻量初筛（业务模式+护城河+负面，ADR-0006）,2026-06-28T22:11:59Z,a-share-selection-operation-v10
000915,华特达因,boundary_pending,伊可新(儿童维生素AD近垄断)franchise真实，但单大单品+listco多元化(环保/电子),,,,儿童药管线扩展/结构聚焦,round1轻量初筛（业务模式+护城河+负面，ADR-0006）,2026-06-28T22:11:59Z,a-share-selection-operation-v10
000921,海信家电,boundary_pending,空调/冰箱/厨电(海信/科龙)+三电，但三线、非主导(美的/格力/海尔之后),,,,份额/盈利提升,round1轻量初筛（业务模式+护城河+负面，ADR-0006）,2026-06-28T22:11:59Z,a-share-selection-operation-v10
000922,佳电股份,boundary_pending,防爆电机niche龙头(哈电系)但小/专用,,,,特种电机份额,round1轻量初筛（业务模式+护城河+负面，ADR-0006）,2026-06-28T22:11:59Z,a-share-selection-operation-v10
000938,紫光股份,worth_attention,新华三(H3C)企业网络(交换/路由China前二)+服务器+ICT龙头,企业网络技术/生态/客户壁垒难复制,,,,round1轻量初筛（业务模式+护城河+负面，ADR-0006）,2026-06-28T22:11:59Z,a-share-selection-operation-v10
000950,重药控股,boundary_pending,西南区域医药分销，规模/牌照有壁垒但低毛利分销,,,,分销份额/盈利质量,round1轻量初筛（业务模式+护城河+负面，ADR-0006）,2026-06-28T22:11:59Z,a-share-selection-operation-v10
000951,中国重汽,worth_attention,重卡oligopoly前二+HOWO出口龙头，规模/品牌/技术+下行周期出口韧性,重卡龙头地位+出口/品牌难复制,,,,round1轻量初筛（业务模式+护城河+负面，ADR-0006）,2026-06-28T22:11:59Z,a-share-selection-operation-v10
000960,锡业股份,worth_attention,全球锡龙头(全球第一)，锡资源稀缺，垄断资源,全球锡资源稀缺不可复制,,,,round1轻量初筛（业务模式+护城河+负面，ADR-0006）,2026-06-28T22:11:59Z,a-share-selection-operation-v10
000962,东方钽业,boundary_pending,钽铌加工领先但小、依赖进口钽矿、周期,,,,自有资源/规模提升,round1轻量初筛（业务模式+护城河+负面，ADR-0006）,2026-06-28T22:11:59Z,a-share-selection-operation-v10
000963,华东医药,boundary_pending,医美franchise(少女针/玻尿酸)成长+内分泌，但多元化+阿卡波糖集采史,,,,医美龙头地位与盈利兑现,round1轻量初筛（业务模式+护城河+负面，ADR-0006）,2026-06-28T22:11:59Z,a-share-selection-operation-v10
000973,佛塑科技,boundary_pending,塑料薄膜(BOPP/隔膜/光学膜)商品化/竞争，中游,,,,隔膜/光学膜差异化与盈利,round1轻量初筛（业务模式+护城河+负面，ADR-0006）,2026-06-28T22:11:59Z,a-share-selection-operation-v10
000977,浪潮信息,boundary_pending,China第一服务器+AI服务器领先，但组装级/低毛利/Nvidia依赖、可复制,,,,AI服务器盈利/差异化,round1轻量初筛（业务模式+护城河+负面，ADR-0006）,2026-06-28T22:15:19Z,a-share-selection-operation-v10
000988,华工科技,boundary_pending,激光+光模块(AI景气)+传感器多元化，但光模块非龙头(中际旭创/新易盛)、激光竞争,,,,高速光模块份额/盈利,round1轻量初筛（业务模式+护城河+负面，ADR-0006）,2026-06-28T22:15:19Z,a-share-selection-operation-v10
000997,新大陆,boundary_pending,POS支付终端+收单牌照，但硬件竞争/收单中等护城河,,,,数字货币硬件/收单放量,round1轻量初筛（业务模式+护城河+负面，ADR-0006）,2026-06-28T22:15:19Z,a-share-selection-operation-v10
000998,隆平高科,worth_attention,种业China第一(杂交稻/玉米)+转基因先发，品种库/研发/牌照壁垒,种业研发/品种/转基因牌照难复制（财务弱属分层）,,,,round1轻量初筛（业务模式+护城河+负面，ADR-0006）,2026-06-28T22:15:19Z,a-share-selection-operation-v10
000999,华润三九,worth_attention,999 OTC品牌组合(感冒/胃/皮肤)+中药配方颗粒+华润系,999品牌+配方颗粒牌照难复制,,,,round1轻量初筛（业务模式+护城河+负面，ADR-0006）,2026-06-28T22:15:19Z,a-share-selection-operation-v10
001205,盛航股份,boundary_pending,内贸化学品航运niche，牌照/船队但小/周期,,,,船队/航线扩张,round1轻量初筛（业务模式+护城河+负面，ADR-0006）,2026-06-28T22:15:19Z,a-share-selection-operation-v10
001208,华菱线缆,boundary_pending,特种线缆(军工/航天/核电)niche，但线缆商品化/竞争,,,,特种线缆份额/认证,round1轻量初筛（业务模式+护城河+负面，ADR-0006）,2026-06-28T22:15:19Z,a-share-selection-operation-v10
001210,金房能源,boundary_pending,北京城市供热，规制公用（基础设施/规则9）,,,,提价/规模,round1轻量初筛（业务模式+护城河+负面，ADR-0006）,2026-06-28T22:15:19Z,a-share-selection-operation-v10
001213,中铁特货,boundary_pending,铁路特货物流(商品车/冷链，中铁系)，规制/低毛利,,,,量增/盈利,round1轻量初筛（业务模式+护城河+负面，ADR-0006）,2026-06-28T22:15:19Z,a-share-selection-operation-v10
001257,盛龙股份,boundary_pending,资料不足，暂无法明确实际护城河，无明显负面,,,,补充资料后复核,round1轻量初筛；资料不足需核验,2026-06-28T22:15:19Z,a-share-selection-operation-v10
001286,陕西能源,boundary_pending,煤电一体化(陕投系)，自有煤但规制/周期商品,,,,现金流/资源成本优势,round1轻量初筛（业务模式+护城河+负面，ADR-0006）,2026-06-28T22:15:19Z,a-share-selection-operation-v10
001289,龙源电力,boundary_pending,China第一风电运营商，但风电规制/商品、无持久护城河（规则9邻近）,,,,成本/优质风资源优势,round1轻量初筛（业务模式+护城河+负面，ADR-0006）,2026-06-28T22:15:19Z,a-share-selection-operation-v10
001301,尚太科技,boundary_pending,负极材料一体化成本player，但商品/竞争、非龙头,,,,成本优势/份额提升,round1轻量初筛（业务模式+护城河+负面，ADR-0006）,2026-06-28T22:15:19Z,a-share-selection-operation-v10
001323,慕思股份,boundary_pending,高端床垫品牌，但家居竞争/营销驱动、moat中等,,,,品牌/份额穿越竞争,round1轻量初筛（业务模式+护城河+负面，ADR-0006）,2026-06-28T22:15:19Z,a-share-selection-operation-v10
001332,锡装股份,boundary_pending,资料不足(疑化工装备/压力容器)，暂无法明确护城河，无明显负面,,,,补充资料后复核,round1轻量初筛；资料不足需核验,2026-06-28T22:15:19Z,a-share-selection-operation-v10
001338,永顺泰,boundary_pending,啤酒麦芽China第一，但商品加工/低毛利B2B,,,,成本/一体化优势,round1轻量初筛（业务模式+护城河+负面，ADR-0006）,2026-06-28T22:15:19Z,a-share-selection-operation-v10
001359,平安电工,boundary_pending,云母绝缘材料niche，资料有限、规模小,,,,云母资源/技术壁垒核验,round1轻量初筛；资料不足需核验,2026-06-28T22:15:19Z,a-share-selection-operation-v10
001376,百通能源,boundary_pending,供热/清洁能源公用，规制（基础设施/规则9）,,,,提价/规模,round1轻量初筛（业务模式+护城河+负面，ADR-0006）,2026-06-28T22:15:19Z,a-share-selection-operation-v10
001390,古麒绒材,boundary_pending,羽绒材料商品加工，无持久护城河,,,,品牌/一体化差异化,round1轻量初筛（业务模式+护城河+负面，ADR-0006）,2026-06-28T22:15:19Z,a-share-selection-operation-v10
001391,国货航,boundary_pending,航空货运(国航系网络)，但周期/竞争,,,,网络/盈利穿越周期,round1轻量初筛（业务模式+护城河+负面，ADR-0006）,2026-06-28T22:15:19Z,a-share-selection-operation-v10
001396,誉帆科技,boundary_pending,资料不足，暂无法明确护城河，无明显负面,,,,补充资料后复核,round1轻量初筛；资料不足需核验,2026-06-28T22:15:19Z,a-share-selection-operation-v10
001872,招商港口,boundary_pending,招商局全球港口运营，但港口=规制基础设施垄断（规则9）,,,,资产注入/吞吐量增,round1轻量初筛（业务模式+护城河+负面，ADR-0006）,2026-06-28T22:15:19Z,a-share-selection-operation-v10
001965,招商公路,boundary_pending,China最大高速运营，但高速=规制基础设施垄断（规则9）,,,,提价/资产注入,round1轻量初筛（业务模式+护城河+负面，ADR-0006）,2026-06-28T22:15:19Z,a-share-selection-operation-v10
002001,新和成,worth_attention,维生素全球寡头(VA/VE)+香精香料/蛋氨酸，工艺/规模/成本壁垒,维生素寡头工艺/规模/环保壁垒难复制,,,,round1轻量初筛（业务模式+护城河+负面，ADR-0006）,2026-06-28T22:15:19Z,a-share-selection-operation-v10
002003,伟星股份,boundary_pending,服装辅料(拉链/钮扣)China第一+快反，但辅料niche/服装周期，moat中等,,,,品类扩张/穿越周期盈利,round1轻量初筛（业务模式+护城河+负面，ADR-0006）,2026-06-28T22:15:19Z,a-share-selection-operation-v10
002006,精工科技,boundary_pending,碳纤维成套设备niche(国产替代)+光伏装备，但小/周期设备,,,,碳纤维设备放量/盈利,round1轻量初筛（业务模式+护城河+负面，ADR-0006）,2026-06-28T22:17:59Z,a-share-selection-operation-v10
002007,华兰生物,worth_attention,血液制品(白蛋白/球蛋白)+疫苗，采浆站牌照严格限批,浆站牌照资源不可复制,,,,round1轻量初筛（业务模式+护城河+负面，ADR-0006）,2026-06-28T22:17:59Z,a-share-selection-operation-v10
002008,大族激光,worth_attention,China第一激光加工设备(消费电子/PCB/显示/动力电池),激光设备技术/客户/规模难复制,,,,round1轻量初筛（业务模式+护城河+负面，ADR-0006）,2026-06-28T22:17:59Z,a-share-selection-operation-v10
002011,盾安环境,boundary_pending,制冷元件#2(三花之后)+车热管理(格力系)，但#2/依赖,,,,车热管理放量/份额,round1轻量初筛（业务模式+护城河+负面，ADR-0006）,2026-06-28T22:17:59Z,a-share-selection-operation-v10
002014,永新股份,boundary_pending,食品/药品软包装，竞争/商品化、moat中等,,,,差异化/一体化,round1轻量初筛（业务模式+护城河+负面，ADR-0006）,2026-06-28T22:17:59Z,a-share-selection-operation-v10
002017,东信和平,boundary_pending,智能卡(SIM/银行卡)商品化/下行+eSIM/物联网option,,,,eSIM/物联网放量,round1轻量初筛（业务模式+护城河+负面，ADR-0006）,2026-06-28T22:17:59Z,a-share-selection-operation-v10
002025,航天电器,worth_attention,军工连接器/继电器/微电机龙头，资质/认证/配套壁垒(航天科工系),军工器件资质与配套难复制,,,,round1轻量初筛（业务模式+护城河+负面，ADR-0006）,2026-06-28T22:17:59Z,a-share-selection-operation-v10
002026,山东威达,boundary_pending,钻夹头全球第一但子赛道小+机床业务弱,,,,机床/智能装备改善,round1轻量初筛（业务模式+护城河+负面，ADR-0006）,2026-06-28T22:17:59Z,a-share-selection-operation-v10
002027,分众传媒,worth_attention,电梯广告近垄断点位网络(~80%)，规模+点位覆盖难复制(新潮资本挑战失败已证),电梯点位网络资本难复制,,,,round1轻量初筛（业务模式+护城河+负面，ADR-0006）,2026-06-28T22:17:59Z,a-share-selection-operation-v10
002028,思源电气,boundary_pending,电力一次设备(开关/GIS)强私企+出口，但竞争/中游、非主导,,,,海外/份额突破,round1轻量初筛（业务模式+护城河+负面，ADR-0006）,2026-06-28T22:17:59Z,a-share-selection-operation-v10
002032,苏泊尔,worth_attention,炊具China第一品牌+渠道+SEB技术+小家电,炊具品牌/渠道难复制,,,,round1轻量初筛（业务模式+护城河+负面，ADR-0006）,2026-06-28T22:17:59Z,a-share-selection-operation-v10
002034,旺能环境,boundary_pending,垃圾焚烧发电特许经营，规制（基础设施/规则9）,,,,产能/提价,round1轻量初筛（业务模式+护城河+负面，ADR-0006）,2026-06-28T22:17:59Z,a-share-selection-operation-v10
002039,黔源电力,boundary_pending,贵州水电，规制公用（规则9邻近）,,,,现金流/股东回报,round1轻量初筛（业务模式+护城河+负面，ADR-0006）,2026-06-28T22:17:59Z,a-share-selection-operation-v10
002044,美年健康,boundary_pending,民营体检最大规模，但竞争/商誉/质量问题,,,,质量/盈利与商誉消化,round1轻量初筛（业务模式+护城河+负面，ADR-0006）,2026-06-28T22:17:59Z,a-share-selection-operation-v10
002046,国机精工,boundary_pending,超硬材料(金刚石)+高端轴承niche，技术有但中游/小,,,,超硬材料/轴承份额,round1轻量初筛（业务模式+护城河+负面，ADR-0006）,2026-06-28T22:17:59Z,a-share-selection-operation-v10
002049,紫光国微,worth_attention,特种集成电路/军工FPGA龙头+安全芯片，技术/资质壁垒,军工FPGA/特种IC难复制,,,,round1轻量初筛（业务模式+护城河+负面，ADR-0006）,2026-06-28T22:17:59Z,a-share-selection-operation-v10
002050,三花智控,worth_attention,全球制冷元件+EV热管理第一(技术/客户/规模)+机器人执行器option,制冷/热管理全球第一难复制,,,,round1轻量初筛（业务模式+护城河+负面，ADR-0006）,2026-06-28T22:17:59Z,a-share-selection-operation-v10
002056,横店东磁,boundary_pending,永磁铁氧体全球第一(真实niche)，但光伏/锂电商品化拖累、混合,,,,磁材占比/光伏盈利,round1轻量初筛（业务模式+护城河+负面，ADR-0006）,2026-06-28T22:17:59Z,a-share-selection-operation-v10
002063,远光软件,boundary_pending,电力行业ERP/财务软件，客户粘性但小/竞争,,,,电力央企份额/SaaS转型,round1轻量初筛（业务模式+护城河+负面，ADR-0006）,2026-06-28T22:17:59Z,a-share-selection-operation-v10
002073,软控股份,boundary_pending,轮胎装备China第一niche，但equipment/周期/客户=轮胎厂,,,,份额/智能化兑现,round1轻量初筛（业务模式+护城河+负面，ADR-0006）,2026-06-28T22:17:59Z,a-share-selection-operation-v10
002078,太阳纸业,boundary_pending,低成本造纸龙头(一体化林浆纸+老挝)，但纸=商品/周期/无定价权,,,,穿越周期盈利/成本优势,round1轻量初筛（业务模式+护城河+负面，ADR-0006）,2026-06-28T22:17:59Z,a-share-selection-operation-v10
002106,莱宝高科,boundary_pending,触控/显示模组(ITO导电玻璃)，商品化/竞争,,,,差异化/盈利,round1轻量初筛（业务模式+护城河+负面，ADR-0006）,2026-06-28T22:17:59Z,a-share-selection-operation-v10
002114,罗平锌电,boundary_pending,锌冶炼+自有水电，小/商品周期、无清晰资源垄断,,,,资源/成本优势,round1轻量初筛（业务模式+护城河+负面，ADR-0006）,2026-06-28T22:17:59Z,a-share-selection-operation-v10
002119,康强电子,boundary_pending,半导体封装材料(引线框架)China领先niche，但材料/竞争/中游,,,,份额/高端化,round1轻量初筛（业务模式+护城河+负面，ADR-0006）,2026-06-28T22:17:59Z,a-share-selection-operation-v10
002125,湘潭电化,boundary_pending,电解二氧化锰China第一niche，但锰材料商品/小/竞争,,,,锰系材料放量/盈利,round1轻量初筛（业务模式+护城河+负面，ADR-0006）,2026-06-28T22:17:59Z,a-share-selection-operation-v10
002126,银轮股份,boundary_pending,汽车热管理龙头，但本质仍是汽车零部件配套，技术/客户壁垒不足以证明资本无法复制,,,,新能源热管理份额/毛利率/海外客户持续验证后复核,round1轻量初筛（汽车热管理；业务模式+资本复制测试+ADR-0006）,2026-06-29T10:29:59Z,a-share-selection-operation-v10
002129,TCL中环,boundary_pending,光伏硅片规模和工艺领先，但行业产能过剩、资本可复制，周期压倒护城河,,,,硅片行业出清+成本/现金流优势穿越周期后复核,round1轻量初筛（光伏硅片；资本周期制造从严+ADR-0006）,2026-06-29T10:29:59Z,a-share-selection-operation-v10
002130,沃尔核材,worth_attention,热缩材料基本盘+AI高速铜连接增量，高速线缆客户认证、材料工艺和产能爬坡形成中高壁垒,高速铜缆认证、材料配方和可靠性验证资金不能短期复制；但需跟踪技术路线风险,,,,round1轻量初筛（高速铜连接/辐照材料；既有深度复核+ADR-0006）,2026-06-29T10:29:59Z,a-share-selection-operation-v10
002138,顺络电子,worth_attention,片式电感/磁性元件平台，材料配方、精密制造、车规和AI服务器客户认证形成可持续niche壁垒,高端电感材料体系、工艺积累和客户认证不能靠资金快速复制,,,,round1轻量初筛（被动元件/高端电感；既有深度复核+ADR-0006）,2026-06-29T10:29:59Z,a-share-selection-operation-v10
002142,宁波银行,worth_attention,优质城商行，区域经济、风控、存款客户基础和中小企业/财富管理能力构成银行业差异化护城河,银行牌照、低成本客户基础、风控体系和区域深耕不可短期复制,,,,round1轻量初筛（银行；既有用户校准+深度复核+ADR-0006）,2026-06-29T10:29:59Z,a-share-selection-operation-v10
002150,正泰电源,boundary_pending,逆变器/储能业务有景气但强手众多，未证明相对阳光/华为等具备不可替代壁垒,,,,海外储能订单、毛利率和客户认证持续领先后复核,round1轻量初筛（储能/逆变器；资本复制测试+ADR-0006）,2026-06-29T10:29:59Z,a-share-selection-operation-v10
002151,北斗星通,boundary_pending,北斗导航芯片和模组有技术积累，但下游竞争、盈利波动和产品替代压力使持久护城河证据不足,,,,车载/高精度定位芯片份额和利润率持续改善后复核,round1轻量初筛（北斗导航；业务质量从严+ADR-0006）,2026-06-29T10:29:59Z,a-share-selection-operation-v10
002152,广电运通,boundary_pending,金融机具和城市智能设备有渠道/客户门槛，但ATM传统业务下行，新业务尚未形成高壁垒利润,,,,AI/数币/城市智能业务形成高毛利可复制订单后复核,round1轻量初筛（金融机具/系统集成；既有深度复核+ADR-0006）,2026-06-29T10:29:59Z,a-share-selection-operation-v10
002153,石基信息,worth_attention,酒店/餐饮信息系统垂直龙头，客户系统切换成本、行业数据接口和全球酒店客户积累形成软件粘性,垂直行业软件的客户迁移、系统接口和历史部署网络难以靠资金短期复制,,,,round1轻量初筛（酒店信息系统；切换成本+ADR-0006）,2026-06-29T10:29:59Z,a-share-selection-operation-v10
002155,湖南黄金,boundary_pending,金锑资源具稀缺性，但规模、成本曲线和全球垄断地位弱于顶级资源龙头，先作为资源边界案例,,,,锑资源控制力、成本优势和储量扩张进一步验证后复核,round1轻量初筛（黄金/锑资源；矿商垄断标准+ADR-0006）,2026-06-29T10:29:59Z,a-share-selection-operation-v10
002156,通富微电,worth_attention,国内先进封测核心厂商，AMD等大客户协同、先进封装产能和客户认证形成半导体产业链壁垒,先进封装设备、工艺良率、客户认证和资本开支周期资金难以快速复制,,,,round1轻量初筛（先进封装；产业链瓶颈+ADR-0006）,2026-06-29T10:29:59Z,a-share-selection-operation-v10
002158,汉钟精机,worth_attention,螺杆压缩机和真空泵niche龙头，半导体真空泵/工业压缩机工艺、可靠性和客户验证有壁垒,高可靠压缩机/真空泵制造经验、客户验证和售后体系不可短期复制,,,,round1轻量初筛（压缩机/真空泵；技术niche+ADR-0006）,2026-06-29T10:29:59Z,a-share-selection-operation-v10
002171,楚江新材,boundary_pending,铜加工主业偏商品和周期，高端复材/军工新材料有期权但收入与利润占比仍需验证,,,,复材/军工新材料成为高毛利主业后复核,round1轻量初筛（铜加工+复材；既有深度复核+ADR-0006）,2026-06-29T10:29:59Z,a-share-selection-operation-v10
002179,中航光电,worth_attention,军工及高端连接器龙头，高可靠连接器客户认证、军工体系、平台化产品和长期配套关系形成强壁垒,军工资质、客户认证、高可靠产品谱系和配套关系资金无法快速复制,,,,round1轻量初筛（军工连接器；军工高壁垒+ADR-0006）,2026-06-29T10:29:59Z,a-share-selection-operation-v10
002180,奔图科技,worth_attention,国产打印机整机+耗材+打印控制芯片生态，政企渠道、耗材闭环和国产替代形成差异化壁垒,整机生态、耗材适配、打印芯片和政企渠道认证难以由新玩家短期搭建,,,,round1轻量初筛（打印生态；既有深度复核+ADR-0006）,2026-06-29T10:29:59Z,a-share-selection-operation-v10
002184,海得控制,boundary_pending,工业自动化和电力电子系统集成属性较强，项目制/集成类业务难形成不可复制护城河,,,,形成标准化高毛利产品或核心电力电子平台后复核,round1轻量初筛（工业自动化集成；资本复制测试+ADR-0006）,2026-06-29T10:29:59Z,a-share-selection-operation-v10
002192,融捷股份,boundary_pending,锂资源具稀缺性但项目规模、成本、权益和稳定产能优势尚未达到顶级资源龙头标准,,,,锂矿产量、成本曲线和资源权益清晰领先后复核,round1轻量初筛（锂资源；矿商垄断标准+ADR-0006）,2026-06-29T10:29:59Z,a-share-selection-operation-v10
002194,武汉凡谷,boundary_pending,通信射频器件有技术和客户基础，但基站周期、客户集中和同业竞争使持久超额回报不清晰,,,,高端射频器件份额/利润率穿越通信周期后复核,round1轻量初筛（通信射频；中游周期+ADR-0006）,2026-06-29T10:29:59Z,a-share-selection-operation-v10
002202,金风科技,boundary_pending,风机龙头但风电整机价格竞争激烈、回款和毛利压力大，行业内资本和工程能力可竞争,,,,风机毛利率、订单质量和运维服务现金流持续改善后复核,round1轻量初筛（风电整机；既有深度复核+ADR-0006）,2026-06-29T10:29:59Z,a-share-selection-operation-v10
002212,天融信,boundary_pending,网络安全品牌和政企客户基础存在，但行业碎片化、项目制和费用投入重，盈利质量未证明持久优势,,,,安全产品标准化、现金流和续费率改善后复核,round1轻量初筛（网络安全软件；资本复制测试+ADR-0006）,2026-06-29T10:29:59Z,a-share-selection-operation-v10
002216,三全食品,boundary_pending,速冻食品品牌和渠道有一定优势，但品类门槛与资本复制难度不足，难确认长期不可替代护城河,,,,品牌提价权、渠道效率和现金流穿越周期后复核,round1轻量初筛（速冻食品；消费品牌从严+ADR-0006）,2026-06-29T10:29:59Z,a-share-selection-operation-v10
002222,福晶科技,worth_attention,非线性光学晶体和激光晶体niche龙头，晶体生长工艺、客户认证和科研产业化积累形成高壁垒,高质量光学晶体生长、良率、客户认证和产品谱系无法靠资金快速复制,,,,round1轻量初筛（光学晶体；技术niche+ADR-0006）,2026-06-29T10:29:59Z,a-share-selection-operation-v10
002223,鱼跃医疗,worth_attention,家用医疗器械龙头，品牌、渠道、注册体系、售后和多品类平台形成中高壁垒,医疗器械注册、渠道品牌、售后体系和多品类平台不能短期复制,,,,round1轻量初筛（家用医疗器械；既有深度复核+ADR-0006）,2026-06-29T10:29:59Z,a-share-selection-operation-v10
002227,*ST特迅,boundary_pending,ST和持续经营/治理风险优先于储能题材，但未在本轮坐实永久造假治理灾难，按可逆边界处理,,,,摘帽、治理出清、主营订单和现金流恢复后复核；若坐实造假则转garbage,round1轻量初筛（ST/储能；ADR-0006 ST规则）,2026-06-29T10:29:59Z,a-share-selection-operation-v10
002230,科大讯飞,worth_attention,AI语音和教育/政企AI平台长期龙头，语音数据、算法、行业客户和品牌构成差异化壁垒,语音数据、行业场景、政教客户和品牌积累不易由新玩家短期复制；需跟踪大模型商业化,,,,round1轻量初筛（AI语音/行业大模型；既有深度复核+ADR-0006）,2026-06-29T10:29:59Z,a-share-selection-operation-v10
002236,大华股份,worth_attention,全球视频安防/AIoT龙头之一，渠道、算法、硬件供应链和行业解决方案形成较强规模壁垒,全球安防渠道、软硬件平台和行业客户积累难由新进入者短期复制；需折价考虑制裁与强同行竞争,,,,round1轻量初筛（安防AIoT；既有深度复核+资本复制测试+ADR-0006）,2026-06-29T10:45:55Z,a-share-selection-operation-v10
002237,恒邦股份,boundary_pending,黄金冶炼和资源业务有周期弹性，但资源禀赋/成本曲线/全球控制力未达到顶级矿商标准,,,,自有矿山储量、成本和黄金资源控制力显著提升后复核,round1轻量初筛（黄金冶炼/资源；矿商垄断标准+ADR-0006）,2026-06-29T10:45:55Z,a-share-selection-operation-v10
002249,大洋电机,boundary_pending,电机和氢燃料电池业务有技术积累，但汽车电机/氢能链条竞争充分，资本和产业玩家可进入,,,,电驱/氢能核心产品份额和利润率持续领先后复核,round1轻量初筛（电机/氢能；资本复制测试+ADR-0006）,2026-06-29T10:45:55Z,a-share-selection-operation-v10
002252,上海莱士,worth_attention,血液制品龙头之一，浆站资源、监管牌照、血制品工艺和渠道形成稀缺壁垒,浆站牌照、采浆网络、血制品生产质量体系和渠道不可由资金快速复制,,,,round1轻量初筛（血液制品；监管资源壁垒+ADR-0006）,2026-06-29T10:45:55Z,a-share-selection-operation-v10
002262,恩华药业,worth_attention,中枢神经/麻醉精神药专科龙头，专科药品注册、管制品类渠道和医生用药习惯形成壁垒,麻醉精神类药品准入、专科渠道、研发和临床推广积累难以短期复制,,,,round1轻量初筛（CNS/麻醉精神药；既有深度复核+ADR-0006）,2026-06-29T10:45:55Z,a-share-selection-operation-v10
002267,陕天然气,boundary_pending,陕西天然气管网和区域燃气有区域垄断，但回报受管制、定价权有限，按基础设施规则9处理,,,,管输定价改善、资产注入或分红回报显著提升后复核,round1轻量初筛（天然气管网；基础设施垄断规则9+ADR-0006）,2026-06-29T10:45:55Z,a-share-selection-operation-v10
002268,电科网安,boundary_pending,网络安全央企背景和密码安全技术有门槛，但行业项目制和竞争分散，盈利质量未证明持久优势,,,,标准化安全产品、现金流和续费率改善后复核,round1轻量初筛（网络安全；既有深度复核+ADR-0006）,2026-06-29T10:45:55Z,a-share-selection-operation-v10
002270,华明装备,worth_attention,有载分接开关全球niche龙头，电力设备可靠性、客户认证和长期运行数据构成高壁垒,变压器分接开关可靠性验证、全球客户认证和长期运维数据资金难以快速复制,,,,round1轻量初筛（分接开关；电力设备niche+ADR-0006）,2026-06-29T10:45:55Z,a-share-selection-operation-v10
002273,水晶光电,worth_attention,精密光学薄膜/滤光片/车载与AR光学平台，镀膜工艺、良率和大客户认证形成局部高壁垒,高良率镀膜、光学工艺和头部客户认证不能靠资金短期复制；需跟踪终端周期与客户议价,,,,round1轻量初筛（精密光学；既有深度复核+ADR-0006）,2026-06-29T10:45:55Z,a-share-selection-operation-v10
002275,桂林三金,boundary_pending,中药OTC品牌和独家品种有一定优势，但单品/区域属性较强，护城河强度弱于三九/云南白药,,,,OTC品牌全国化、现金流和提价权穿越周期后复核,round1轻量初筛（中药OTC；品牌从严+ADR-0006）,2026-06-29T10:45:55Z,a-share-selection-operation-v10
002276,万马股份,boundary_pending,电缆和充电相关业务有项目机会，但电线电缆产能、渠道和项目交付可被资金复制,,,,超高压电缆份额、毛利率和现金流显著领先后复核,round1轻量初筛（电缆/充电；既有深度复核+ADR-0006）,2026-06-29T10:45:55Z,a-share-selection-operation-v10
002281,光迅科技,worth_attention,光器件/光模块/光芯片平台，AI光互连中光芯片、器件和客户验证构成产业链壁垒,光芯片、器件平台、高速封装和客户可靠性验证难以由新进入者短期复制,,,,round1轻量初筛（光器件/光互连；既有深度复核+ADR-0006）,2026-06-29T10:45:55Z,a-share-selection-operation-v10
002287,奇正藏药,boundary_pending,藏药品牌和独家品种具niche优势，但规模较小、品类集中，持久全国性护城河仍需验证,,,,核心品种增长、渠道全国化和现金流稳定后复核,round1轻量初筛（藏药；品牌/独家品种从严+ADR-0006）,2026-06-29T10:45:55Z,a-share-selection-operation-v10
002293,罗莱生活,boundary_pending,家纺品牌有现金流和分红，但行业低频、低壁垒、地产后周期压力明显，难确认持久超额回报,,,,分红回报和品牌提价权显著增强后复核,round1轻量初筛（家纺；低壁垒但非永久garbage+ADR-0006）,2026-06-29T10:45:55Z,a-share-selection-operation-v10
002294,信立泰,boundary_pending,心血管药企和创新管线有基础，但老品种集采、创新兑现和同业竞争使护城河仍需验证,,,,创新药放量、专利品种利润和现金流持续验证后复核,round1轻量初筛（化学制药；创新管线待验证+ADR-0006）,2026-06-29T10:45:55Z,a-share-selection-operation-v10
002296,辉煌科技,boundary_pending,轨交信号/电务监测有资质和项目经验，但市场规模有限、项目制强，排他性不足,,,,订单、应收和标准化产品能力改善后复核,round1轻量初筛（轨交电务；既有深度复核+ADR-0006）,2026-06-29T10:45:55Z,a-share-selection-operation-v10
002299,圣农发展,boundary_pending,白羽鸡一体化龙头有规模和成本优势，但养殖/食品链条周期和资本复制压力明显,,,,成本优势、食品化品牌和现金流穿越周期后复核,round1轻量初筛（白羽鸡；农业周期+资本复制测试+ADR-0006）,2026-06-29T10:45:55Z,a-share-selection-operation-v10
002311,海大集团,worth_attention,饲料和养殖服务平台龙头，配方研发、渠道服务网络、规模采购和养殖技术服务形成复合壁垒,全国服务网络、配方/品控体系、客户粘性和规模采购难由新进入者短期复制,,,,round1轻量初筛（饲料/养殖服务；平台网络+ADR-0006）,2026-06-29T10:45:55Z,a-share-selection-operation-v10
002315,焦点科技,boundary_pending,中国制造网B2B平台有网络效应和AI外贸工具期权，但面对阿里等平台竞争，优势强度待验证,,,,付费会员、AI产品ARPU和现金流持续改善后复核,round1轻量初筛（B2B平台；网络效应从严+ADR-0006）,2026-06-29T10:45:55Z,a-share-selection-operation-v10
002320,海峡股份,boundary_pending,琼州海峡客滚运输有区域航线资源，但回报受政策和区域需求约束，按基础设施垄断规则9处理,,,,运量、定价、分红或资产整合改善后复核,round1轻量初筛（客滚运输；基础设施垄断规则9+ADR-0006）,2026-06-29T10:45:55Z,a-share-selection-operation-v10
002327,富安娜,boundary_pending,家纺品牌和渠道有积累，但低频消费、低技术壁垒和竞争充分，难形成长期不可替代护城河,,,,分红回报、品牌提价权和渠道效率显著改善后复核,round1轻量初筛（家纺；既有深度复核+ADR-0006）,2026-06-29T10:45:55Z,a-share-selection-operation-v10
002332,仙琚制药,boundary_pending,甾体激素药物和原料药平台有niche工艺壁垒，但价格/集采/管线兑现仍需验证,,,,制剂高端化、管线放量和现金流稳定后复核,round1轻量初筛（甾体制药；niche待验证+ADR-0006）,2026-06-29T10:45:55Z,a-share-selection-operation-v10
002334,英威腾,boundary_pending,变频器、UPS和工控产品矩阵较全，但汇川/外资等强竞争，差异化和定价权不足,,,,海外收入、毛利率和现金流持续领先后复核,round1轻量初筛（工控/UPS；既有深度复核+ADR-0006）,2026-06-29T10:45:55Z,a-share-selection-operation-v10
002335,科华数据,worth_attention,UPS/数据中心电源和储能电源平台，AIDC供配电客户认证、可靠性和交付经验形成阶段性壁垒,数据中心电源可靠性、客户认证、工程交付和UPS技术积累不能短期完全复制；需跟踪竞争扩散,,,,round1轻量初筛（AIDC电源/UPS；既有深度复核+ADR-0006）,2026-06-29T10:45:55Z,a-share-selection-operation-v10
002338,奥普光电,worth_attention,光机电精密仪器和军工光电测控平台，长光所背景、精密制造和军工客户认证形成高壁垒,高端光机电设计、军工可靠性验证、科研体系和客户关系资金难以快速复制,,,,round1轻量初筛（军工光电仪器；既有深度复核+ADR-0006）,2026-06-29T10:45:55Z,a-share-selection-operation-v10
002340,格林美,boundary_pending,电池回收、镍钴资源和高镍前驱体有产业位置，但不是锂/镍资源垄断，前驱体和回收利润仍受金属价格、加工费和产能竞争约束,,,,超高镍客户持续放量、回收闭环毛利和现金流穿越周期，或形成难复制资源/渠道优势后复核,round1轻量初筛（既有深度复核；电池回收/前驱体L3但非资源垄断）,2026-06-29T11:00:36Z,a-share-selection-operation-v10
002352,顺丰控股,worth_attention,中国稀缺直营时效物流和综合供应链平台，品牌、服务标准、航空/干支线网络和履约体系构成物流行业差异化壁垒,直营网络、航空资源、仓配干支线协同、品牌心智和服务质量体系需要长期资本开支与组织能力沉淀，资金难以短期复制,,,,round1轻量初筛（既有深度复核；年报/季报/国金证券研报摘要）,2026-06-29T11:00:36Z,a-share-selection-operation-v10
002364,中恒电气,boundary_pending,HVDC和数据中心电源有工程壁垒，但相对科华、科士达等同业尚未证明压倒性优势，电源系统仍存在资金和工程团队进入可能,,,,获得明确AIDC大客户订单、海外订单持续放量且毛利率/现金流验证后复核,round1轻量初筛（既有深度复核；HVDC/AIDC电源L3）,2026-06-29T11:00:36Z,a-share-selection-operation-v10
002367,康力电梯,boundary_pending,电梯制造和维保有品牌与服务网络，但行业成熟、地产相关且竞争者众多，资本复制难度不足以进入值得关注池,,,,旧改/维保业务显著提高利润占比，或形成差异化高端产品/服务网络后复核,round1轻量初筛（既有深度复核；旧L5不纳入观察）,2026-06-29T11:00:36Z,a-share-selection-operation-v10
002371,北方华创,worth_attention,半导体设备国产化核心平台，刻蚀、薄膜沉积、清洗等多品类设备验证和客户覆盖形成系统性高壁垒,半导体设备工艺know-how、可靠性迭代、客户验证和供应链协同周期极长，不是单纯资金投入可快速复制,,,,round1轻量初筛（既有深度复核；年报/季报/交银国际研报摘要）,2026-06-29T11:00:36Z,a-share-selection-operation-v10
002376,新北洋,boundary_pending,金融IT、物流自动化和专用打印设备产品线较多，但平台壁垒一般，细分设备可替代性较强,,,,海外或物流自动化业务形成持续高毛利订单，并证明客户粘性和规模优势后复核,round1轻量初筛（既有深度复核；专用设备L4）,2026-06-29T11:00:36Z,a-share-selection-operation-v10
002378,章源钨业,boundary_pending,钨资源和深加工一体化有一定稀缺性，但规模、成本曲线和全球垄断地位弱于顶级资源龙头，暂作资源边界案例,,,,储量/成本/产能或高端刀具份额证明其在钨产业链具备难复制优势后复核,round1轻量初筛（既有深度复核；钨资源L3边界）,2026-06-29T11:00:36Z,a-share-selection-operation-v10
002383,合众思壮,boundary_pending,北斗/GNSS业务有技术基础，但历史经营、治理和盈利质量风险较高，且相对华测导航等更清晰平台优势不足,,,,治理风险消除、现金流改善并在高精度定位核心业务形成稳定利润后复核,round1轻量初筛（既有深度复核；旧L5不纳入观察，未按garbage冻结）,2026-06-29T11:00:36Z,a-share-selection-operation-v10
002384,东山精密,worth_attention,FPC、精密制造、AI PCB和光模块制造平台具备客户认证、良率、交付和资本开支壁垒，受益AI硬件链条,高端FPC/AI PCB/光模块制造需要长期大客户认证、良率爬坡、工艺管理和交付能力，资金进入难以快速替代头部供应商,,,,round1轻量初筛（既有深度复核；年报/季报/开源证券研报摘要）,2026-06-29T11:00:36Z,a-share-selection-operation-v10
002396,星网锐捷,boundary_pending,网络通信设备、数据中心交换机和支付终端有政企渠道与设备研发积累，但规模、生态和议价力弱于新华三/华为等平台,,,,AI数据中心交换机订单和利润占比显著提升，或形成不可替代细分网络设备地位后复核,round1轻量初筛（既有深度复核；网络设备L3边界）,2026-06-29T11:00:36Z,a-share-selection-operation-v10
002405,四维图新,boundary_pending,高精地图和智能驾驶软件有数据与客户基础，但商业化、盈利能力和相对德赛西威等平台的差异化仍不清晰,,,,智驾软件/地图数据业务出现持续收入和现金流验证，或车企客户规模化绑定后复核,round1轻量初筛（既有深度复核；地图/智驾软件L4）,2026-06-29T11:00:36Z,a-share-selection-operation-v10
002406,远东传动,boundary_pending,传动轴零部件业务客户基础存在，但产品可替代性强，汽车零部件配套属性难证明持久护城河,,,,新能源零部件形成高壁垒客户认证和利润占比，或行业格局显著改善后复核,round1轻量初筛（既有深度复核；汽车零部件L4）,2026-06-29T11:00:36Z,a-share-selection-operation-v10
002409,雅克科技,worth_attention,半导体前驱体、电子材料和LNG保温材料处于关键材料环节，客户认证、配方工艺和产业化经验形成壁垒,电子材料/前驱体材料需要长期晶圆厂验证、配方know-how和稳定量产记录，资金难以短期复制客户信任与良率,,,,round1轻量初筛（既有深度复核；年报/季报/中银国际研报摘要）,2026-06-29T11:00:36Z,a-share-selection-operation-v10
002410,广联达,worth_attention,建筑造价与工程数字化垂直软件龙头，存量客户、行业数据、工作流嵌入和软件迁移成本构成可研究护城河,垂直软件生态、历史数据、行业标准适配和客户工作流粘性需要长期沉淀，资金不能快速买出同等替代地位,,,,round1轻量初筛（既有深度复核；建筑信息化软件落难龙头）,2026-06-29T11:00:36Z,a-share-selection-operation-v10
002414,高德红外,worth_attention,红外探测器、热成像产品和高端光电/先进装备系统平台，军工资质、芯片/系统集成和客户认证形成高壁垒,红外芯片、算法、系统集成、军工资质和装备客户验证均需长期积累，资金难以短期复制完整链条,,,,round1轻量初筛（既有深度复核；年报/季报/太平洋证券研报摘要）,2026-06-29T11:00:36Z,a-share-selection-operation-v10
002415,海康威视,worth_attention,全球视频安防和AIoT龙头，渠道、算法、硬件供应链、行业解决方案和装机基础构成规模壁垒,全球渠道、海量行业场景、视觉AI算法、硬件平台和售后交付体系需要长期复合投入，资金难以快速复制,,,,round1轻量初筛（既有深度复核；年报/季报/国信证券研报摘要）,2026-06-29T11:00:36Z,a-share-selection-operation-v10
002422,科伦药业,worth_attention,大输液主业现金流、规模渠道和创新药/ADC管线形成复合医药平台，传统业务与创新商业化均有可研究价值,输液规模渠道、生产体系、管线研发、临床推进和海外授权合作需要多年积累，不易被资金快速复制,,,,round1轻量初筛（既有深度复核；年报/季报/东海证券研报摘要）,2026-06-29T11:00:36Z,a-share-selection-operation-v10
002429,兆驰股份,boundary_pending,LED产业链和视听制造规模存在，但整体仍偏制造与成本效率，LED/ODM产能可复制，光通信业务尚未证明瓶颈地位,,,,光通信或Mini/Micro LED业务形成明确客户认证、收入占比和高毛利后复核,round1轻量初筛（既有深度复核；LED/制造平台L4）,2026-06-29T11:00:36Z,a-share-selection-operation-v10
002430,杭氧股份,worth_attention,国内空分设备和工业气体运营龙头，设备工程经验、现场供气客户粘性和长期项目运营相互强化,大型空分设备、工程项目经验、现场制气长约和客户安全可靠性验证需要长期积累，资金难以短期复制综合地位,,,,round1轻量初筛（工业气体校准；既有深度复核/国金证券研报摘要）,2026-06-29T11:00:36Z,a-share-selection-operation-v10
002438,江苏神通,worth_attention,核电阀门、冶金特种阀门和苛刻工况阀门具备资质、工况经验、客户认证和长期运行数据壁垒,核级和苛刻工况阀门需要资质认证、可靠性记录和客户工况经验，资金不能快速建立同等信任,,,,round1轻量初筛（既有深度复核；年报/季报/国元证券研报摘要）,2026-06-29T11:00:36Z,a-share-selection-operation-v10
002444,巨星科技,boundary_pending,工具出口公司具备渠道和供应链能力，但手工具/工具出口整体技术壁垒有限，品牌和渠道不足以证明不可替代,,,,自有品牌、高端工具或机器人业务形成持续高毛利和不可替代渠道后复核,round1轻量初筛（既有深度复核；工具出口L4）,2026-06-29T11:00:36Z,a-share-selection-operation-v10
002449,国星光电,boundary_pending,LED封装有规模和客户基础，但行业供给充分、价格竞争明显，Mini/Micro LED尚未证明强瓶颈,,,,Mini/Micro LED形成稳定高毛利、核心客户验证和难复制工艺地位后复核,round1轻量初筛（既有深度复核；LED封装L4）,2026-06-29T11:00:36Z,a-share-selection-operation-v10
002452,长高电新,boundary_pending,输变电设备和电网投资链条有资质门槛，但规模和统治力弱于平高电气、中国西电等更强龙头,,,,高压/配网新产品订单持续超预期且毛利率、应收改善，证明细分不可替代地位后复核,round1轻量初筛（既有深度复核；输变电设备L3边界）,2026-06-29T11:00:36Z,a-share-selection-operation-v10
002459,晶澳科技,boundary_pending,光伏组件出货领先，但组件环节同质化和产能过剩严重，资本周期压倒护城河，缺少清晰差异化优势,,,,行业出清后公司在成本、海外产能、现金流和技术路线形成可持续优势后复核,round1轻量初筛（既有深度复核；光伏组件L4）,2026-06-29T11:00:36Z,a-share-selection-operation-v10
002460,赣锋锂业,worth_attention,全球锂资源权益和锂盐加工平台具备资源获取、项目管理、加工工艺和客户认证壁垒，属于锂资源核心观察对象,优质锂资源权益、全球项目开发、锂盐加工经验和客户认证长期积累，难以由资金短期复制完整一体化平台,,,,round1轻量初筛（既有深度复核；年报/季报/东吴证券研报摘要）,2026-06-29T11:00:36Z,a-share-selection-operation-v10
002461,珠江啤酒,boundary_pending,区域啤酒品牌和渠道有价值，但区域属性较强，啤酒总量增长与高端化空间有限，护城河强度弱于全国性消费品牌,,,,区域高端化持续提升吨价、现金流和份额，或证明全国化/结构升级能力后复核,round1轻量初筛（既有深度复核；区域啤酒L4）,2026-06-29T11:04:13Z,a-share-selection-operation-v10
002463,沪电股份,worth_attention,高端PCB与AI高速交换机PCB核心公司，客户认证、阻抗控制、良率管理和产能扩张能力构成AI硬件链条壁垒,高多层高速PCB需要材料体系、工艺窗口、良率、客户认证和批量交付经验，资金难以短期复制头部供应地位,,,,round1轻量初筛（既有深度复核；年报/季报/中邮证券研报摘要）,2026-06-29T11:04:13Z,a-share-selection-operation-v10
002465,海格通信,worth_attention,军工通信、北斗导航和无线通信设备具备军工资质、型号配套、客户验证和长期项目关系,军工资质、型号定型、可靠性验证、北斗通信技术和军工客户关系均需要长期沉淀，资金难以快速复制,,,,round1轻量初筛（既有深度复核；年报/季报/东吴证券研报摘要）,2026-06-29T11:04:13Z,a-share-selection-operation-v10
002466,天齐锂业,worth_attention,拥有优质锂资源权益和锂化工能力，资源禀赋和长期客户关系构成锂资源核心观察对象,顶级锂资源权益、开发经验、锂化工能力和客户关系无法由资金短期复制，但周期波动留待后续分层和估值折价,,,,round1轻量初筛（既有深度复核；年报/季报/东莞证券研报摘要）,2026-06-29T11:04:13Z,a-share-selection-operation-v10
002472,双环传动,worth_attention,精密齿轮和传动部件细分龙头，新能源车、机器人和工程机械客户认证、齿轮工艺与规模交付形成局部壁垒,高精密齿轮加工、NVH/可靠性验证、大客户认证和量产良率需要长期积累，资金难以快速替代头部供应商,,,,round1轻量初筛（既有深度复核；年报/季报/国元证券研报摘要）,2026-06-29T11:04:13Z,a-share-selection-operation-v10
002475,立讯精密,worth_attention,精密制造和消费电子/AI硬件平台，复杂供应链、快速爬坡、大客户认证和多品类制造能力形成强制造壁垒,大客户认证、复杂制程、供应链组织、快速量产和交付体系需要多年积累，资金不能短期复制同等平台能力,,,,round1轻量初筛（既有深度复核；年报/季报/招商国际研报摘要）,2026-06-29T11:04:13Z,a-share-selection-operation-v10
002484,江海股份,worth_attention,铝电解电容、薄膜电容和超级电容平台，材料工艺、产品谱系和客户认证形成关键电子元件niche壁垒,高可靠电容器材料、工艺、寿命验证和客户认证需要长期积累，资金难以快速复制稳定批量供货能力,,,,round1轻量初筛（既有深度复核；年报/季报/爱建证券研报摘要）,2026-06-29T11:04:13Z,a-share-selection-operation-v10
002487,大金重工,boundary_pending,风电塔筒和海工基础有基地与交付经验，但风电制造仍受招标价格、运力、项目节奏和资本开支周期影响，产能可复制性较强,,,,海外海工订单持续兑现、毛利率和现金流证明高壁垒基地/交付优势后复核,round1轻量初筛（既有深度复核；风塔/海工L4）,2026-06-29T11:04:13Z,a-share-selection-operation-v10
002507,涪陵榨菜,boundary_pending,榨菜细分品牌和现金流可看，但产品简单、品类空间有限，技术壁垒和资本复制难度不足以进入值得关注池,,,,新品类或渠道改革证明长期定价权和品类扩张能力后复核,round1轻量初筛（既有深度复核；严格消费品入口校准）,2026-06-29T11:04:13Z,a-share-selection-operation-v10
002508,老板电器,boundary_pending,厨电品牌和渠道有价值，但品类窄、地产链暴露高，技术壁垒和长期成长性弱于美的等全品类平台,,,,存量更新、新品类和分红回报同时验证，或形成全屋厨房平台优势后复核,round1轻量初筛（既有深度复核；厨电L4）,2026-06-29T11:04:13Z,a-share-selection-operation-v10
002515,金字火腿,boundary_pending,肉制品/火腿食品品牌区域性较强，行业进入门槛低、产品和渠道可复制，不符合严进宽出的值得关注标准,,,,品牌全国化、现金流和高端品类定价权被持续验证后复核,round1轻量初筛（既有深度复核；普通食品加工L5）,2026-06-29T11:04:13Z,a-share-selection-operation-v10
002516,旷达科技,boundary_pending,汽车内饰材料供应商较多，客户议价和价格竞争明显，主业难形成长期超额利润,,,,新材料业务形成高壁垒客户认证和利润占比，或主业竞争格局明显改善后复核,round1轻量初筛（既有深度复核；汽车内饰材料L5）,2026-06-29T11:04:13Z,a-share-selection-operation-v10
002517,恺英网络,boundary_pending,传奇类游戏和盒子生态带来现金流，但游戏业务依赖产品生命周期、版号和买量效率，难与平台型游戏公司相比,,,,多品类产品矩阵、长期IP运营和现金流稳定性被连续验证后复核,round1轻量初筛（既有深度复核；游戏公司L4）,2026-06-29T11:04:13Z,a-share-selection-operation-v10
002518,科士达,worth_attention,UPS、数据中心电源和储能PCS平台受益AIDC供电需求，客户认证、可靠性和订单交付构成阶段性壁垒,数据中心UPS/电源产品需要可靠性记录、客户认证、工程交付和售后体系，资金难以短期复制成熟客户信任,,,,round1轻量初筛（既有深度复核；年报/季报/东吴证券研报摘要）,2026-06-29T11:04:13Z,a-share-selection-operation-v10
002521,齐峰新材,boundary_pending,装饰原纸行业受地产和原材料周期影响，造纸产能和客户渠道可复制，缺少长期不可替代护城河,,,,高端特种纸或客户结构变化证明持续定价权和现金流质量后复核,round1轻量初筛（既有深度复核；装饰原纸L5）,2026-06-29T11:04:13Z,a-share-selection-operation-v10
002527,新时达,boundary_pending,工业机器人、伺服和电梯控制有技术积累，但历史经营波动大，竞争地位弱于汇川等控制平台,,,,海尔入主后订单、毛利率、机器人业务份额和现金流持续改善后复核,round1轻量初筛（既有深度复核；机器人/控制L4）,2026-06-29T11:04:13Z,a-share-selection-operation-v10
002531,天顺风能,boundary_pending,风塔和海工制造有规模与基地布局，但风电零部件议价权弱，产能和基地可被资本部分复制,,,,海外海工订单放量、毛利率改善和现金流验证基地/交付优势后复核,round1轻量初筛（既有深度复核；风塔L4）,2026-06-29T11:04:13Z,a-share-selection-operation-v10
002532,天山铝业,worth_attention,铝土矿、氧化铝、电解铝和电池铝箔一体化布局带来资源保障和成本优势，具备资源/周期龙头观察价值,资源权益、低成本能源/产能、一体化供应链和稀缺电解铝产能需要长期布局，资金难以快速复制完整成本优势,,,,round1轻量初筛（既有深度复核；铝资源/一体化成本优势L3）,2026-06-29T11:04:13Z,a-share-selection-operation-v10
002534,西子洁能,boundary_pending,余热锅炉和清洁能源装备有工程经验，但项目制造属性较强，缺少能源核心瓶颈地位和长期定价权,,,,节能/储能装备形成可复制订单、高毛利和核心客户验证后复核,round1轻量初筛（既有深度复核；清洁能源装备L4）,2026-06-29T11:04:13Z,a-share-selection-operation-v10
002544,普天科技,boundary_pending,通信网络、空天计算和信息化布局较广，但央企项目制系统集成属性强，业务复杂且回款/项目节奏不确定,,,,空天计算或通信核心产品形成标准化高毛利收入和明确卡位后复核,round1轻量初筛（既有深度复核；项目制通信信息化L4）,2026-06-29T11:04:13Z,a-share-selection-operation-v10
002546,新联电子,boundary_pending,电力仪表和采集终端有电网资质和客户关系，但可替代供应商较多，弱于电网自动化平台龙头,,,,智能电网终端订单、毛利率和应收改善，或形成差异化平台能力后复核,round1轻量初筛（既有深度复核；电力仪表L4）,2026-06-29T11:04:13Z,a-share-selection-operation-v10
002555,三七互娱,boundary_pending,游戏研发发行和SLG新品周期有弹性，但资金可购买流量和团队，产品生命周期与买量效率决定利润，护城河弱于腾讯/网易平台,,,,多款长期产品验证、买量效率改善且现金流/分红持续后复核,round1轻量初筛（既有深度复核；游戏公司L3但不进严选入口）,2026-06-29T11:04:13Z,a-share-selection-operation-v10
002557,洽洽食品,boundary_pending,瓜子坚果品牌和渠道有一定心智，但休闲食品竞争充分、技术壁垒低，定价权和复利空间不足,,,,坚果第二曲线、渠道效率和现金流持续验证后复核,round1轻量初筛（既有深度复核；休闲食品L4）,2026-06-29T11:04:13Z,a-share-selection-operation-v10
002558,巨人网络,boundary_pending,游戏IP和研发发行能力存在，但仍依赖爆款和版号周期，非平台型游戏公司，护城河稳定性不足,,,,高潜新游形成长期流水、产品矩阵和现金流稳定性后复核,round1轻量初筛（既有深度复核；游戏公司L4）,2026-06-29T11:04:13Z,a-share-selection-operation-v10
002563,森马服饰,boundary_pending,休闲服饰和童装品牌有规模，但服装零售低壁垒、替代性强，普通服饰品牌不适合长期观察,,,,童装品牌份额、库存周转和现金流持续改善并形成显著品牌优势后复核,round1轻量初筛（既有深度复核；普通服饰L5）,2026-06-29T11:04:13Z,a-share-selection-operation-v10
002568,百润股份,boundary_pending,预调酒品牌有认知度，但品类壁垒和消费粘性弱，渠道与营销可被大消费公司复制，未达到长期值得关注标准,,,,低度酒品类长期扩张、品牌定价权和现金流质量连续验证后复核,round1轻量初筛（既有深度复核；预调酒L5）,2026-06-29T11:07:36Z,a-share-selection-operation-v10
002572,索菲亚,boundary_pending,定制家居品牌和渠道有基础，但地产链需求下行，行业进入门槛不高，品牌/渠道不足以通过资本复制测试,,,,存量房/整家定制带来份额和现金流持续改善，且行业格局显著集中后复核,round1轻量初筛（既有深度复核；定制家居L4）,2026-06-29T11:07:36Z,a-share-selection-operation-v10
002583,海能达,boundary_pending,专网通信客户和协议有门槛，但护城河强度、诉讼/合规风险和经营质量不优于更强通信平台,,,,合规风险消除、海外订单和现金流稳定，并证明专网通信不可替代地位后复核,round1轻量初筛（既有深度复核；专网通信L4）,2026-06-29T11:07:36Z,a-share-selection-operation-v10
002594,比亚迪,worth_attention,新能源车、磷酸铁锂电池和三电垂直平台，刀片电池、DM混动、整车制造、供应链和渠道一体化构成顶级复合壁垒,资金难以复制比亚迪的电池、三电、整车、供应链、成本控制、渠道和工程量产体系的一体化优势,,,,round1轻量初筛（既有深度复核；年报/季报/开源证券研报摘要）,2026-06-29T11:07:36Z,a-share-selection-operation-v10
002595,豪迈科技,worth_attention,轮胎模具和大型机械零部件全球细分龙头，工艺、客户、装备自制和成本效率构成制造业niche高壁垒,轮胎模具工艺、客户粘性、自制装备、成本效率和全球交付记录需要长期积累，资金难以短期复制,,,,round1轻量初筛（既有深度复核；年报/季报/东吴证券研报摘要）,2026-06-29T11:07:36Z,a-share-selection-operation-v10
002602,世纪华通,boundary_pending,游戏公司受爆款周期、版号和买量效率影响，双爆款不等同于平台护城河，弱于腾讯/网易等平台型公司,,,,多产品矩阵和长周期IP运营证明现金流稳定性后复核,round1轻量初筛（既有深度复核；游戏L4）,2026-06-29T11:07:36Z,a-share-selection-operation-v10
002603,以岭药业,boundary_pending,中药核心产品有品牌与研发投入，但缺少片仔癀/云南白药级稀缺性，渠道和营销可复制，长期复利证据不足,,,,新产品循证、销售和现金流证明长期高ROIC且不可复制后复核,round1轻量初筛（既有深度复核；中药L5）,2026-06-29T11:07:36Z,a-share-selection-operation-v10
002606,大连电瓷,boundary_pending,电瓷绝缘子和特高压需求有认证壁垒，但细分较窄，低于平高/西电等核心输变电设备平台,,,,特高压中标份额、毛利率和回款持续改善，证明不可替代供应地位后复核,round1轻量初筛（既有深度复核；电瓷绝缘子L4）,2026-06-29T11:07:36Z,a-share-selection-operation-v10
002608,江苏国信,boundary_pending,区域能源和金融资产平台有稳定资产，但电力回报受电价、煤价和政策管制影响，资源/成本护城河弱,,,,资产注入、分红政策、煤电成本或区域能源回报显著改善后复核,round1轻量初筛（既有深度复核；基础设施/电力按规则9从严）,2026-06-29T11:07:36Z,a-share-selection-operation-v10
002612,朗姿股份,boundary_pending,服装和医美服务端均偏运营与品牌，医美门店可通过并购和开店复制，壁垒弱于上游产品型医美,,,,医美门店模型成熟并形成可持续高ROIC和品牌/医生资源壁垒后复核,round1轻量初筛（既有深度复核；服装+医美服务L5）,2026-06-29T11:07:36Z,a-share-selection-operation-v10
002624,完美世界,boundary_pending,游戏IP和研发有基础，但业务强hit-driven，缺少平台网络效应和稳定复利，弱于腾讯/网易,,,,新游形成长周期产品矩阵、流水和现金流稳定后复核,round1轻量初筛（既有深度复核；游戏L4）,2026-06-29T11:07:36Z,a-share-selection-operation-v10
002625,光启技术,worth_attention,超材料和尖端装备结构材料具备军工资质、材料设计、产能验证和特种应用稀缺性，虽透明度需跟踪但值得继续研究,军工资质、超材料设计、特种装备验证、生产工艺和客户应用场景需要长期积累，资金难以短期复制,,,,round1轻量初筛（既有深度复核；年报/季报/山西证券研报摘要）,2026-06-29T11:07:36Z,a-share-selection-operation-v10
002626,金达威,boundary_pending,保健品和维生素业务受营销、价格周期和产能影响，技术与品牌壁垒不足，低壁垒保健消费不进入观察池,,,,高壁垒原料或品牌产品形成持续高毛利和现金流后复核,round1轻量初筛（既有深度复核；保健品/维生素L5）,2026-06-29T11:07:36Z,a-share-selection-operation-v10
002632,道明光学,boundary_pending,反光材料基本盘稳定，石墨烯导热膜有期权，但材料环节可替代性较强，尚未证明关键瓶颈,,,,导热材料进入核心客户、收入和高毛利占比显著提升后复核,round1轻量初筛（既有深度复核；反光/导热材料L4）,2026-06-29T11:07:36Z,a-share-selection-operation-v10
002653,海思科,boundary_pending,创新转型药企具备麻醉/疼痛产品和管线，但规模、全球突破和平台化能力弱于恒瑞等创新药龙头，先待验证,,,,核心产品快速放量、管线持续成功且现金流改善后复核,round1轻量初筛（既有深度复核；创新药L3边界）,2026-06-29T11:07:36Z,a-share-selection-operation-v10
002675,东诚药业,worth_attention,核药和放射性药物具备牌照、短半衰期配送、医院准入、核素供应和研发管线壁垒，细分赛道稀缺,放射性药品资质、生产配送网络、医院准入、核素供应和临床管线不能被资金短期复制,,,,round1轻量初筛（既有深度复核；年报/季报/华鑫证券研报摘要）,2026-06-29T11:07:36Z,a-share-selection-operation-v10
002687,乔治白,boundary_pending,职业装客户渠道有积累，但服装制造和品牌壁垒有限，招投标竞争充分，不符合严选观察标准,,,,职业装客户粘性、现金流和品牌定价权持续改善后复核,round1轻量初筛（既有深度复核；职业装L5）,2026-06-29T11:07:36Z,a-share-selection-operation-v10
002690,美亚光电,worth_attention,色选机和口腔CBCT细分冠军，机器视觉、光电识别、医疗设备渠道和出口新品形成可研究niche壁垒,机器视觉算法、光电识别、口腔影像设备认证、渠道和客户长期使用记录需要积累，资金难以短期复制细分冠军地位,,,,round1轻量初筛（既有深度复核；年报/季报/中邮证券研报摘要）,2026-06-29T11:07:36Z,a-share-selection-operation-v10
002698,博实股份,worth_attention,石化后处理、工业机器人和特种机器人具备细分场景know-how、客户粘性和工程交付经验，属于细分装备可研究对象,石化自动化场景经验、客户工艺适配、特种机器人产品化和长期服务关系需要沉淀，资金难以快速替代,,,,round1轻量初筛（既有深度复核；石化后处理/特种机器人L3）,2026-06-29T11:07:36Z,a-share-selection-operation-v10
002706,良信股份,boundary_pending,中高端低压电器和固态断路器切入AIDC，但低压电器竞争充分，AIDC产品尚需订单和利润验证,,,,固态断路器/AIDC供配电订单、毛利率和客户认证持续验证后复核,round1轻量初筛（既有深度复核；低压电器L3边界）,2026-06-29T11:07:36Z,a-share-selection-operation-v10
002709,天赐材料,boundary_pending,电解液和锂电材料龙头有配方、客户认证和一体化成本优势，但行业产能过剩和价格竞争显示资金可进入,,,,新材料、海外客户或一体化成本优势推动毛利率穿越周期后复核,round1轻量初筛（既有深度复核；锂电材料L3边界）,2026-06-29T11:07:36Z,a-share-selection-operation-v10
002716,湖南白银,boundary_pending,白银和有色冶炼/资源属性带来价格弹性，但缺少紫金、锡业、北方稀土级资源和成本优势,,,,资源储量、成本曲线、产能或现金流证明其在贵金属链条具备难复制优势后复核,round1轻量初筛（既有深度复核；白银资源L4）,2026-06-29T11:07:36Z,a-share-selection-operation-v10
002724,海洋王,boundary_pending,工业/专业照明有细分客户积累，但产品和渠道壁垒不足，项目需求与价格竞争影响明显,,,,特殊照明场景形成高粘性客户、持续高毛利和现金流后复核,round1轻量初筛（既有深度复核；专业照明L5）,2026-06-29T11:07:36Z,a-share-selection-operation-v10
002727,一心堂,boundary_pending,区域连锁药房有门店网络，但医药零售竞争充分，医保政策和价格监管压制利润，资本可通过并购开店进入,,,,区域药房整合带来集中度、同店和现金流显著改善后复核,round1轻量初筛（既有深度复核；连锁药房L5）,2026-06-29T11:07:36Z,a-share-selection-operation-v10
002729,好利科技,boundary_pending,电路保护和保险丝产品有认证要求，但行业规模小、竞争可复制，弱于更强电子元件平台,,,,高端保护器件进入新能源/AI关键客户并形成持续高毛利后复核,round1轻量初筛（既有深度复核；电路保护L4）,2026-06-29T11:07:36Z,a-share-selection-operation-v10
