security_code,security_name,quality_tier,strategy_tag,valuation_tier,valuation_method,valuation_batch_id,current_price,total_market_cap_bn,pe_ttm,pb,valuation_model_inputs,normalized_valuation_used,normalized_profit_or_value,bull_case_assumption,bull_case_priced_in,core_valuation_eligible,valuation_reason,tracking_metrics,evidence_sources,decision_log_summary,valuation_reviewed_at,valuation_price_as_of,evidence_available_at
600519,贵州茅台,L1,A-DCF/现金流复利型,低估,A-DCF/现金流复利：预期年化收益=FCF收益率+保守增长+股息回购+估值修复,valuation_202607_b01,1204.98,1506.3,18.21,6.39,价1204.98/市值15063亿；PE-TTM 18.2（5年0.8%分位，min17.7/中位30.2）；PB6.39（0.8%分位）；FY2025归母823亿(-4.5%)，2026Q1营收+6.3%/归母+1.5%；一致预期26E 864亿/27E 911亿/28E 957亿(+5%左右)；75%分红承诺→股息率约4.1%；FCF收益率约5.3%(PCF18.9)；预期年化≈5.3%+3%保守增长+4.1%股息+2%修复≈14%,no,,白酒需求企稳、批价回升、国际化与直营结构升级重启双位数增长，27E利润950亿+×PE25x≈2.4万亿,否，当前18.2x仅隐含约0-3%永续增长，市场定价白酒长期萎缩,yes,PE-TTM 18.2处5年0.8%分位（历史区间底），PB同处底部。FY2025利润首次下滑-4.5%后2026Q1已回正(+1.5%，营收+6.3%)，一致预期恢复约5%增长。75%分红率承诺下股息率4.1%，加FCF收益率5.3%构成9%+的硬回报，预期年化约14%≥12%。市场已按长期萎缩定价，批价企稳即有预期差；bull case未定价。周期风险（批价/库存）已被极低估值分位覆盖。,飞天批价与渠道库存；季度营收增速（警戒：转负）；直营/系列酒占比；75%分红兑现；国际化收入,data/interim/valuation_evidence/600519.json;https://emweb.securities.eastmoney.com/PC_HSF10/ProfitForecast/PageAjax?code=SH600519;Eastmoney F10 MAINFINADATA/RPT_VALUEANALYSIS_DET/RPT_PUBLIC_OP_NEWPREDICT,PE-TTM 18.2处5年0.8%分位（历史区间底），PB同处底部。FY2025利润首次下滑-4.5%后2026Q1已回正(+1.5%，营收+6.3%)，一致预期恢复约5%增长。75%分红率承诺下股息率4.1%，加FCF收益率5.3%构成,2026-07-10,2026-07-10,2026-04-25
000333,美的集团,L1,A-DCF/现金流复利型,较低估,A-DCF/现金流复利：预期年化收益=FCF收益率+保守增长+股息回购+估值修复,valuation_202607_b01,78.99,601.4,13.61,2.91,价78.99/市值6014亿；PE-TTM 13.6（5年57.8%分位，中位13.4）；PB2.91（30.6%）；FY2025归母439.5亿(+14%)，2026Q1归母+2.0%但扣非-14%（国补退坡+出口扰动）；一致预期26E 470亿/27E 510亿(+7-8%)；分红率约65%+持续回购→股东回报约5%；FCF收益率约7%(PCF11.2)；预期年化≈7%+3%+5%+0%修复≈15%，但扣非下滑压低置信度,no,,ToB（库卡机器人/楼宇/新能源）第二曲线放量+海外OBM突破，27E利润530亿×PE16x≈8500亿,否，当前13.6x仅定价个位数增长,yes,预期年化名义约15%（FCF收益率7%+股息回购5%+保守增长3%），但2026Q1扣非-14%显示国补退坡后白电景气回落，全年增长需验证；PE处自身5年中位数附近（57.8%分位），非历史低位。质量与股东回报扎实、价格有吸引力，但存在业绩验证折扣，定较低估而非低估。,季度扣非增速回正；内销白电零售（国补退坡后）；海外OBM与ToB业务增速；回购注销进度,data/interim/valuation_evidence/000333.json;https://emweb.securities.eastmoney.com/PC_HSF10/ProfitForecast/PageAjax?code=SZ000333;Eastmoney F10 MAINFINADATA/RPT_VALUEANALYSIS_DET/RPT_PUBLIC_OP_NEWPREDICT,预期年化名义约15%（FCF收益率7%+股息回购5%+保守增长3%），但2026Q1扣非-14%显示国补退坡后白电景气回落，全年增长需验证；PE处自身5年中位数附近（57.8%分位），非历史低位。质量与股东回报扎实、价格有吸引力，但存在业绩,2026-07-10,2026-07-10,2026-04-30
603288,海天味业,L1,A-DCF/现金流复利型,较低估,A-DCF/现金流复利：预期年化收益=FCF收益率+保守增长+股息回购+估值修复,valuation_202607_b01,33.72,197.3,27.1,5.28,价33.72/市值1973亿；PE-TTM 27.1（5年0.7%分位，min26.1/中位38.9）；PB5.28（0.7%）；FY2025归母70.4亿(+11%)，2026Q1 +11%（连续4季+11-15%）；一致预期26E 78.7亿/27E 87.1亿(+11%)；股息率约2.3%（65%分红）；FCF收益率约3.9%(PCF25.5)；预期年化≈3.9%+7%保守增长+2.3%+0.5%≈13.5%,no,,餐饮需求全面修复+零添加/健康化产品结构升级+出海，27E利润90亿+×PE35x≈3150亿,否,yes,PE 27.1处5年最低分位（0.7%），增长已连续4个季度11-15%重新验证，一致预期26-28年约11%。但绝对估值27x下FCF收益率仅3.9%、股息率2.3%，硬回报偏薄，预期年化约13.5%处低估/较低估边界；调味品需求与餐饮景气仍有不确定性，按从严原则定较低估。,季度收入/利润增速维持双位数；餐饮渠道景气；毛利率维持42%上方；新品类（零添加/复调）占比,data/interim/valuation_evidence/603288.json;https://emweb.securities.eastmoney.com/PC_HSF10/ProfitForecast/PageAjax?code=SH603288;Eastmoney F10 MAINFINADATA/RPT_VALUEANALYSIS_DET/RPT_PUBLIC_OP_NEWPREDICT,PE 27.1处5年最低分位（0.7%），增长已连续4个季度11-15%重新验证，一致预期26-28年约11%。但绝对估值27x下FCF收益率仅3.9%、股息率2.3%，硬回报偏薄，预期年化约13.5%处低估/较低估边界；调味品需求与餐饮景,2026-07-10,2026-07-10,2026-04-28
603195,公牛集团,L1,A-DCF/现金流复利型,低估,A-DCF/现金流复利：预期年化收益=FCF收益率+保守增长+股息回购+估值修复,valuation_202607_b01,37.47,67.6,16.27,4.7,价37.47/市值676亿；PE-TTM 16.3（5年0.2%分位，即历史最低区，min16.3/中位25.9）；PB4.7（0.2%）；FY2025归母40.7亿(-4.7%，地产链拖累)，2026Q1归母+8.5%/扣非+15%重新加速；一致预期26E 42.8亿/27E 45.3亿(+5-6%)；分红率约70%→股息率4.2%；FCF收益率约7.5%(PCF13.4)；预期年化≈7.5%+3%+4.2%+2%修复≈16.7%,no,,民用电工需求回暖+新能源充电桩业务扭亏放量+国际化，27E利润48亿×PE22x≈1056亿,否，当前16.3x接近按零增长定价,yes,PE-TTM 16.3处5年0.2%分位（历史绝对低位）。FY2025受地产链拖累-4.7%后，2026Q1扣非+15%重新加速。FCF收益率7.5%+股息率4.2%合计近12%硬回报，加保守增长3%与温和修复，预期年化约16%≥12%。品类垄断（转换器/墙开70%+份额）现金牛属性未变，市场按持续衰退定价，预期差明确。,民用电工收入增速回正持续性；新能源业务减亏/毛利率；地产竣工链景气；70%分红维持,data/interim/valuation_evidence/603195.json;https://emweb.securities.eastmoney.com/PC_HSF10/ProfitForecast/PageAjax?code=SH603195;Eastmoney F10 MAINFINADATA/RPT_VALUEANALYSIS_DET/RPT_PUBLIC_OP_NEWPREDICT,PE-TTM 16.3处5年0.2%分位（历史绝对低位）。FY2025受地产链拖累-4.7%后，2026Q1扣非+15%重新加速。FCF收益率7.5%+股息率4.2%合计近12%硬回报，加保守增长3%与温和修复，预期年化约16%≥12%。品,2026-07-10,2026-07-10,2026-04-30
601899,紫金矿业,L1,F-垄断资源型,较低估,F-垄断资源：中枢商品价格正常化利润+中枢FCF收益率+NAV,valuation_202607_b01,27.72,737.1,11.95,3.89,价27.72/市值7371亿；PE-TTM 11.95（5年6.7%分位）；PB3.89（57.7%分位）；FY2025归母517.8亿(+61.5%)；今日(2026-07-10)H1'26预告：归母约391亿(+68%)/扣非约379亿(+75%)；一致预期26E 834亿(PE8.8x)/27E 988亿/28E 1134亿；量增：铜金产量2026-2028持续8-10%/年增长；中枢价格假设（金约$3000/oz、铜约$9000/t）下正常化利润约600-700亿（含27年量增），中枢PE约11x、中枢FCF收益率约7%（capex约300-350亿/年）,yes,中枢价格×2027年产量下正常化归母约600-700亿元,金价维持$4000+、铜价$10000+且产量兑现，27E利润近1000亿×PE12x≈1.2万亿,部分定价：8.8x前瞻PE隐含高金价延续，但未给量增和成本曲线充分溢价,yes,今日H1预告+68%坐实高景气，前瞻PE仅8.8x；但当前利润含明显金价周期溢价（金较2024中枢涨超60%），按中枢价格+2027产量正常化利润600-700亿计，中枢FCF收益率约7%落在较低估档（7-10%），PB3.89亦处5年中位上方而非底部。量增真实（铜金8-10%/年）、成本曲线优势稳固，给较低估而非中性；未达低估（需中枢FCF≥10%或市值≤NAV*70%）。,金/铜价格中枢；卡莫阿-卡库拉与巨龙爬坡进度；H1快报与预告偏差；单位成本控制；资本开支纪律,data/interim/valuation_evidence/601899.json;https://emweb.securities.eastmoney.com/PC_HSF10/ProfitForecast/PageAjax?code=SH601899;Eastmoney F10 MAINFINADATA/RPT_VALUEANALYSIS_DET/RPT_PUBLIC_OP_NEWPREDICT,今日H1预告+68%坐实高景气，前瞻PE仅8.8x；但当前利润含明显金价周期溢价（金较2024中枢涨超60%），按中枢价格+2027产量正常化利润600-700亿计，中枢FCF收益率约7%落在较低估档（7-10%），PB3.89亦处5年中位,2026-07-10,2026-07-10,2026-07-10
600900,长江电力,L1,G-股东回报型低估,中性,G-股东回报：PB/ROE匹配+股息率vs无风险利率,valuation_202607_b01,28.03,685.8,19.01,3.29,价28.03/市值6858亿；PE-TTM 19.0（5年25.8%分位）；PB3.29（56.9%分位）；ROE15.9%；FY2025归母345亿(+6.2%)，2026Q1 +30.5%（来水偏丰+投资收益，扣非+19.2%）；一致预期26E 357亿/27E 370亿/28E 380亿（约+3%/年）；70%+分红率→股息率约3.5%；无风险利率约1.7%；FCF收益率约7%（六库建成、capex低、财务费用下降通道）,no,,电价市场化上行+乌白电价重签+财务费用持续压降，利润增速升至5-6%且PE升至22x,大部分未定价，但当前19x已给足确定性溢价,yes,股息率约3.5%高于无风险利率约1.8pt、PB3.29对ROE15.9%未透支，股东回报清晰；但PE19x、PB处5年中位上方，股息率处自身历史偏低位，联调与财务费用红利已在盈利中兑现大半，长期增长仅2-3%。预期年化约6.5-7%（股息3.5%+增长3%），稳健但弹性有限，属估值大致合理，定中性。,来水与发电量；市场化电价方向；财务费用率；分红率是否上调；十四五末新注入资产可能性,data/interim/valuation_evidence/600900.json;https://emweb.securities.eastmoney.com/PC_HSF10/ProfitForecast/PageAjax?code=SH600900;Eastmoney F10 MAINFINADATA/RPT_VALUEANALYSIS_DET/RPT_PUBLIC_OP_NEWPREDICT,股息率约3.5%高于无风险利率约1.8pt、PB3.29对ROE15.9%未透支，股东回报清晰；但PE19x、PB处5年中位上方，股息率处自身历史偏低位，联调与财务费用红利已在盈利中兑现大半，长期增长仅2-3%。预期年化约6.5-7%（股息,2026-07-10,2026-07-10,2026-04-30
601088,中国神华,L1,F-垄断资源型,中性,F-垄断资源：中枢利润+中枢FCF收益率（一体化长协平滑）,valuation_202607_b01,42.04,911.8,17.68,1.99,价42.04/市值9118亿；PE-TTM 17.7（5年94.6%分位——利润下行而价格坚挺所致）；PB1.99（71%）；FY2025归母528.5亿(-5.3%，扣非-19.2%)，2026Q1 -10.7%；一致预期26E 579亿/27E 602亿；分红率约75%→股息率约4.3%；煤价2025-26下行至长协基准下方，神华长协+运输一体化平滑盈利；中枢利润约550-600亿→中枢PE约16x、中枢FCF收益率约5.5-6%（OCF约720亿-capex约350亿）,yes,长协平滑下中枢归母约550-600亿元,煤价回升至长协基准上方+新街矿区投产+杭锦能源注入，利润回600亿+且维持17x红利溢价,接近定价：当前17.7x已高于其历史中位11.6x，红利资金抱团已给足溢价,yes,PE-TTM 17.7处5年94.6%分位：盈利随煤价下行（FY2025扣非-19.2%、Q1'26 -10.7%）而股价因红利属性坚挺，估值被动抬升。按中枢利润550-600亿计中枢FCF收益率仅5.5-6%，低于较低估档（7-10%）门槛；股息率4.3%仍具吸引力且资产负债表极强，不构成高估（未依赖极端煤价），但已无安全边际折扣，定中性。,北港5500K煤价与长协履约；煤电联营利润贡献；新街矿区/集团注入进度；分红率维持75%；capex纪律,data/interim/valuation_evidence/601088.json;https://emweb.securities.eastmoney.com/PC_HSF10/ProfitForecast/PageAjax?code=SH601088;Eastmoney F10 MAINFINADATA/RPT_VALUEANALYSIS_DET/RPT_PUBLIC_OP_NEWPREDICT,PE-TTM 17.7处5年94.6%分位：盈利随煤价下行（FY2025扣非-19.2%、Q1'26 -10.7%）而股价因红利属性坚挺，估值被动抬升。按中枢利润550-600亿计中枢FCF收益率仅5.5-6%，低于较低估档（7-10%）门,2026-07-10,2026-07-10,2026-04-25
600938,中国海油,L1,F-垄断资源型,中性,F-垄断资源：中枢油价正常化利润+中枢FCF收益率,valuation_202607_b01,28.15,1338.0,10.73,1.6,价28.15（今日除息）/市值13380亿；PE-TTM 10.7（5年78.8%分位）；PB1.60（52.9%）；FY2025归母1220.8亿(-11.5%)，2026Q1 +7.1%（产量+成本管控对冲油价）；一致预期26E 1616亿(+32%，隐含油价明显回升，置信度存疑)/27E 1590亿；桶油成本约$28-29全球最低梯队；产量+6%/年；中枢Brent $70-75下正常化利润约1250-1400亿→中枢PE约10x；FCF收益率约5.6%（OCF约2058亿-capex约1300亿，capex含增产投入）；股息率约4%（除息日）,yes,中枢Brent $70-75×2026产量下正常化归母约1250-1400亿元,油价中枢上移至$85+且产量指引超额兑现，27E利润1700亿×12x≈2万亿,否，但当前PE分位（78.8%）显示红利溢价已计入大半确定性,yes,当前油价接近中枢假设，正常化利润1250-1400亿对应中枢PE约10x、全口径FCF收益率约5.6%（capex高强度支撑产量+6%/年），低于较低估档。股息率约4%+产量增长提供约10%年化回报底盘，成本曲线全球最低梯队；但PE/PB均处自身中位上方，无中枢折扣，26E一致预期+32%隐含的油价回升不可依赖。定中性。,Brent中枢与实现价差；产量指引（2026约810-830mmboe）兑现；桶油成本；特别股息与分红率；圭亚那/深海项目进度,data/interim/valuation_evidence/600938.json;https://emweb.securities.eastmoney.com/PC_HSF10/ProfitForecast/PageAjax?code=SH600938;Eastmoney F10 MAINFINADATA/RPT_VALUEANALYSIS_DET/RPT_PUBLIC_OP_NEWPREDICT,当前油价接近中枢假设，正常化利润1250-1400亿对应中枢PE约10x、全口径FCF收益率约5.6%（capex高强度支撑产量+6%/年），低于较低估档。股息率约4%+产量增长提供约10%年化回报底盘，成本曲线全球最低梯队；但PE/PB均,2026-07-10,2026-07-10,2026-04-29
300308,中际旭创,L1,D-产业链爆发/关键瓶颈型,可接受较高估,D-产业链爆发：未来2-3年正常化净利润×合理PE，三张票验证,valuation_202607_b01,1093.98,1220.0,81.61,35.22,价1093.98（今日-8.45%）/市值12200亿；PE-TTM 81.6（5年93.8%分位）；PB35.2（97.4%）；FY2025归母108亿(+108.8%)，2026Q1单季57.3亿(+262%)，TTM约149.5亿；一致预期26E 302亿(PE40x)/27E 532亿(22.9x)/28E 777亿(15.7x)且持续上修；三张票：需求（AI算力capex+1.6T放量）✓、瓶颈（全球光模块双龙头、1.6T份额领先、硅光自研）✓、利润（Q1净利率32.4%、ROE43.8%）✓；bull case合理市值≈27E 532亿×22x≈1.17万亿，当前/bull≈104%,yes,未来2-3年（2027）正常化归母按一致预期口径约450-530亿元,北美+主权AI capex持续翻倍后维持，1.6T/3.2T量价兑现，27E归母532亿×PE22x≈1.17万亿,接近定价：当前市值约为bull case 2027合理市值的104%，处100-120%可接受较高估区间,yes,三张票全部验证（需求/瓶颈/利润），2026Q1单季+262%、盈利预测持续大幅上修（26E从年初约250亿升至302亿）。但当前市值1.22万亿已达bull case 2027合理市值（532亿×22x）的约104%，处于100-120%档且依赖AI capex持续扩张不减速；PB35x处历史97%分位。按D档标准定可接受较高估（100-120%且盈利预测仍在上修），L1可入池但操作上须右侧信号+上修持续双确认。,北美四大云厂capex指引；1.6T出货量与ASP；新易盛/Coherent份额变化；CPO技术路线进展；26/27E一致预期方向（下修即触发复核）,data/interim/valuation_evidence/300308.json;https://emweb.securities.eastmoney.com/PC_HSF10/ProfitForecast/PageAjax?code=SZ300308;Eastmoney F10 MAINFINADATA/RPT_VALUEANALYSIS_DET/RPT_PUBLIC_OP_NEWPREDICT,三张票全部验证（需求/瓶颈/利润），2026Q1单季+262%、盈利预测持续大幅上修（26E从年初约250亿升至302亿）。但当前市值1.22万亿已达bull case 2027合理市值（532亿×22x）的约104%，处于100-120%,2026-07-10,2026-07-10,2026-04-17
002371,北方华创,L1,D-产业链爆发/关键瓶颈型,高估,D-产业链爆发：未来2-3年正常化净利润×合理PE，三张票验证,valuation_202607_b01,801,581.3,104.25,15,价801（今日-8.81%）/市值5813亿；PE-TTM 104（5年73.8%分位）；PB15（87.8%）；FY2025营收+30.9%但归母55.2亿(-1.8%)、净利率19%→13.7%大幅压缩；2026Q1营收+25.8%/归母仅+3.4%，利润率未见底；一致预期26E 74.3亿(78.5x)/27E 103.5亿(56.3x)/28E 135.8亿(42.8x)，且2025实绩大幅低于一年前预期（利润票失效中）；正常化2028利润约120-135亿×合理PE 35-40x≈4200-5400亿，当前市值5813亿≈bull case 2028的108-138%,yes,2028正常化归母约120-135亿元（净利率修复至16-17%假设）,国产替代+先进制程扩产使28E利润136亿+且净利率回升至18%+，×PE40x≈5400-6100亿,是：当前市值已达bull case 2028合理市值上限附近，2-3年窗口（2027）口径超过120%,no,三张票中利润票失效：FY2025营收+31%但归母-1.8%，净利率由19%滑至13.7%，2026Q1（+3.4%）仍未见底，2025实绩较一年前一致预期大幅miss、预测方向是下修而非上修。当前5813亿市值已达2027一致预期利润×40x的约140%、2028 bull case的108%+，透支2-3年窗口。平台地位与国产替代逻辑不变（质量结论不受影响），但估值已计入极端乐观利润率修复，定高估，不入池。,毛利率/净利率拐点（复核触发）；26E一致预期方向；先进制程设备订单与验收节奏；存货减值与费用率,data/interim/valuation_evidence/002371.json;https://emweb.securities.eastmoney.com/PC_HSF10/ProfitForecast/PageAjax?code=SZ002371;Eastmoney F10 MAINFINADATA/RPT_VALUEANALYSIS_DET/RPT_PUBLIC_OP_NEWPREDICT,三张票中利润票失效：FY2025营收+31%但归母-1.8%，净利率由19%滑至13.7%，2026Q1（+3.4%）仍未见底，2025实绩较一年前一致预期大幅miss、预测方向是下修而非上修。当前5813亿市值已达2027一致预期利润×4,2026-07-10,2026-07-10,2026-04-30
688012,中微公司,L1,D-产业链爆发/关键瓶颈型,高估,D-产业链爆发：未来2-3年正常化净利润×合理PE，三张票验证,valuation_202607_b02,434.51,416.2,152.51,15.13,价434.51（今日-7.86%）/市值4162亿；PE-TTM 152.5（5年96.5%分位）；PB15.1（99%分位）；FY2025归母21.1亿(+30.7%，扣非仅+11.6%)；2026Q1归母+197%但扣非仅+60%，非经常项（补助/公允价值）占比大；净利率16.7%结构性偏低（高研发投入）；一致预期26E 31.1亿(PE133.7x)/27E 42.3亿(98.5x)/28E 54.3亿(76.7x)；bull case 2028：54.3亿×55x≈2990亿，当前市值/bull≈139%,yes,2028正常化归母约50-55亿元（一致预期口径）,刻蚀+薄膜平台化份额提升、先进制程扩产超预期，28E归母54亿+×PE55x≈3000亿,是：当前市值已达bull case 2028合理市值的约139%,no,需求票与瓶颈票成立（刻蚀国产龙头、平台化扩张），但利润票弱：FY2025扣非仅+11.6%、2026Q1扣非+60%中非经常项贡献大，净利率16.7%显著低于设备同业成熟水平。当前市值4162亿已达2028一致预期利润×55x的约139%，PE-TTM 152x/PB15.1处5年96-99%分位，须依赖2029年以后的持续高增长才能消化，定高估，不入池。质量分层L1不受影响。,扣非净利率拐点；26E一致预期方向；先进制程刻蚀订单；LPCVD/EPI新品放量；估值分位回落,data/interim/valuation_evidence/688012.json;https://emweb.securities.eastmoney.com/PC_HSF10/ProfitForecast/PageAjax?code=SH688012;Eastmoney F10 MAINFINADATA/RPT_VALUEANALYSIS_DET/RPT_PUBLIC_OP_NEWPREDICT,需求票与瓶颈票成立（刻蚀国产龙头、平台化扩张），但利润票弱：FY2025扣非仅+11.6%、2026Q1扣非+60%中非经常项贡献大，净利率16.7%显著低于设备同业成熟水平。当前市值4162亿已达2028一致预期利润×55x的约139%，,2026-07-10,2026-07-10,2026-04-28
688981,中芯国际,L1,D-产业链爆发/关键瓶颈型,高估,D-产业链爆发：未来2-3年正常化净利润×合理PE+PB交叉验证,valuation_202607_b02,163.02,1395.6,276.6,9.32,价163.02（今日-5.77%）/A股口径市值13956亿（A价×总股本，H股有折价）；PE-TTM 276.6（5年99.9%分位）；PB9.32（99.9%分位，5年中位仅3.6）；FY2025归母50.4亿(+36.3%)；2026Q1归母13.6亿(+0.4%)增长停滞（折旧+扩产压制）；一致预期26E 64.8亿(215x)/27E 79.2亿(176x)/28E 93.8亿(148.8x)；bull case 2028：93.8亿×60x≈5630亿，当前市值/bull≈248%,yes,2028正常化归母约94亿元（一致预期口径）,先进制程产能翻倍+国产AI芯片全部转单中芯+成熟制程价格回升，28E归母94亿×60x≈5630亿,是：当前市值为bull case 2028的约2.5倍，已计入远超2-3年窗口的国产算力叙事,no,战略稀缺性（先进制程国产唯一）真实，但代工重资产模式下利润兑现慢：2026Q1归母仅+0.4%，折旧与扩产开支持续压制。PE-TTM 276x、PB9.32均处5年99.9%分位（PB为历史中位的2.6倍），当前A股口径市值达2028一致预期利润×60x的约2.5倍，需要极端假设才能支撑，属'极端bull case已被定价'的典型，定高估，不入池。,先进制程产能与良率进展；国产AI芯片订单转化；毛利率（21.5%）走向；PB分位回落；H/A折价变化,data/interim/valuation_evidence/688981.json;https://emweb.securities.eastmoney.com/PC_HSF10/ProfitForecast/PageAjax?code=SH688981;Eastmoney F10 MAINFINADATA/RPT_VALUEANALYSIS_DET/RPT_PUBLIC_OP_NEWPREDICT,战略稀缺性（先进制程国产唯一）真实，但代工重资产模式下利润兑现慢：2026Q1归母仅+0.4%，折旧与扩产开支持续压制。PE-TTM 276x、PB9.32均处5年99.9%分位（PB为历史中位的2.6倍），当前A股口径市值达2028一致预,2026-07-10,2026-07-10,2026-05-15
688041,海光信息,L1,D-产业链爆发/关键瓶颈型,高估,D-产业链爆发：未来2-3年正常化净利润×合理PE，三张票验证,valuation_202607_b02,353,820.5,300.98,35.44,价353（今日-2.88%）/市值8205亿；PE-TTM 301（5年99.6%分位）；PB35.4（99.6%）；FY2025归母25.4亿(+31.8%)，收入+56.9%但净利率由29.7%降至25.2%；2026Q1归母+35.8%（2/26预告口径+22.6~42.3%）；一致预期26E 44.9亿(PE182.8x)/27E 66.8亿(122.8x)/28E 90.7亿(90.5x)；bull case 2028：90.7亿×70x≈6350亿，当前市值/bull≈129%,yes,2028正常化归母约90亿元（一致预期口径）,国产CPU+DCU双卡位下AI算力订单爆发，28E归母91亿×PE70x≈6350亿,是：当前市值已达bull case 2028合理市值的约129%,no,需求票（国产算力）与瓶颈票（CPU/DCU双稀缺）成立，收入+57%高增，但当前市值8205亿已达2028一致预期利润×70x的约129%，PE-TTM 301x/PB35.4处5年99.6%分位；且FY2025净利率由29.7%降至25.2%，利润弹性弱于收入弹性。透支2-3年窗口之外，定高估，不入池。质量分层L1不受影响。,DCU新品（深算系列）放量与生态；净利率走向；26/27E一致预期方向；与曙光吸并整合进展；估值分位回落,data/interim/valuation_evidence/688041.json;https://emweb.securities.eastmoney.com/PC_HSF10/ProfitForecast/PageAjax?code=SH688041;Eastmoney F10 MAINFINADATA/RPT_VALUEANALYSIS_DET/RPT_PUBLIC_OP_NEWPREDICT,需求票（国产算力）与瓶颈票（CPU/DCU双稀缺）成立，收入+57%高增，但当前市值8205亿已达2028一致预期利润×70x的约129%，PE-TTM 301x/PB35.4处5年99.6%分位；且FY2025净利率由29.7%降至25.,2026-07-10,2026-07-10,2026-04-08
688008,澜起科技,L1,D-产业链爆发/关键瓶颈型,高估,D-产业链爆发：未来2-3年正常化净利润×合理PE，三张票验证,valuation_202607_b02,268.06,327.2,127.92,15.7,价268.06（今日-6.21%）/市值3272亿；PE-TTM 127.9（5年96.8%分位）；PB15.7（98.3%）；FY2025归母22.4亿(+58.4%)，但2026Q1收入+19.5%明显减速（FY25为+49.9%），Q1扣非仅+20.1%（归母+61.3%含公允价值/利息收益）；一致预期26E 32.8亿(99.7x)/27E 43.8亿(74.7x)/28E 57.2亿(57.2x)；Q1年化扣非约24-26亿显著低于26E一致预期，预测面临下修而非上修；bull case 2028：57.2亿×50x≈2860亿，当前市值/bull≈114%,yes,2028正常化归母约57亿元（一致预期口径，存在下修风险）,DDR5渗透+MRCD/MDB+PCIe Retimer三线放量，28E归母57亿×PE50x≈2860亿,是：当前市值为bull case 2028的约114%，且Q1减速使'盈利预测持续上修'条件不成立,no,内存接口双寡头地位与DDR5逻辑真实，但2026Q1收入增速降至+19.5%（上年全年+49.9%）、扣非仅+20.1%，Q1年化扣非明显低于26E一致预期，预测方向偏下修。当前市值3272亿处bull case 2028合理市值的114%：虽落在100-120%区间，但D档'可接受较高估'要求盈利预测持续上修，该条件不满足，按档位表降为高估，不入池。PE/PB处5年97-98%分位。,季度收入增速（回升至30%+触发复核）；PCIe Retimer/MDB放量；26E一致预期方向；DDR5渗透率；扣非与归母口径差,data/interim/valuation_evidence/688008.json;https://emweb.securities.eastmoney.com/PC_HSF10/ProfitForecast/PageAjax?code=SH688008;Eastmoney F10 MAINFINADATA/RPT_VALUEANALYSIS_DET/RPT_PUBLIC_OP_NEWPREDICT,内存接口双寡头地位与DDR5逻辑真实，但2026Q1收入增速降至+19.5%（上年全年+49.9%）、扣非仅+20.1%，Q1年化扣非明显低于26E一致预期，预测方向偏下修。当前市值3272亿处bull case 2028合理市值的114%,2026-07-10,2026-07-10,2026-04-28
688111,金山办公,L1,C-GARP成长型,可接受较高估,C-GARP：归一化PEG（Q1一次性收益剔除）,valuation_202607_b02,233.76,108.5,29.89,7.41,价233.76/市值1085亿；表观PE-TTM 29.9严重失真：2026Q1归母22.0亿(+445%)、净利率136%>100%，存在重大非营业性收益（预告口径扣非亦+413-485%，疑含权益法/一次性项目，构成待年报核验），必须归一化；经营性口径：FY2025归母18.4亿(+11.6%)，Q1'26收入+24.0%（连续两季加速，FY25为+15.8%）；归一化2026经营性归母约22-23亿(+20-25%)→归一化PE约48x；归一化PEG≈48/22≈2.0-2.2；一致预期26E 25.3亿/27E 26.2亿/28E 31.3亿；PE/PB处自身5年2%分位（信创泡沫后深度消化）,yes,2026经营性归母约22-23亿元（剔除Q1一次性收益）,WPS AI订阅ARPU提升+信创第二波放量，2027经营性归母35亿×PE45x≈1575亿,否：一次性收益使表观PE失真偏低，但归一化后估值仍处自身历史极低分位，bull case未充分定价,yes,Q1归母22亿（净利率136%）含重大一次性收益，表观PE 29.9x不可用，归一化经营口径PE约48x。收入增速连续两季加速（+15.8%→+24.0%）、WPS AI与信创第二波构成明确催化，盈利预测上修方向确立，归一化PEG约2.0-2.2处可接受较高估边界；PE分位仅为自身5年2%（中位94x）提供下行缓冲。定可接受较高估（L1需盈利上修+催化——满足），入池但操作须右侧+上修双确认。,Q1一次性收益构成核验（中报明细，若为经常性需重评上调）；WPS 365/AI订阅收入与ARPU；信创订单；季度收入增速維持20%+；26E一致预期方向,data/interim/valuation_evidence/688111.json;https://emweb.securities.eastmoney.com/PC_HSF10/ProfitForecast/PageAjax?code=SH688111;Eastmoney F10 MAINFINADATA/RPT_VALUEANALYSIS_DET/RPT_PUBLIC_OP_NEWPREDICT,Q1归母22亿（净利率136%）含重大一次性收益，表观PE 29.9x不可用，归一化经营口径PE约48x。收入增速连续两季加速（+15.8%→+24.0%）、WPS AI与信创第二波构成明确催化，盈利预测上修方向确立，归一化PEG约2.0-,2026-07-10,2026-07-10,2026-04-24
600036,招商银行,L1,G-股东回报型低估,低估,G-股东回报：PB/ROE匹配+股息率vs无风险利率,valuation_202607_b02,36.88,930.1,6.17,0.84,价36.88（今日除息）/A股口径市值9301亿；PE-TTM 6.17；PB0.84（5年4.6%分位，中位1.0）；ROE13.4%；FY2025归母1501.8亿(+1.2%)，2026Q1 +1.5%、营收+3.8%回暖；一致预期26E 1543亿/27E 1609亿(约+3%)；分红率约35%→股息率约5.6%，为无风险利率(约1.7%)的3倍以上；PB/ROE：0.84倍PB对13.4%ROE，隐含股东回报率约16%，未透支,no,,净息差企稳+财富管理收入随权益市场回暖，ROE维持13%+，PB修复至1.1x≈1.2万亿,否：0.84x PB仍按ROE持续下行定价,yes,股息率约5.6%显著高于无风险利率（3倍+），PB0.84处5年4.6%分位、对13.4%的ROE未透支，完全满足G档低估标准。FY2025利润+1.2%、2026Q1营收+3.8%/利润+1.5%显示基本面企稳回暖，零售franchise（低成本存款+财富管理）为rule-11唯一档银行。修复至1.0-1.1x PB即有20-30%空间，下行由股息率托底，赔率充分。,净息差走向；零售信贷资产质量（不良/关注率）；财富管理中收增速；分红率是否上调；PB分位,data/interim/valuation_evidence/600036.json;https://emweb.securities.eastmoney.com/PC_HSF10/ProfitForecast/PageAjax?code=SH600036;Eastmoney F10 MAINFINADATA/RPT_VALUEANALYSIS_DET/RPT_PUBLIC_OP_NEWPREDICT,股息率约5.6%显著高于无风险利率（3倍+），PB0.84处5年4.6%分位、对13.4%的ROE未透支，完全满足G档低估标准。FY2025利润+1.2%、2026Q1营收+3.8%/利润+1.5%显示基本面企稳回暖，零售franchise,2026-07-10,2026-07-10,2026-04-29
300059,东方财富,L1,C-GARP成长型,中性,C-GARP：归一化PEG+成交额中枢利润交叉验证,valuation_202607_b02,20.19,319.5,24.37,3.39,价20.19/市值3195亿；PE-TTM 24.4（5年11.7%分位）；PB3.39（22.6%）；FY2025归母120.8亿(+25.7%)，2026Q1 +37.7%（37.4亿）；牛市成交额驱动（经纪+两融+基金代销全面受益）；一致预期26E 147.8亿(21.6x)/27E 166.3亿(19.2x)；表观PEG≈21.6/22≈1.0；但盈利含明显市场beta：按中枢日均成交额（约1.2-1.4万亿）估中枢利润约95-110亿→中枢PE约30x,yes,成交额中枢下归母约95-110亿元,牛市延续+日均成交维持1.8万亿+，27E利润170亿×PE28x≈4760亿,部分定价：表观PEG约1.0不贵，但当前利润处成交额高位周期,yes,表观PEG约1.0处中性偏低估，PE-TTM 24.4x亦处自身5年11.7%分位；但GARP适用性检验提示当前利润含强市场beta（FY25+25.7%、Q1'26+37.7%由历史级成交额驱动），按成交额中枢归一化后中枢PE约30x，无折扣。结构性份额提升（证券经纪/两融/代销）真实但不足以脱离周期。两口径折中定中性；牛市中利润上修可能持续，回撤风险亦对称。,日均成交额与两融余额；新发基金规模；经纪/信用市占率；26E一致预期方向；AI工具（妙想）变现进展,data/interim/valuation_evidence/300059.json;https://emweb.securities.eastmoney.com/PC_HSF10/ProfitForecast/PageAjax?code=SZ300059;Eastmoney F10 MAINFINADATA/RPT_VALUEANALYSIS_DET/RPT_PUBLIC_OP_NEWPREDICT,表观PEG约1.0处中性偏低估，PE-TTM 24.4x亦处自身5年11.7%分位；但GARP适用性检验提示当前利润含强市场beta（FY25+25.7%、Q1'26+37.7%由历史级成交额驱动），按成交额中枢归一化后中枢PE约30x，无,2026-07-10,2026-07-10,2026-04-25
300124,汇川技术,L1,C-GARP成长型,中性,C-GARP：归一化PEG（分拆少数股东影响核验）,valuation_202607_b02,63.43,171.7,36.23,4.9,"价63.43/市值1717亿；PE-TTM 36.2（5年28.6%分位）；PB4.9（5年2.8%分位）；FY2025归母50.5亿(+17.8%，扣非+22.7%)；但2026Q1收入+13.0%而归母-23.4%（扣非-15.2%）——联合动力分拆上市后少数股东摊薄+通用自动化景气回落双重影响，与26E一致预期+19.6%（60.4亿，PE28.5x）存在明显缺口；PEG（按一致预期）≈28.5/18≈1.6，按保守2026（55亿,+9%）≈31x/9%≈3.4，区间宽",yes,2026保守归母约55-60亿元（Q1下滑归因待中报核验）,通用自动化复苏+人形机器人零部件放量+联合动力高增，27E归母73亿×PE30x≈2190亿,否，机器人期权未充分定价，但短期业绩缺口亦未定价,yes,工控平台龙头地位与国产替代逻辑不变，PB处5年2.8%分位提供支撑；但2026Q1归母-23.4%/扣非-15.2%与全年一致预期+19.6%缺口大，下滑归因（联合动力分拆少数股东摊薄vs主业景气）待中报核验，存在下修风险。按一致预期PEG约1.6、按保守口径超2，估值大致合理但无安全边际折扣，定中性。,Q1下滑归因核验（中报分部+少数股东损益）；通用自动化订单与OEM需求；26E一致预期方向；人形机器人部件订单；联合动力并表贡献,data/interim/valuation_evidence/300124.json;https://emweb.securities.eastmoney.com/PC_HSF10/ProfitForecast/PageAjax?code=SZ300124;Eastmoney F10 MAINFINADATA/RPT_VALUEANALYSIS_DET/RPT_PUBLIC_OP_NEWPREDICT,工控平台龙头地位与国产替代逻辑不变，PB处5年2.8%分位提供支撑；但2026Q1归母-23.4%/扣非-15.2%与全年一致预期+19.6%缺口大，下滑归因（联合动力分拆少数股东摊薄vs主业景气）待中报核验，存在下修风险。按一致预期PEG,2026-07-10,2026-07-10,2026-04-28
600660,福耀玻璃,L1,A-DCF/现金流复利型,较低估,A-DCF/现金流复利：预期年化收益=FCF收益率+保守增长+股息回购+估值修复,valuation_202607_b02,50.79,132.5,14.74,3.68,"价50.79/市值1325亿；PE-TTM 14.7（5年1.0%分位，中位20.7）；PB3.68（23%）；FY2025归母93.1亿(+24.2%)、ROE25.6%；但2026Q1归母-15.7%/扣非-17.3%（收入+5.1%放缓，疑含汇兑损失与美国工厂成本扰动，待中报核验）；一致预期26E 103.8亿(+11.5%,12.8x)/27E 121.1亿(10.9x)；FCF收益率约7.9%(PCF12.7)；分红率约60%→股息率约4.2%；预期年化≈7.9%+4%保守增长+4.2%+2%修复≈18%",no,,高附加值产品（天幕/HUD/镀膜）渗透+全球份额升至40%，27E利润121亿×PE18x≈2180亿,否：当前14.7x处历史底部，未定价ASP结构升级的持续性,yes,PE-TTM 14.7处5年1.0%分位（历史底），ROE25.6%创高，FCF收益率7.9%+股息率4.2%构成12%硬回报，名义预期年化约18%。但2026Q1归母-15.7%/扣非-17.3%为明显负向单季（疑汇兑+海外成本扰动，与26E一致预期+11.5%相悖），存在业绩验证折扣，按从严原则定较低估而非低估；若中报确认Q1为一次性扰动且增速回正，可上调低估。,Q1下滑归因（汇兑vs主业，中报核验）；全球份额与ASP提升；美国工厂盈利；26E一致预期方向；汇率敏感性,data/interim/valuation_evidence/600660.json;https://emweb.securities.eastmoney.com/PC_HSF10/ProfitForecast/PageAjax?code=SH600660;Eastmoney F10 MAINFINADATA/RPT_VALUEANALYSIS_DET/RPT_PUBLIC_OP_NEWPREDICT,PE-TTM 14.7处5年1.0%分位（历史底），ROE25.6%创高，FCF收益率7.9%+股息率4.2%构成12%硬回报，名义预期年化约18%。但2026Q1归母-15.7%/扣非-17.3%为明显负向单季（疑汇兑+海外成本扰动，与2,2026-07-10,2026-07-10,2026-04-22
600406,国电南瑞,L1,A-DCF/现金流复利型,低估,A-DCF/现金流复利：预期年化收益=FCF收益率+保守增长+股息回购+估值修复,valuation_202607_b02,22.04,177.0,21.28,3.56,"价22.04/市值1770亿；PE-TTM 21.3（5年0.2%分位，历史绝对底，中位27.3）；PB3.56（0.2%）；FY2025归母82.8亿(+8.8%)，2026Q1 +6.0%稳定；一致预期26E 91.7亿(+10.7%,19.3x)/27E 102.8亿(17.2x)；FCF收益率约6.5%(PCF15.3)；分红率约55%→股息率约2.6%；电网投资十五五上行周期+特高压/数字电网/出海；预期年化≈6.5%+6%保守增长+2.6%+2%修复≈17%",no,,十五五电网投资加码+特高压批量核准+海外电网订单放量，27E利润103亿×PE25x≈2575亿,否：0.2%分位的估值按增长停滞定价,yes,PE-TTM 21.3与PB3.56均处5年0.2%分位（历史绝对底部），而基本面无恶化：FY2025+8.8%、2026Q1+6.0%稳定，需求由国网十五五投资计划与特高压核准节奏背书，一致预期26-28年约10-13%。FCF收益率6.5%+股息2.6%+保守增长6%+温和修复，预期年化约17%≥12%。电网二次设备事实标准的确定性与当前估值分位错配明显，定低估。,国网投资完成额与特高压核准；季度收入增速；网外/海外收入占比；毛利率（25.8%）；分红率变化,data/interim/valuation_evidence/600406.json;https://emweb.securities.eastmoney.com/PC_HSF10/ProfitForecast/PageAjax?code=SH600406;Eastmoney F10 MAINFINADATA/RPT_VALUEANALYSIS_DET/RPT_PUBLIC_OP_NEWPREDICT,PE-TTM 21.3与PB3.56均处5年0.2%分位（历史绝对底部），而基本面无恶化：FY2025+8.8%、2026Q1+6.0%稳定，需求由国网十五五投资计划与特高压核准节奏背书，一致预期26-28年约10-13%。FCF收益率6.,2026-07-10,2026-07-10,2026-04-30
300750,宁德时代,L1,D-产业链爆发/关键瓶颈型,较低估,D-产业链爆发：未来2-3年正常化净利润×合理PE，三张票验证,valuation_202607_b03,348.76,1613.6,20.43,4.94,价348.76（今日-7.12%）/市值16136亿；PE-TTM 20.4（5年21%分位）；PB4.94（26.9%）；FY2025归母722亿(+42.3%)，2026Q1归母+48.5%/营收+52.4%（动力+储能+出海三线共振）；ROE24.9%；一致预期26E 948.6亿(17.0x)/27E 1171.6亿(13.8x)/28E 1409亿(11.5x)；三张票：需求（全球电动化+储能）✓、瓶颈（全球动力37%+储能35%份额、麒麟/神行/固态技术代差）✓、利润（+42%、净利率18.1%）✓；bull case 2027：1172亿×20x≈2.34万亿，当前/bull≈69%（60-80%区间）,yes,2027正常化归母约1050-1170亿元（一致预期口径）,全球储能需求延续高增+欧美产能落地+固态量产领先，27E归母1172亿×PE20x≈2.34万亿,否：当前市值仅为bull case 2027的约69%，市场仍按产能过剩周期回归定价,yes,三张票全部成立且Q1'26增长再加速（营收+52.4%/归母+48.5%），PE-TTM 20.4x处自身5年21%分位、前瞻仅17x/13.8x，PEG约0.5。当前市值为bull case 2027合理市值的约69%，落在较低估档（60-80%）；市场对产能周期与欧美贸易壁垒的担忧构成折扣来源。未达低估（需≤60%）。,全球储能/动力装机与市占率；毛利率（26.3%）走向；欧美关税与海外工厂进度；固态电池量产节点；26/27E一致预期方向,data/interim/valuation_evidence/300750.json;https://emweb.securities.eastmoney.com/PC_HSF10/ProfitForecast/PageAjax?code=SZ300750;Eastmoney F10 MAINFINADATA/RPT_VALUEANALYSIS_DET/RPT_PUBLIC_OP_NEWPREDICT,三张票全部成立且Q1'26增长再加速（营收+52.4%/归母+48.5%），PE-TTM 20.4x处自身5年21%分位、前瞻仅17x/13.8x，PEG约0.5。当前市值为bull case 2027合理市值的约69%，落在较低估档（60,2026-07-10,2026-07-10,2026-04-16
300760,迈瑞医疗,L1,C-GARP成长型,较低估,C-GARP（修复口径归一化：集采+招标压制后的正常化利润）,valuation_202607_b03,141.57,171.6,21.9,4.49,"价141.57/市值1717亿；PE-TTM 21.9（5年2.6%分位）；PB4.49（1.1%分位，中位10.0）；FY2025归母81.4亿(-30.3%，国内集采+招标疲弱双杀)；2026Q1归母-11.4%但营收+1.4%回正、降幅连续收窄；一致预期26E 87.7亿(+7.7%,19.6x)/27E 99.5亿(+13.5%)/28E 112.3亿；归一化：国内招标回暖+海外占比约45%高增下正常化归母约90-100亿→归一化PE约18x；修复目标25x×95亿≈2375亿(+38%)，bear 16x×85亿≈1360亿(-21%)",yes,招标常态化下正常化归母约90-100亿元,国内设备更新招标放量+海外中高端突破，27E归母100亿×PE25x≈2500亿,否：PE/PB处历史绝对底部，市场仍按集采长期压制定价,yes,FY2025归母-30.3%为集采与国内招标停滞双杀所致，估值失真需归一化；PE-TTM 21.9x/PB4.49处5年2.6%/1.1%分位（历史底部），归一化PE约18x显著低于平台龙头历史中枢。2026Q1营收回正(+1.4%)、利润降幅收窄(-11.4%)但拐点未完全确认，一致预期26E +7.7%的修复路径需季度验证，定较低估；连续两季利润回正可上调。,季度营收/利润增速拐点（连续两季回正触发上调复核）；国内招标恢复节奏；海外收入增速与占比；IVD集采落地影响；毛利率60%+维持,data/interim/valuation_evidence/300760.json;https://emweb.securities.eastmoney.com/PC_HSF10/ProfitForecast/PageAjax?code=SZ300760;Eastmoney F10 MAINFINADATA/RPT_VALUEANALYSIS_DET/RPT_PUBLIC_OP_NEWPREDICT,FY2025归母-30.3%为集采与国内招标停滞双杀所致，估值失真需归一化；PE-TTM 21.9x/PB4.49处5年2.6%/1.1%分位（历史底部），归一化PE约18x显著低于平台龙头历史中枢。2026Q1营收回正(+1.4%)、利润,2026-07-10,2026-07-10,2026-04-29
600276,恒瑞医药,L1,C-GARP成长型,中性,C-GARP：归一化PEG+收入质量三分类（BD首付款剔除）,valuation_202607_b03,55.75,370.0,45.57,5.93,价55.75/市值3700亿；PE-TTM 45.6（5年10.6%分位）；PB5.93（8.4%）；FY2025归母77.1亿(+21.7%)、2026Q1 +21.8%；表观PEG≈39.2/22≈1.8；但收入含BD授权首付款（一次性收入，§6.4三分类须剔除）：经常性口径26E约75-85亿→经常性PE约44-49x、经常性增速约15-18%→经常性PEG约2.5+；创新药管线（GLP-1/ADC/出海授权）的里程碑与期权价值未计入，部分对冲；一致预期26E 94.4亿(39.2x)/27E 111.5亿(33.2x)/28E 134.1亿(27.6x),yes,经常性归母（剔除BD首付款）26E约75-85亿元,GLP-1与ADC出海持续大额授权+国内创新药占比过半，28E归母134亿×PE35x≈4690亿,部分定价：表观PEG 1.8合理，但经常性口径已不便宜，管线期权与BD节奏互为对冲,yes,表观PEG约1.8、PE处自身5年10.6%分位看似合理，但按§6.4收入质量三分类剔除BD授权首付款后，经常性PE约44-49x对应经常性增速15-18%，PEG超2无折扣；创新药管线期权价值（未计入）与之对冲。综合两口径估值大致合理、未明显透支亦无安全边际，定中性。BD兑现节奏是主要上行变量。,经常性收入（剔除BD）增速；GLP-1/ADC关键临床与授权里程碑；创新药收入占比；26E一致预期方向；医保谈判与出海FDA进展,data/interim/valuation_evidence/600276.json;https://emweb.securities.eastmoney.com/PC_HSF10/ProfitForecast/PageAjax?code=SH600276;Eastmoney F10 MAINFINADATA/RPT_VALUEANALYSIS_DET/RPT_PUBLIC_OP_NEWPREDICT,表观PEG约1.8、PE处自身5年10.6%分位看似合理，但按§6.4收入质量三分类剔除BD授权首付款后，经常性PE约44-49x对应经常性增速15-18%，PEG超2无折扣；创新药管线期权价值（未计入）与之对冲。综合两口径估值大致合理、未,2026-07-10,2026-07-10,2026-04-23
600309,万华化学,L1,F-垄断资源型,较低估,F-垄断资源（技术黑箱寡头）：中枢利润+中枢FCF收益率,valuation_202607_b03,68.71,215.1,16.34,2,价68.71/市值2151亿；PE-TTM 16.3（5年57.1%分位）；PB2.00（8.6%分位，历史底部区）；FY2025归母125.3亿(-3.9%，周期底)；**2026-07-07预告H1'26归母98-104亿(+60-70%)、扣非96-102亿(+53.8-63.4%)，拐点确认**（Q2单季约61-67亿，同比+100%+）；一致预期26E 184.5亿(11.7x)/27E 212.2亿(10.1x)/28E 241.3亿(8.9x)；中枢归母（含新产能上移）约180-210亿→中枢PE约11x；中枢FCF收益率约9-11%（OCF约390亿，capex收尾后）,yes,跨周期中枢归母约180-210亿元（含福建/蓬莱新产能）,MDI供需重回紧平衡+乙烷裂解成本红利+新材料放量，27E归母212亿×PE14x≈2970亿,否：PB2.0处历史底部区，市场刚开始定价困境反转,yes,7月7日H1预告+60-70%确认周期拐点（MDI价差修复+乙烷成本红利+新产能贡献），2025年即周期底部利润125亿。当前市值2151亿对中枢利润约11x、对26E一致预期仅11.7x，PB2.0处5年8.6%分位；中枢FCF收益率约9-11%处低估/较低估边界，但capex仍在收尾、中枢FCF≥10%未坐实，按较低估定档。MDI全球寡头+技术黑箱的垄断结构未变。,MDI/TDI挂牌价与价差；乙烷-乙烯价差；H1快报与年化兑现；蓬莱二期/新材料投产进度；capex收尾与FCF转正幅度,data/interim/valuation_evidence/600309.json;https://emweb.securities.eastmoney.com/PC_HSF10/ProfitForecast/PageAjax?code=SH600309;Eastmoney F10 MAINFINADATA/RPT_VALUEANALYSIS_DET/RPT_PUBLIC_OP_NEWPREDICT,7月7日H1预告+60-70%确认周期拐点（MDI价差修复+乙烷成本红利+新产能贡献），2025年即周期底部利润125亿。当前市值2151亿对中枢利润约11x、对26E一致预期仅11.7x，PB2.0处5年8.6%分位；中枢FCF收益率约9,2026-07-10,2026-07-10,2026-07-07
000858,五粮液,L2,A-DCF/现金流复利型,较低估,A-DCF（修复口径归一化：渠道重置后的正常化利润）,valuation_202607_b03,73.69,286.0,22.7,2.42,价73.69（今日+3.94%）/市值2860亿；表观PE-TTM 22.7（42.2%分位）失真——FY2025营收-54.6%/归母89.5亿(-71.9%)为主动控货重置渠道所致，非需求真实水平；PB2.42处5年0.6%分位；2026Q1营收+33.7%/归母80.6亿(+82.6%)确认修复启动；一致预期26E 178.4亿(16.0x)/27E 196.7亿(14.5x)/28E 202.1亿——市场定价恢复后利润中枢较2024年318亿永久下台阶约40%；归一化PE（26-27E约190亿）≈14.7x；归一化股息率（70%分红率）约4.7%,yes,渠道重置后正常化归母约180-200亿元（26-27E一致预期）,普五批价站稳+渠道利润恢复带动量价回升，2028利润回至250亿+×PE18x≈4500亿,否：当前定价隐含利润中枢永久下台阶40%，恢复超预期即有大预期差,yes,FY2025营收-54.6%/归母-71.9%是史无前例的主动控货渠道重置，表观PE失真，须用归一化口径：按26-27E正常化利润约190亿计PE约14.7x、股息率约4.7%，PB处5年0.6%分位。2026Q1（+33.7%/+82.6%）确认修复启动，但仅一个季度、批价与渠道利润恢复未坐实，且重置本身暴露了千元价位带的脆弱性，定较低估；连续两季30%+恢复且批价企稳可上调低估。,普五批价与渠道库存；季度营收恢复斜率；出厂价政策；经销商打款意愿；26E一致预期上/下修,data/interim/valuation_evidence/000858.json;https://emweb.securities.eastmoney.com/PC_HSF10/ProfitForecast/PageAjax?code=SZ000858;Eastmoney F10 MAINFINADATA/RPT_VALUEANALYSIS_DET/RPT_PUBLIC_OP_NEWPREDICT,FY2025营收-54.6%/归母-71.9%是史无前例的主动控货渠道重置，表观PE失真，须用归一化口径：按26-27E正常化利润约190亿计PE约14.7x、股息率约4.7%，PB处5年0.6%分位。2026Q1（+33.7%/+82.6,2026-07-10,2026-07-10,2026-04-30
600809,山西汾酒,L2,A-DCF/现金流复利型,较低估,A-DCF/现金流复利：预期年化收益=FCF收益率+保守增长+股息回购+估值修复,valuation_202607_b03,110.3,134.6,12.25,2.99,"价110.3（今日+4.97%）/市值1346亿；PE-TTM 12.25（5年1.0%分位，中位27.9）；PB2.99（1.0%）；FY2025归母122.5亿(0.0%持平)；但2026Q1营收-9.7%/归母-19.0%——下行滞后传导至汾酒；一致预期26E 117.7亿(-3.9%,11.4x)/27E 125.9亿(+7%)；FCF收益率约7.6%(PCF13.1)；分红率约52%→股息率约4.7%；预期年化≈7.6%+1%+4.7%+2%修复≈15%，但盈利下行未止压低置信度",no,,青花系列批价企稳+全国化继续渗透，27E利润126亿×PE18x≈2270亿,否：12.25x处历史最低分位，市场已定价持续下滑,yes,PE-TTM 12.25处5年1.0%分位（历史底），FCF收益率7.6%+股息率4.7%构成12%+硬回报，预期年化约15%。但白酒下行正滞后传导至汾酒：2026Q1营收-9.7%/归母-19.0%、26E一致预期-3.9%，盈利下行未止、青花价位带承压，存在业绩验证折扣，定较低估而非低估；季度增速回正且青花批价企稳可上调。,青花20/复兴版批价与库存；季度营收增速回正；省外收入占比；26E一致预期下修止跌；分红率变化,data/interim/valuation_evidence/600809.json;https://emweb.securities.eastmoney.com/PC_HSF10/ProfitForecast/PageAjax?code=SH600809;Eastmoney F10 MAINFINADATA/RPT_VALUEANALYSIS_DET/RPT_PUBLIC_OP_NEWPREDICT,PE-TTM 12.25处5年1.0%分位（历史底），FCF收益率7.6%+股息率4.7%构成12%+硬回报，预期年化约15%。但白酒下行正滞后传导至汾酒：2026Q1营收-9.7%/归母-19.0%、26E一致预期-3.9%，盈利下行未止,2026-07-10,2026-07-10,2026-04-30
000568,泸州老窖,L2,A-DCF/现金流复利型,较低估,A-DCF/现金流复利：预期年化收益=FCF收益率+保守增长+股息回购+估值修复,valuation_202607_b03,78.18,115.1,11.57,2.23,"价78.18（今日+4.37%）/市值1151亿；PE-TTM 11.57（5年1.8%分位，中位22.2）；PB2.23（0.9%）；FY2025归母108.3亿(-19.6%)；2026Q1营收-14.2%/归母-19.3%仍在下滑；一致预期26E 97.4亿(-10%,11.8x)/27E 103.6亿(+6.4%)；分红率承诺提升（约65-70%+）→按26E股息率约5.9%；FCF收益率约7.2%(PCF13.8)；预期年化≈7.2%+0%+5.9%+2%≈15%，下行未止压置信度",no,,国窖1573批价企稳+腰部产品补位，27E利润104亿×PE16x≈1660亿,否：11.57x历史最低分位区已定价深度下滑,yes,PE-TTM 11.57处5年1.8%分位，高分红承诺下按26E股息率约5.9%，加FCF收益率7.2%硬回报显著。但FY2025 -19.6%、2026Q1仍-19.3%，下滑未见底；国窖1573高度依赖千元价位带（该价位带受损最深，五粮液已示范渠道崩塌风险），26E一致预期仍在下修通道，定较低估。季度企稳+国窖批价止跌为上调触发。,国窖1573批价与库存；季度营收降幅收窄；中档酒（特曲/窖龄）表现；分红承诺兑现；26E一致预期止跌,data/interim/valuation_evidence/000568.json;https://emweb.securities.eastmoney.com/PC_HSF10/ProfitForecast/PageAjax?code=SZ000568;Eastmoney F10 MAINFINADATA/RPT_VALUEANALYSIS_DET/RPT_PUBLIC_OP_NEWPREDICT,PE-TTM 11.57处5年1.8%分位，高分红承诺下按26E股息率约5.9%，加FCF收益率7.2%硬回报显著。但FY2025 -19.6%、2026Q1仍-19.3%，下滑未见底；国窖1573高度依赖千元价位带（该价位带受损最深，五粮,2026-07-10,2026-07-10,2026-04-29
600132,重庆啤酒,L2,A-DCF/现金流复利型,中性,A-DCF/现金流复利：高股息+零增长的收益率评估,valuation_202607_b03,41.75,20.2,16.9,16.19,价41.75/市值202亿；PE-TTM 16.9（5年0.3%分位）；PB16.19（0.3%，重啤股本结构使PB常年异常高，中位19.7）；FY2025归母12.3亿(+10.4%但扣非-2.8%)；2026Q1归母-7.4%；营收连续两年零增长（乌苏退潮后增长熄火）；一致预期26E 12.8亿(15.8x)/27E 13.3亿(约+4%)；分红率约95-100%→股息率约5.8%；FCF收益率约9%（PCF6.9，含渠道占款）,no,,1664/乐堡高端化重启+大城市计划见效，27E利润13.5亿+PE修复至20x≈270亿,否，但增长重启本身未有证据,yes,股息率约5.8%（近乎全额分红）+FCF收益率约9%提供扎实底仓回报，PE处5年0.3%分位；但营收连续两年零增长、2026Q1归母-7.4%、FY2025扣非-2.8%，乌苏退潮后高端化引擎未接续，一致预期26-28年仅约4%增长。高股息与零增长互相抵消，估值大致合理、弹性有限，定中性。,季度销量与ASP；1664/乐堡增速；扣非增速回正；全额分红维持；成本（大麦/包材）红利,data/interim/valuation_evidence/600132.json;https://emweb.securities.eastmoney.com/PC_HSF10/ProfitForecast/PageAjax?code=SH600132;Eastmoney F10 MAINFINADATA/RPT_VALUEANALYSIS_DET/RPT_PUBLIC_OP_NEWPREDICT,股息率约5.8%（近乎全额分红）+FCF收益率约9%提供扎实底仓回报，PE处5年0.3%分位；但营收连续两年零增长、2026Q1归母-7.4%、FY2025扣非-2.8%，乌苏退潮后高端化引擎未接续，一致预期26-28年仅约4%增长。高股息,2026-07-10,2026-07-10,2026-04-30
600600,青岛啤酒,L2,A-DCF/现金流复利型,低估,A-DCF/现金流复利：预期年化收益=FCF收益率+保守增长+股息回购+估值修复,valuation_202607_b03,53.5,73.0,15.6,2.5,"价53.5/市值730亿；PE-TTM 15.6（5年1.0%分位，中位25.9）；PB2.5（1.0%）；FY2025归母45.9亿(+5.6%)；2026Q1 +5.2%稳定（扣非+6.4%）；一致预期26E 48.4亿(+5.4%,15.1x)/27E 50.9亿(+5.2%)；分红率约65-70%→股息率约4.1%；FCF收益率约6.5%（PCF12.6，扣capex后）；预期年化≈6.5%+3.5%+4.1%+2%修复≈16%",no,,结构升级（纯生/白啤/1903）+成本红利延续，27E利润51亿×PE20x≈1020亿,否：15.6x处历史最低分位区，市场按行业总量萎缩定价,yes,PE-TTM 15.6与PB2.5均处5年1.0%分位（历史底），而盈利稳定增长无恶化：FY2025+5.6%、2026Q1+5.2%，量减价升+成本红利的盈利模式持续兑现，山东基地市场垄断稳固。FCF收益率6.5%+股息率4.1%+保守增长3.5%+温和修复，预期年化约16%≥12%，无业绩验证瑕疵，定低估。,吨价与中高端占比；季度销量；成本（大麦/玻瓶）走势；分红率变化；青啤1903/白啤增速,data/interim/valuation_evidence/600600.json;https://emweb.securities.eastmoney.com/PC_HSF10/ProfitForecast/PageAjax?code=SH600600;Eastmoney F10 MAINFINADATA/RPT_VALUEANALYSIS_DET/RPT_PUBLIC_OP_NEWPREDICT,PE-TTM 15.6与PB2.5均处5年1.0%分位（历史底），而盈利稳定增长无恶化：FY2025+5.6%、2026Q1+5.2%，量减价升+成本红利的盈利模式持续兑现，山东基地市场垄断稳固。FCF收益率6.5%+股息率4.1%+保守增,2026-07-10,2026-07-10,2026-04-28
000423,东阿阿胶,L2,A-DCF/现金流复利型,低估,A-DCF/现金流复利：预期年化收益=FCF收益率+保守增长+股息回购+估值修复,valuation_202607_b03,46.79,29.9,16.92,3.03,"价46.79/市值299亿；PE-TTM 16.92（5年0.8%分位，中位33.8）；PB3.03（30.8%）；FY2025归母17.4亿(+11.7%)；2026Q1 +7.1%（营收+5.5%，增速回落）；一致预期26E 20.0亿(+15%,15.0x)/27E 22.8亿(+14%)/28E 25.8亿；分红率约95-100%（华润治理下全额分红）→股息率约5.5%；FCF收益率约8.8%(PCF11.4)；预期年化≈8.8%+5%保守增长+5.5%+2%修复≈21%",no,,阿胶+复方阿胶浆量价齐升+男士滋补/速溶新品类放量，28E利润26亿×PE22x≈570亿,否：16.9x处历史0.8%分位，市场按品类衰退定价,yes,PE-TTM 16.92处5年0.8%分位，近乎全额分红下股息率约5.5%，FCF收益率8.8%，即使按5%保守增长预期年化约21%，安全边际充分。品类垄断（驴皮资源+品牌心智）+华润治理改善+复价周期健康，FY2025+11.7%验证增长；2026Q1增速回落至+7.1%为主要瑕疵，但极端保守假设下仍≥12%，定低估。,季度动销与渠道库存（防历史压货重演）；提价节奏；男士滋补/速溶新品类收入；驴皮成本；全额分红维持,data/interim/valuation_evidence/000423.json;https://emweb.securities.eastmoney.com/PC_HSF10/ProfitForecast/PageAjax?code=SZ000423;Eastmoney F10 MAINFINADATA/RPT_VALUEANALYSIS_DET/RPT_PUBLIC_OP_NEWPREDICT,PE-TTM 16.92处5年0.8%分位，近乎全额分红下股息率约5.5%，FCF收益率8.8%，即使按5%保守增长预期年化约21%，安全边际充分。品类垄断（驴皮资源+品牌心智）+华润治理改善+复价周期健康，FY2025+11.7%验证增长,2026-07-10,2026-07-10,2026-04-25
000538,云南白药,L2,A-DCF/现金流复利型,低估,A-DCF/现金流复利：预期年化收益=FCF收益率+保守增长+股息回购+估值修复,valuation_202607_b04,48.82,87.1,16.57,2.22,"价48.82/市值871亿；PE-TTM 16.57（5年1.4%分位，中位23.7）；PB2.22（1.4%）；FY2025归母51.5亿(+8.5%)，2026Q1 +5.3%稳定；一致预期26E 55.5亿(+7.8%,15.7x)/27E 59.8亿；分红率约85-90%→股息率约5.0%；FCF收益率约5.4%(PCF18.5)；预期年化≈5.4%+4.5%+5.0%+2%修复≈17%",no,,白药系列提价+口腔护理份额守稳+中药资源（三七）业务放量，27E利润60亿×PE20x≈1200亿,否：16.6x处历史1.4%分位，按零增长定价,yes,PE-TTM 16.57与PB2.22均处5年1.4%分位（历史底部），盈利稳定增长无恶化（FY2025+8.5%、2026Q1+5.3%），近90%分红率下股息率约5.0%。品牌+绝密配方垄断的现金牛属性稳固，预期年化约17%≥12%，无业绩验证瑕疵，定低估。,白药系列与牙膏份额；三七价格；工业收入占比（毛利结构）；季度增速；分红率维持,data/interim/valuation_evidence/000538.json;https://emweb.securities.eastmoney.com/PC_HSF10/ProfitForecast/PageAjax?code=SZ000538;Eastmoney F10 MAINFINADATA/RPT_VALUEANALYSIS_DET/RPT_PUBLIC_OP_NEWPREDICT,PE-TTM 16.57与PB2.22均处5年1.4%分位（历史底部），盈利稳定增长无恶化（FY2025+8.5%、2026Q1+5.3%），近90%分红率下股息率约5.0%。品牌+绝密配方垄断的现金牛属性稳固，预期年化约17%≥12%，无,2026-07-10,2026-07-10,2026-04-30
000999,华润三九,L2,C-GARP成长型,中性,C-GARP：归一化PEG（天士力并表扰动核验）,valuation_202607_b04,23.76,39.5,12.25,1.78,"价23.76/市值395亿；PE-TTM 12.25（5年1.0%分位）；PB1.78（6.2%）；FY2025归母34.2亿(+1.6%)；2026Q1营收+18.6%（天士力并表）但归母-15.3%（并表摊销/少数股东+CHC感冒品类高基数）；一致预期26E 36.8亿(+7.6%,10.8x)/27E 40.7亿/28E 44.5亿，26-28E CAGR约10%；PEG≈10.8/10≈1.1；股息率约4%（分红率约50%）",no,,天士力整合协同兑现+CHC品牌矩阵提价，28E利润44.5亿×PE14x≈620亿,否,yes,PE-TTM 12.25处5年1.0%分位、按一致预期PEG约1.1落在中性档（1.0-1.5）。2026Q1归母-15.3%（天士力并表摊销与少数股东、感冒品类高基数）需中报核验归因，构成短期验证折扣；OTC品牌矩阵+并购整合能力真实但增长中枢约10%不足以支撑更高档位。定中性。,天士力并表协同与摊销影响（中报归因）；999感冒灵/皮炎平动销；季度归母增速回正；配方颗粒集采；26E一致预期方向,data/interim/valuation_evidence/000999.json;https://emweb.securities.eastmoney.com/PC_HSF10/ProfitForecast/PageAjax?code=SZ000999;Eastmoney F10 MAINFINADATA/RPT_VALUEANALYSIS_DET/RPT_PUBLIC_OP_NEWPREDICT,PE-TTM 12.25处5年1.0%分位、按一致预期PEG约1.1落在中性档（1.0-1.5）。2026Q1归母-15.3%（天士力并表摊销与少数股东、感冒品类高基数）需中报核验归因，构成短期验证折扣；OTC品牌矩阵+并购整合能力真实但增,2026-07-10,2026-07-10,2026-04-25
600436,片仔癀,L2,A-DCF/现金流复利型,中性,A-DCF（周期底部中枢利润归一化）,valuation_202607_b04,117.05,70.6,37.12,4.64,"价117.05（今日+6.11%）/市值706亿；PE-TTM 37.1（5年2.5%分位，中位51.9）；PB4.64（1.5%）；FY2025归母21.6亿(-27.5%，扣非-34.3%)——礼赠需求崩塌+麝香/牛黄成本高企+渠道去库三重压制；2026Q1仍-25.6%未见底；FY2025经营现金流近零（存货/打款停滞，PCF156.6）；一致预期26E 22.6亿(+4.6%,31.2x)/27E 26.4亿/28E 31.1亿；中枢归母（成本与需求正常化）约25-28亿→归一化PE约26.6x",yes,需求与原料成本正常化后中枢归母约25-28亿元,牛黄/麝香成本回落+核心品提价重启+库存出清，28E利润31亿×PE35x≈1090亿,否，但正常化假设本身尚无兑现证据,yes,FY2025 -27.5%、2026Q1 -25.6%，下滑未见底且经营现金流近零（渠道打款停滞），表观与前瞻PE（37x/31x）依赖品牌垄断的正常化假设；按中枢利润25-28亿计归一化PE约26.6x，对绝密配方+提价权的国家级品牌大致合理但无折扣。PE处历史2.5%分位提供的安全垫与基本面未见底互相抵消，定中性；若26E继续下修或现金流恶化延续，转高估复核。,季度营收/利润降幅收窄与现金流回正（关键）；渠道库存与终端动销；麝香/牛黄价格；提价动作；26E一致预期方向,data/interim/valuation_evidence/600436.json;https://emweb.securities.eastmoney.com/PC_HSF10/ProfitForecast/PageAjax?code=SH600436;Eastmoney F10 MAINFINADATA/RPT_VALUEANALYSIS_DET/RPT_PUBLIC_OP_NEWPREDICT,FY2025 -27.5%、2026Q1 -25.6%，下滑未见底且经营现金流近零（渠道打款停滞），表观与前瞻PE（37x/31x）依赖品牌垄断的正常化假设；按中枢利润25-28亿计归一化PE约26.6x，对绝密配方+提价权的国家级品牌大致,2026-07-10,2026-07-10,2026-04-30
600285,羚锐制药,L2,C-GARP成长型,中性,C-GARP：归一化PEG,valuation_202607_b04,21.72,12.3,15.61,4.07,"价21.72/市值123亿；PE-TTM 15.61（5年9.7%分位）；PB4.07（37.1%）；FY2025归母7.6亿(+5.1%，扣非+10.8%)，2026Q1 +13.6%（扣非+11.6%）；ROE约24%稳定；一致预期26E 8.6亿(+13%,14.3x)/27E 9.7亿/28E 10.9亿，26-28E CAGR约13%；PEG≈14.3/13≈1.1；股息率约4%（分红率约60%）",no,,骨科贴膏量价齐升+芬太尼贴剂等二线品种放量，28E利润11亿×PE18x≈195亿,否,yes,骨科贴膏品类垄断+两只老虎品牌心智，增长稳定（FY2025扣非+10.8%、Q1'26+13.6%）、ROE约24%，PEG约1.1落在中性档（1.0-1.5）；PE处自身9.7%分位、股息率约4%提供底部支撑但不足以到较低估（需PEG 0.7-1.0）。定中性。,贴膏销量与提价；老龄化渗透率；新品（芬太尼/利多卡因贴）进展；渠道库存；毛利率80%维持,data/interim/valuation_evidence/600285.json;https://emweb.securities.eastmoney.com/PC_HSF10/ProfitForecast/PageAjax?code=SH600285;Eastmoney F10 MAINFINADATA/RPT_VALUEANALYSIS_DET/RPT_PUBLIC_OP_NEWPREDICT,骨科贴膏品类垄断+两只老虎品牌心智，增长稳定（FY2025扣非+10.8%、Q1'26+13.6%）、ROE约24%，PEG约1.1落在中性档（1.0-1.5）；PE处自身9.7%分位、股息率约4%提供底部支撑但不足以到较低估（需PEG 0,2026-07-10,2026-07-10,2026-04-28
600750,华润江中,L2,A-DCF/现金流复利型,中性,A-DCF/现金流复利（增长质量校验）,valuation_202607_b04,23.53,15.0,16.44,3.98,"价23.53/市值150亿；PE-TTM 16.44（5年23.1%分位）；PB3.98（54.9%）；FY2025归母9.1亿(+15.0%)但营收-4.9%，2026Q1归母+1.1%而营收-12.5%——连续两年收入负增长，利润靠毛利率与费用压缩驱动；一致预期26E 9.9亿(+8.5%,15.1x)/27E 11.0亿；股息率约5%（高分红）；FCF收益率约5.5%(PCF18.1)",no,,健胃消食片量价修复+参灵草等新品放量重启收入增长，27E利润11亿×PE18x≈198亿,否，但收入重启增长无证据,yes,品类垄断（健胃消食片）与高分红（股息率约5%）构成底仓价值，但收入连续两年负增长（FY2025-4.9%、Q1'26-12.5%），利润增长全靠利润率压缩兑现、持续性存疑；PE/PB处自身中位附近而非底部。收入质量折扣抵消股息吸引力，估值大致合理，定中性。,季度收入增速回正（关键触发）；健胃消食片动销与提价；费用率下行空间；高分红维持；OTC行业景气,data/interim/valuation_evidence/600750.json;https://emweb.securities.eastmoney.com/PC_HSF10/ProfitForecast/PageAjax?code=SH600750;Eastmoney F10 MAINFINADATA/RPT_VALUEANALYSIS_DET/RPT_PUBLIC_OP_NEWPREDICT,品类垄断（健胃消食片）与高分红（股息率约5%）构成底仓价值，但收入连续两年负增长（FY2025-4.9%、Q1'26-12.5%），利润增长全靠利润率压缩兑现、持续性存疑；PE/PB处自身中位附近而非底部。收入质量折扣抵消股息吸引力，估值大,2026-07-10,2026-07-10,2026-04-25
600993,马应龙,L2,A-DCF/现金流复利型,较低估,A-DCF/现金流复利：预期年化收益=FCF收益率+保守增长+股息回购+估值修复,valuation_202607_b04,23.25,10.0,16.97,2.18,价23.25/市值100亿；PE-TTM 16.97（5年1.4%分位，中位21.6）；PB2.18（1.2%）；FY2025归母5.8亿(+10.1%)但营收仅+3.7%；2026Q1归母+4.4%/营收+4.5%；一致预期26E 6.8亿(14.8x)/27E 7.7亿，CAGR约13%；股息率约3%（分红率约45%）；FCF收益率约6.8%(PCF14.6)；预期年化≈6.8%+4%+3%+2%修复≈16%,no,,治痔品类提价+功效性护理（眼霜/湿厕纸）第二曲线放量，28E利润8.7亿×PE18x≈157亿,否：PE/PB处历史1%分位,yes,治痔品类垄断（马应龙品牌心智+处方壁垒），PE-TTM 16.97/PB2.18处5年1.4%/1.2%分位（历史底部），预期年化约16%。但收入增速仅3-5%（利润增长部分靠利润率），股息率3%偏薄，增长中枢与硬回报略弱于同类低估标的，定较低估。,治痔类量价与提价；功效护理收入增速；季度收入增速（升至8%+触发上调）；分红率变化,data/interim/valuation_evidence/600993.json;https://emweb.securities.eastmoney.com/PC_HSF10/ProfitForecast/PageAjax?code=SH600993;Eastmoney F10 MAINFINADATA/RPT_VALUEANALYSIS_DET/RPT_PUBLIC_OP_NEWPREDICT,治痔品类垄断（马应龙品牌心智+处方壁垒），PE-TTM 16.97/PB2.18处5年1.4%/1.2%分位（历史底部），预期年化约16%。但收入增速仅3-5%（利润增长部分靠利润率），股息率3%偏薄，增长中枢与硬回报略弱于同类低估标的，定,2026-07-10,2026-07-10,2026-04-25
000651,格力电器,L2,A-DCF/现金流复利型,较低估,A-DCF/现金流复利：高股息+份额侵蚀折扣评估,valuation_202607_b04,38.25,214.3,7.34,1.41,"价38.25/市值2143亿；PE-TTM 7.34（5年26.9%分位，中位7.8）；PB1.41（3.0%分位）；FY2025归母290亿(-9.9%，营收-10.0%——国补透支+渠道改革+份额流失)；2026Q1归母+3.0%（营收+3.5%，扣非-0.3%）初步企稳；一致预期26E 301.3亿(+3.9%,7.1x)/27E 316.9亿；分红率约50%→股息率约6.3%；盈利收益率约13.6%；预期年化≈13.6%+0%+6.3%内含（避免双计，取盈利收益率+股息半计）≈15%+",no,,空调需求回暖+渠道改革见效+份额止跌，27E利润317亿×PE9x≈2850亿,否：7.1x前瞻PE定价终值衰减,yes,PE-TTM 7.34、股息率约6.3%、PB处5年3.0%分位，绝对估值极低；但低估值有其原因：FY2025营收/利润双降10%，空调份额被美的/小米侵蚀、多元化未成、治理与接班不确定，市场定价终值风险。2026Q1(+3.0%)初步企稳但仅一个季度，给较低估而非低估——吸引力明显、需份额与增长企稳验证。,空调内销份额（线上/线下）；季度营收增速；渠道改革（省代转直营）进展；分红维持；治理/接班动向,data/interim/valuation_evidence/000651.json;https://emweb.securities.eastmoney.com/PC_HSF10/ProfitForecast/PageAjax?code=SZ000651;Eastmoney F10 MAINFINADATA/RPT_VALUEANALYSIS_DET/RPT_PUBLIC_OP_NEWPREDICT,PE-TTM 7.34、股息率约6.3%、PB处5年3.0%分位，绝对估值极低；但低估值有其原因：FY2025营收/利润双降10%，空调份额被美的/小米侵蚀、多元化未成、治理与接班不确定，市场定价终值风险。2026Q1(+3.0%)初步企稳,2026-07-10,2026-07-10,2026-04-29
600690,海尔智家,L2,A-DCF/现金流复利型,较低估,A-DCF/现金流复利：预期年化收益=FCF收益率+保守增长+股息回购+估值修复,valuation_202607_b04,20.35,190.8,10.2,1.52,"价20.35/市值1908亿；PE-TTM 10.2（5年2.7%分位，中位14.5）；PB1.52（1.4%）；FY2025归母195.5亿(+4.4%)；但2026Q1营收-6.9%/归母-15.2%（国补退坡冲击内销）；一致预期26E 205亿(+4.9%,9.3x)/27E 222.4亿，与Q1实绩缺口大；盈利收益率约9.8%；分红率约48%→股息率约4.7%；预期年化≈9.8%+2%+4.7%半计+2%修复≈15%",no,,海外（GEA/欧洲）盈利率提升+卡萨帝高端复苏，27E利润222亿×PE12x≈2670亿,否：9.3x前瞻PE处历史底部区,yes,PE-TTM 10.2/PB1.52处5年2.7%/1.4%分位（历史底部），全球白电品牌+海外占比过半的结构提供韧性，股息率约4.7%。但2026Q1营收-6.9%/归母-15.2%为明显负向单季（国补退坡内销冲击），与26E一致预期+4.9%缺口大、面临下修，业绩验证折扣下定较低估；Q2增速回正可上调。,Q2营收/利润增速回正；内销（国补退坡后）与海外分部表现；卡萨帝增速；GEA关税影响；26E一致预期方向,data/interim/valuation_evidence/600690.json;https://emweb.securities.eastmoney.com/PC_HSF10/ProfitForecast/PageAjax?code=SH600690;Eastmoney F10 MAINFINADATA/RPT_VALUEANALYSIS_DET/RPT_PUBLIC_OP_NEWPREDICT,PE-TTM 10.2/PB1.52处5年2.7%/1.4%分位（历史底部），全球白电品牌+海外占比过半的结构提供韧性，股息率约4.7%。但2026Q1营收-6.9%/归母-15.2%为明显负向单季（国补退坡内销冲击），与26E一致预期+4,2026-07-10,2026-07-10,2026-04-28
000895,双汇发展,L2,G-股东回报型低估,低估,G-股东回报：PB/ROE匹配+股息率vs无风险利率,valuation_202607_b04,23.37,81.0,15.4,4.07,价23.37/市值810亿；PE-TTM 15.4（5年12.3%分位）；PB4.07（1.3%分位）；ROE24.1%高且稳定；FY2025归母51.0亿(+2.3%)，2026Q1归母+13.6%/扣非+20.2%（猪价低位成本红利）；一致预期26E 54.1亿(15.0x)/27E 56.1亿；分红率约95%→股息率约6.0%，为无风险利率(约1.7%)的3.5倍；PB4.07对24%ROE与全额分红未透支,no,,肉制品结构升级（预制菜/新品类）+猪价低位红利延续，27E利润56亿维持95%分红,否,yes,股息率约6.0%（近全额分红）显著高于无风险利率3.5倍，ROE24%稳定、PB处5年1.3%分位，完全满足G档低估：股东回报显著且PB未透支ROE。2026Q1扣非+20.2%（猪价成本红利）提供短期顺风。增长弱（2-4%）但G型不依赖增长；肉制品量结构性平缓下行为主要风险，已被6%股息与历史底部估值覆盖。,生猪价格（成本红利反转风险）；肉制品销量与吨利；95%分红维持；预制菜/新渠道进展,data/interim/valuation_evidence/000895.json;https://emweb.securities.eastmoney.com/PC_HSF10/ProfitForecast/PageAjax?code=SZ000895;Eastmoney F10 MAINFINADATA/RPT_VALUEANALYSIS_DET/RPT_PUBLIC_OP_NEWPREDICT,股息率约6.0%（近全额分红）显著高于无风险利率3.5倍，ROE24%稳定、PB处5年1.3%分位，完全满足G档低估：股东回报显著且PB未透支ROE。2026Q1扣非+20.2%（猪价成本红利）提供短期顺风。增长弱（2-4%）但G型不依赖增,2026-07-10,2026-07-10,2026-04-29
600887,伊利股份,L2,A-DCF/现金流复利型,低估,A-DCF/现金流复利：预期年化收益=FCF收益率+保守增长+股息回购+估值修复,valuation_202607_b04,24.88,157.4,13.02,2.92,"价24.88/市值1574亿；PE-TTM 13.0（5年6.4%分位，中位21.0）；PB2.92（1.8%）；FY2025归母115.7亿(+36.8%，扣非+84.1%——2024年减值低基数+2025经营修复)；2026Q1归母+10.7%/扣非+15.1%（营收+5.5%）健康增长；一致预期26E 122.6亿(+6%,12.8x)/27E 133.1亿；分红率约72%→股息率约5.3%；盈利收益率约7.7%；原奶周期底部回升利好双寡头格局；预期年化≈7.7%+4%+5.3%半计+2%修复≈16%",no,,原奶价格回升+需求企稳带动液奶量价齐升，27E利润133亿×PE17x≈2260亿,否：12.8x前瞻PE按需求长期萎缩定价,yes,PE-TTM 13.0/PB2.92处5年6.4%/1.8%分位，股息率约5.3%（72%分红率），2026Q1扣非+15.1%确认经营修复，原奶周期底部上游产能出清利好乳业双寡头。FY2025高增含2024减值低基数效应，正常化增长中枢约5-8%，即便如此预期年化约16%≥12%，无当期业绩瑕疵，定低估。,原奶价格走势；液奶收入增速与费用率；奶粉/冷饮第二曲线；季度扣非增速；分红率维持,data/interim/valuation_evidence/600887.json;https://emweb.securities.eastmoney.com/PC_HSF10/ProfitForecast/PageAjax?code=SH600887;Eastmoney F10 MAINFINADATA/RPT_VALUEANALYSIS_DET/RPT_PUBLIC_OP_NEWPREDICT,PE-TTM 13.0/PB2.92处5年6.4%/1.8%分位，股息率约5.3%（72%分红率），2026Q1扣非+15.1%确认经营修复，原奶周期底部上游产能出清利好乳业双寡头。FY2025高增含2024减值低基数效应，正常化增长中枢约,2026-07-10,2026-07-10,2026-04-30
301498,乖宝宠物,L2,C-GARP成长型,中性,C-GARP：归一化PEG（Q1利润重挫归因待验）,valuation_202607_b05,39.06,15.6,26.4,3.37,"价39.06/市值156亿；PE-TTM 26.4（5年0.6%分位，中位45.5）；PB3.37（0.6%）；FY2025归母6.7亿(+7.8%，较2024年+45.7%大幅减速)；2026Q1营收+11.1%但归母-39.5%（净利率7.5%对上年13.8%——费用投放/原料/代工关税压制，归因待中报）；一致预期26E 7.5亿(+11%,21.0x)/27E 9.2亿/28E 11.1亿（26-28E CAGR约21%，但Q1后有下修风险）；表观PEG≈1.0不可靠",yes,2026保守归母约6.5-7.5亿元（Q1利润率压缩归因待核验）,麦富迪+弗列加特自有品牌高端化放量、利润率回升至12%+，28E利润11亿×PE28x≈310亿,否，但短期利润率崩塌亦未被一致预期反映,yes,宠物食品自有品牌逻辑长期不变，PE处5年0.6%分位；但2026Q1归母-39.5%、净利率近乎腰斩，增长与利润率同时失速，一致预期26E +11%面临下修，GARP口径的增长可防守性待验证。估值低分位与基本面恶化互相抵消，定中性；中报确认利润率修复后可上调。,Q1利润率崩塌归因（费用/原料/关税，中报）；自有品牌收入增速与占比；净利率回升；26E一致预期方向；美国代工业务关税敞口,data/interim/valuation_evidence/301498.json;https://emweb.securities.eastmoney.com/PC_HSF10/ProfitForecast/PageAjax?code=SZ301498;Eastmoney F10 MAINFINADATA/RPT_VALUEANALYSIS_DET/RPT_PUBLIC_OP_NEWPREDICT,宠物食品自有品牌逻辑长期不变，PE处5年0.6%分位；但2026Q1归母-39.5%、净利率近乎腰斩，增长与利润率同时失速，一致预期26E +11%面临下修，GARP口径的增长可防守性待验证。估值低分位与基本面恶化互相抵消，定中性；中报确认,2026-07-10,2026-07-10,2026-04-23
300866,安克创新,L2,C-GARP成长型,较低估,C-GARP：归一化PEG,valuation_202607_b05,105.92,61.7,24.49,6.02,"价105.92/市值617亿；PE-TTM 24.5（5年48.9%分位）；PB6.02（60.6%）；FY2025归母25.5亿(+20.4%，扣非+15.4%)；2026Q1营收+26.9%、扣非+24.4%（归母-4.9%为非经常项/汇兑拖累，经营性增长健康）；一致预期26E 31.9亿(+25%,19.3x)/27E 39.2亿/28E 47.1亿，26-28E CAGR约23%；PEG≈19.3/23≈0.84；ROE25%+稳定",no,,充电+安防+音频+机器人多品类品牌矩阵持续放量，28E归母47亿×PE25x≈1180亿,否：PEG<1，市场对关税与美国需求敞口给了折扣,yes,品牌出海龙头增长持续验证：营收连续多季25%+、2026Q1扣非+24.4%（归母-4.9%系非经常项），ROE25%+，PEG约0.84落在较低估档（0.7-1.0）。美国收入敞口大（关税与需求风险）与PE处自身中位分位是未到低估的原因。多品类研发+渠道飞轮通过了资本复制实证（判例11同族）。,美国关税进展与转嫁能力；分区域收入增速；新品类（安防/机器人）占比；扣非净利率；26E一致预期方向,data/interim/valuation_evidence/300866.json;https://emweb.securities.eastmoney.com/PC_HSF10/ProfitForecast/PageAjax?code=SZ300866;Eastmoney F10 MAINFINADATA/RPT_VALUEANALYSIS_DET/RPT_PUBLIC_OP_NEWPREDICT,品牌出海龙头增长持续验证：营收连续多季25%+、2026Q1扣非+24.4%（归母-4.9%系非经常项），ROE25%+，PEG约0.84落在较低估档（0.7-1.0）。美国收入敞口大（关税与需求风险）与PE处自身中位分位是未到低估的原因。,2026-07-10,2026-07-10,2026-04-30
603129,春风动力,L2,C-GARP成长型,中性,C-GARP：归一化PEG（利润率压缩校验）,valuation_202607_b05,252.01,38.7,22.98,5.26,"价252.01/市值387亿；PE-TTM 23.0（5年47.1%分位）；PB5.26（52.9%）；FY2025归母16.8亿(+13.8%，扣非仅+9.7%)，毛利率30.1%→26.9%（关税/运费/结构）；2026Q1营收+26.1%但归母仅+1.8%，净利率降至8.0%；一致预期26E 22.6亿(+34%,17.1x)/27E 28.8亿——与Q1实绩缺口大，隐含H2利润率大幅修复假设；保守口径2026约18-19亿(+10%)→PE约20x、PEG约1.4-2.0",yes,2026保守归母约18-19亿元（利润率修复假设打折）,极核电摩+四轮全地形车海外放量且关税转嫁成功，28E利润36亿×PE18x≈645亿,部分：收入增长已定价，利润率修复未定价亦未证伪,yes,收入增长强劲（Q1+26.1%）且全球动力运动品牌地位稳固，但利润率连续四季压缩（净利率9.9%→8.0%），FY2025扣非仅+9.7%、Q1归母仅+1.8%，一致预期26E+34%隐含的利润率修复缺乏当期证据；保守口径PEG约1.4-2.0，PE/PB处自身中位。量增利不增待解，定中性。,毛利率/净利率环比拐点；美国关税与提价转嫁；极核电摩销量；26E一致预期方向；汇率影响,data/interim/valuation_evidence/603129.json;https://emweb.securities.eastmoney.com/PC_HSF10/ProfitForecast/PageAjax?code=SH603129;Eastmoney F10 MAINFINADATA/RPT_VALUEANALYSIS_DET/RPT_PUBLIC_OP_NEWPREDICT,收入增长强劲（Q1+26.1%）且全球动力运动品牌地位稳固，但利润率连续四季压缩（净利率9.9%→8.0%），FY2025扣非仅+9.7%、Q1归母仅+1.8%，一致预期26E+34%隐含的利润率修复缺乏当期证据；保守口径PEG约1.4-2,2026-07-10,2026-07-10,2026-04-16
605499,东鹏饮料,L2,C-GARP成长型,较低估,C-GARP：归一化PEG,valuation_202607_b05,121.51,89.2,19.01,4.68,"价121.51/市值892亿；PE-TTM 19.0（5年0.6%分位，中位41.6）；PB4.68（0.6%）；FY2025归母44.2亿(+32.7%，扣非+28.3%)；2026Q1归母+28.3%/营收+21.5%持续高增；一致预期26E 55.0亿(+24%,16.2x)/27E 65.6亿/28E 76.6亿，26-28E CAGR约18%；PEG≈16.2/18≈0.9；ROE 39%+",no,,能量饮料份额继续提升+补水啦/大咖第二曲线全国化+出海，28E归母77亿×PE22x≈1690亿,否：19x TTM处上市以来0.6%分位，市场按增长大幅减速定价,yes,增长持续验证（FY2025+32.7%、2026Q1+28.3%），品类心智+百万终端渠道+第二曲线放量，ROE39%。PE-TTM 19.0处自身0.6%分位（从40x+中位深度消化），PEG约0.9落在较低估档；未到低估（PEG>0.7），且需跟踪能量饮料行业增速见顶与大股东减持风险。,能量饮料份额与行业增速；补水啦/咖啡等第二曲线收入；季度营收增速維持20%+；渠道库存；股东减持动向,data/interim/valuation_evidence/605499.json;https://emweb.securities.eastmoney.com/PC_HSF10/ProfitForecast/PageAjax?code=SH605499;Eastmoney F10 MAINFINADATA/RPT_VALUEANALYSIS_DET/RPT_PUBLIC_OP_NEWPREDICT,增长持续验证（FY2025+32.7%、2026Q1+28.3%），品类心智+百万终端渠道+第二曲线放量，ROE39%。PE-TTM 19.0处自身0.6%分位（从40x+中位深度消化），PEG约0.9落在较低估档；未到低估（PEG>0.7,2026-07-10,2026-07-10,2026-04-30
689009,九号公司,L2,C-GARP成长型,中性,C-GARP：归一化PEG（Q1增长破裂待归因）,valuation_202607_b05,37.82,27.7,18.39,3.63,"价37.82/市值277亿；PE-TTM 18.4（5年2.6%分位）；PB3.63（4.3%）；FY2025归母17.6亿(+62.2%)；但2026Q1营收+14.8%（自+50%大幅减速）、归母-55.4%/扣非-60.1%（净利率3.6%对上年8.9%——新国标切换扰动/费用投放/结构，归因待中报）；一致预期26E 21.5亿(+22%,12.9x)/27E 28.1亿(9.9x)——与Q1实绩严重背离，下修风险大；保守口径2026约15-18亿→PE约15-18x",yes,2026保守归母约15-18亿元（Q1重挫归因待核验）,两轮车新国标切换后份额加速+割草机器人/全地形车海外放量，28E归母34亿×PE18x≈615亿,否，但增长失速风险同样未定价,yes,FY2025高增(+62.2%)后2026Q1归母-55.4%/扣非-60.1%，增长骤然失速（新国标切换扰动与费用投放的归因待中报核验），一致预期26E+22%不可靠。智能短交通品牌与多品类扩张逻辑未证伪，PE处自身2.6%分位提供缓冲，但当期证据不足以支撑折扣档位，定中性；若Q2利润回正且归因为一次性切换扰动，上调复核。,Q1重挫归因（中报）；两轮车新国标后终端动销与份额；割草机器人海外销量；净利率回升；26E一致预期方向,data/interim/valuation_evidence/689009.json;https://emweb.securities.eastmoney.com/PC_HSF10/ProfitForecast/PageAjax?code=SH689009;Eastmoney F10 MAINFINADATA/RPT_VALUEANALYSIS_DET/RPT_PUBLIC_OP_NEWPREDICT,FY2025高增(+62.2%)后2026Q1归母-55.4%/扣非-60.1%，增长骤然失速（新国标切换扰动与费用投放的归因待中报核验），一致预期26E+22%不可靠。智能短交通品牌与多品类扩张逻辑未证伪，PE处自身2.6%分位提供缓冲，,2026-07-10,2026-07-10,2026-04-30
603529,爱玛科技,L2,C-GARP成长型,中性,C-GARP（周期底部+份额压力双重校验）,valuation_202607_b05,20.28,17.5,10.78,1.86,价20.28/市值175亿；PE-TTM 10.78（5年5.3%分位）；PB1.86（1.3%）；FY2025归母20.3亿(+2.3%)；2026Q1营收-18.5%/归母-67.6%（新国标切换+国补透支后需求空窗+九号等智能化竞品抢份额）；一致预期26E 21.2亿(8.3x)已不可靠——Q1仅2.0亿，保守2026约13-16亿(-20~-35%)→实际前瞻PE约11-13x；分红率约45%→2025口径股息率约5%,yes,2026保守归母约13-16亿元,新国标切换完成后行业量价回升+爱玛渠道优势守住份额，27E利润回20亿+×PE12x≈250亿,否，但份额被智能化竞品结构性侵蚀的风险也未证伪,yes,2026Q1营收-18.5%/归母-67.6%为需求空窗+新国标切换+竞争三重打击，且同期九号营收仍+14.8%，显示份额压力是结构性的而不仅是行业性的。表观PE 10.8x低但按保守2026年利润的实际前瞻PE约11-13x，双寡头渠道壁垒对冲短期崩塌，定中性；Q2起量能与份额若同步回升再上调。,月度终端动销与份额（对九号/雅迪）；新国标切换后渠道补库；净利率回升；26E一致预期下修幅度；分红维持,data/interim/valuation_evidence/603529.json;https://emweb.securities.eastmoney.com/PC_HSF10/ProfitForecast/PageAjax?code=SH603529;Eastmoney F10 MAINFINADATA/RPT_VALUEANALYSIS_DET/RPT_PUBLIC_OP_NEWPREDICT,2026Q1营收-18.5%/归母-67.6%为需求空窗+新国标切换+竞争三重打击，且同期九号营收仍+14.8%，显示份额压力是结构性的而不仅是行业性的。表观PE 10.8x低但按保守2026年利润的实际前瞻PE约11-13x，双寡头渠道壁,2026-07-10,2026-07-10,2026-04-23
002372,伟星新材,L2,A-DCF/现金流复利型,中性,A-DCF/现金流复利（地产链下行未见底校验）,valuation_202607_b05,7.98,12.7,17.02,2.86,"价7.98/市值127亿；PE-TTM 17.0（5年11.8%分位）；PB2.86（0.2%历史最低区）；FY2025归母7.4亿(-22.2%，营收-14.1%)；2026Q1营收-9.2%/扣非-23.4%（归母+5.1%靠非经常项）——零售管道随地产竣工继续萎缩，未见底；一致预期26E 8.2亿(+11%,15.5x)存在下修风险；分红率约90%→股息率约5.2%；FCF收益率约9.6%(PCF10.4)；预期年化≈5.9%盈利收益+0%增长+5.2%股息半计≈9-10%",no,,存量房翻新（星管家/防水净水同心圆）接棒新房需求，27E利润9亿×PE20x≈180亿,否，但翻新需求接棒的证据尚未出现,yes,高分红（约5.2%股息率）+净现金+零售品牌渠道构成底部价值，PB处历史0.2%分位；但收入连续两年双位数负增长且2026Q1扣非仍-23.4%，地产竣工下行未见底，预期年化约9-10%不足12%，翻新需求接棒尚无证据。吸引力与下行趋势相抵，定中性；季度收入回正为上调触发。,季度收入增速（回正触发上调）；零售/工程收入结构；地产竣工与二手房翻新需求；毛利率41%维持；高分红延续,data/interim/valuation_evidence/002372.json;https://emweb.securities.eastmoney.com/PC_HSF10/ProfitForecast/PageAjax?code=SZ002372;Eastmoney F10 MAINFINADATA/RPT_VALUEANALYSIS_DET/RPT_PUBLIC_OP_NEWPREDICT,高分红（约5.2%股息率）+净现金+零售品牌渠道构成底部价值，PB处历史0.2%分位；但收入连续两年双位数负增长且2026Q1扣非仍-23.4%，地产竣工下行未见底，预期年化约9-10%不足12%，翻新需求接棒尚无证据。吸引力与下行趋势相抵,2026-07-10,2026-07-10,2026-04-28
603993,洛阳钼业,L2,F-垄断资源型,中性,F-垄断资源：中枢商品价格正常化利润+中枢FCF收益率+PB交叉,valuation_202607_b05,17.5,374.4,15.5,4.52,价17.5/市值3744亿；PE-TTM 15.5（5年27.3%分位）；PB4.52（85.4%分位，5年中位2.6——资产口径已重估）；FY2025归母203.4亿(+50.3%)；2026Q1 +96.7%；H1'26预告（7/10晚披露）归母155-165亿(+78.8-90.3%)/扣非150-160亿(+71.9-83.4%)——铜钴量价齐升兑现；一致预期26E 336.7亿(11.1x)/27E 375.6亿/28E 414.9亿；中枢价格（铜约$9000、钴中枢回落）×2027产量下正常化归母约250-300亿→中枢PE约13-15x；中枢FCF收益率约4.5-5.5%,yes,中枢价格×2027产量正常化归母约250-300亿元,铜价维持$10000+与TFM/KFM扩产共振，27E利润375亿×PE13x≈4880亿,大部分定价：PB处5年85%分位，市值已反映高铜价+扩产的大半,yes,H1'26预告+79-90%确认铜钴量价共振，产量扩张（TFM/KFM）真实；但PB4.52处5年85.4%分位（中位2.6），市值已重估至反映高价延续，按中枢价格正常化利润计中枢PE约13-15x、中枢FCF收益率仅约5%，均无折扣。F档不设可接受较高估，未达高估（无需极端价格支撑当前市值），定中性。,铜/钴价格与刚果金配额政策；TFM/KFM产量爬坡；H1快报兑现度；资本开支纪律；PB分位回落,data/interim/valuation_evidence/603993.json;https://emweb.securities.eastmoney.com/PC_HSF10/ProfitForecast/PageAjax?code=SH603993;Eastmoney F10 MAINFINADATA/RPT_VALUEANALYSIS_DET/RPT_PUBLIC_OP_NEWPREDICT,H1'26预告+79-90%确认铜钴量价共振，产量扩张（TFM/KFM）真实；但PB4.52处5年85.4%分位（中位2.6），市值已重估至反映高价延续，按中枢价格正常化利润计中枢PE约13-15x、中枢FCF收益率仅约5%，均无折扣。F档,2026-07-10,2026-07-10,2026-07-11
000408,藏格矿业,L2,F-垄断资源型,中性,F-垄断资源：中枢利润（含巨龙权益法）+现金流滞后校验,valuation_202607_b05,69.3,108.7,23.24,7.11,"价69.3/市值1087亿；PE-TTM 23.2（5年56.3%分位）；PB7.11（78.2%）；FY2025归母38.5亿(+49.3%)；2026Q1 +110.6%（Q1净利率219%——巨龙铜业30.78%权益法收益主导，营收仅7.2亿）；H1'26预告（7/7）归母35.5-37.5亿(+97-108%)；一致预期26E 77.4亿(+101%,14.0x)/27E 97.5亿(11.2x)/28E 113.4亿；驱动：巨龙二期爬坡+锂价回升+钾稳定+紫金入主整合；中枢口径2027正常化约80-95亿→中枢PE约12-13x；权益法利润现金转化滞后（PCF56.7）",yes,中枢价格下2027正常化归母约80-95亿元（含巨龙权益贡献）,巨龙二期满产+三期核准+铜锂价格高位，28E归母113亿×PE13x≈1470亿,大部分定价：PE/PB处自身中高分位，翻倍式增长已反映在市值中,yes,H1预告+97-108%兑现强劲，巨龙二期+锂回升+紫金整合的成长路径真实；但PE-TTM 23.2/PB7.11处5年56%/78%分位，市值已计入利润翻倍的大半；利润以巨龙权益法收益为主、现金转化滞后（PCF56.7），分红能力受限。中枢PE约12-13x无折扣，F档定中性。,巨龙二期产量爬坡与分红回流；碳酸锂/氯化钾价格；紫金整合动作（资产注入/管理）；察尔汗采矿权续期；现金流与权益法利润的收敛,data/interim/valuation_evidence/000408.json;https://emweb.securities.eastmoney.com/PC_HSF10/ProfitForecast/PageAjax?code=SZ000408;Eastmoney F10 MAINFINADATA/RPT_VALUEANALYSIS_DET/RPT_PUBLIC_OP_NEWPREDICT,H1预告+97-108%兑现强劲，巨龙二期+锂回升+紫金整合的成长路径真实；但PE-TTM 23.2/PB7.11处5年56%/78%分位，市值已计入利润翻倍的大半；利润以巨龙权益法收益为主、现金转化滞后（PCF56.7），分红能力受限。中,2026-07-10,2026-07-10,2026-07-07
000792,盐湖股份,L2,F-垄断资源型,较低估,F-垄断资源：中枢商品价格正常化利润+中枢FCF收益率,valuation_202607_b05,25.4,134.4,13.03,3.01,价25.4/市值1344亿；PE-TTM 13.0（5年34.3%分位）；PB3.01（37.3%）；FY2025归母84.8亿(+81.8%)；2026Q1归母30.3亿(+154.8%，快报口径+147.4%)；H1'26预告（7/3）归母/扣非均60-63亿(+131-143%)——钾肥涨价+锂价回升+4万吨锂盐产能释放共振；一致预期26E 113.5亿(11.8x)/27E 126.9亿(10.6x)/28E 138.7亿；中枢价格（氯化钾约2500-2800元/吨、碳酸锂中枢回升）下正常化归母约90-110亿→中枢PE约12-15x；中枢FCF收益率约7%(PCF11.6，扩产资本开支已过峰),yes,中枢价格下正常化归母约90-110亿元,全球钾肥供给紧张延续+锂价站稳15万+，27E利润127亿×PE13x≈1650亿,否：PE/PB处自身中位下方，市场对钾锂价格持续性仍有折扣,yes,H1'26预告+131-143%确认钾锂双景气，4万吨锂盐产能释放提供量增；察尔汗盐湖资源垄断+提锂成本全球最低梯队。PE-TTM 13.0/PB3.01处自身34%/37%分位（未被高估分位透支），中枢价格口径正常化PE约12-15x、中枢FCF收益率约7%达较低估档（7-10%）下沿；五矿整合后治理与分红改善。定较低估。,氯化钾价格与全球供给（白俄/俄钾）；碳酸锂价格；4万吨锂盐达产率；分红率提升；新钾肥产能规划,data/interim/valuation_evidence/000792.json;https://emweb.securities.eastmoney.com/PC_HSF10/ProfitForecast/PageAjax?code=SZ000792;Eastmoney F10 MAINFINADATA/RPT_VALUEANALYSIS_DET/RPT_PUBLIC_OP_NEWPREDICT,H1'26预告+131-143%确认钾锂双景气，4万吨锂盐产能释放提供量增；察尔汗盐湖资源垄断+提锂成本全球最低梯队。PE-TTM 13.0/PB3.01处自身34%/37%分位（未被高估分位透支），中枢价格口径正常化PE约12-15x、中,2026-07-10,2026-07-10,2026-07-03
002532,天山铝业,L2,F-垄断资源型,较低估,F-垄断资源：中枢商品价格正常化利润+中枢FCF收益率（产能红线溢价）,valuation_202607_b06,11.17,51.7,8.65,1.71,价11.17（今日+4.69%）/市值517亿；PE-TTM 8.65（5年12.3%分位）；PB1.71（59.1%）；FY2025归母48.2亿(+8.1%)；2026Q1 +109.7%；H1'26预告（7/6）归母42亿(+101.5%)/扣非40.9亿(+108.6%)——电解铝价上行+氧化铝自供+新疆自备电成本兑现；一致预期26E 89亿(5.8x)/27E 98.6亿/28E 105.4亿；中枢铝价（约19000-20000元/吨）下正常化归母约40-50亿→中枢PE约10-13x；中枢FCF收益率约7-8%（当前口径11%+，PCF5.4）,yes,中枢铝价下正常化归母约40-50亿元,产能红线下铝价维持22000+且氧化铝自给率提升，27E利润99亿×PE8x≈790亿,否：前瞻5.8x仍按铝价均值回归定价，产能红线的结构性溢价未充分反映,yes,H1'26预告+101.5%确认电解铝量价兑现，产能红线（规则12 capped-capacity）使高铝价持续性高于普通周期；中枢价格口径正常化PE约10-13x、中枢FCF收益率约7-8%落在较低估档，当前价格口径FCF收益率超11%。PB处自身59%分位中位、未透支。定较低估。,电解铝价与吨盈利；氧化铝自给进度；新疆电价政策；H1快报兑现；分红率提升,data/interim/valuation_evidence/002532.json;https://emweb.securities.eastmoney.com/PC_HSF10/ProfitForecast/PageAjax?code=SZ002532;Eastmoney F10 MAINFINADATA/RPT_VALUEANALYSIS_DET/RPT_PUBLIC_OP_NEWPREDICT,H1'26预告+101.5%确认电解铝量价兑现，产能红线（规则12 capped-capacity）使高铝价持续性高于普通周期；中枢价格口径正常化PE约10-13x、中枢FCF收益率约7-8%落在较低估档，当前价格口径FCF收益率超11%。,2026-07-10,2026-07-10,2026-07-06
000933,神火股份,L2,F-垄断资源型,较低估,F-垄断资源：中枢利润（铝+煤双主业）+中枢FCF收益率,valuation_202607_b06,23.49,52.8,9.46,2.1,价23.49（今日+10.02%，预告日涨停）/市值528亿；PE-TTM 9.46（5年60.9%分位——2025年盈利下行所致）；PB2.1（29.8%）；FY2025归母40.1亿(-7.0%)；2026Q1 +223.3%；H1'26预告（今日7/10）归母48亿(+152%)/扣非48.1亿(+139.1%)——新疆80万吨+云南90万吨电解铝弹性全释放；一致预期26E 83.2亿(6.3x)/27E 89亿/28E 94亿；中枢口径（铝19000-20000+煤炭中枢）归母约45-55亿→中枢PE约10-11x；中枢FCF收益率约8-10%（PCF4.8）,yes,中枢铝价+煤价下正常化归母约45-55亿元,铝价高位+煤价回升共振，27E利润89亿×PE8x≈710亿,部分：今日+10%已反映预告，但前瞻6.3x仍隐含均值回归,yes,今日H1预告+152%（扣非+139%）确认电解铝弹性，指标类资产（新疆+云南171万吨）在产能红线下具结构性稀缺；中枢口径正常化PE约10-11x、中枢FCF收益率约8-10%达较低估档上沿，PB处29.8%低分位。今日涨停已部分兑现预告但估值分位仍低。定较低估。,电解铝价；河南煤炭板块盈利（煤价中枢）；云南水电铝电价；分红率；H1快报兑现,data/interim/valuation_evidence/000933.json;https://emweb.securities.eastmoney.com/PC_HSF10/ProfitForecast/PageAjax?code=SZ000933;Eastmoney F10 MAINFINADATA/RPT_VALUEANALYSIS_DET/RPT_PUBLIC_OP_NEWPREDICT,今日H1预告+152%（扣非+139%）确认电解铝弹性，指标类资产（新疆+云南171万吨）在产能红线下具结构性稀缺；中枢口径正常化PE约10-11x、中枢FCF收益率约8-10%达较低估档上沿，PB处29.8%低分位。今日涨停已部分兑现预告,2026-07-10,2026-07-10,2026-07-10
002128,电投能源,L2,F-垄断资源型,中性,F-垄断资源：中枢利润+自身估值分位交叉（已重估校验）,valuation_202607_b06,24,70.9,12.09,1.51,"价24.0（今日+3.94%）/市值709亿；PE-TTM 12.09（5年89.7%分位）；PB1.51（95.4%分位，中位1.2）——红利+铝逻辑已被市场重估；FY2025归母54.2亿(+1.5%)；2026Q1 +28.4%；一致预期26E 76亿(+40%,9.3x)/27E 81.2亿；中枢口径（褐煤坑口+自备电铝86万吨）归母约55-65亿→中枢PE约11-12x；中枢FCF收益率约7-8.5%（PCF7.0，新能源装机capex约40-50亿/年）",yes,中枢价格下正常化归母约55-65亿元,铝价高位+白音华扩产+绿电装机贡献，27E利润81亿×PE10x≈810亿,大部分定价：PE/PB处自身90-95%分位，一体化红利故事已重估,yes,霍林河坑口褐煤+自备电+电解铝一体化的成本壁垒真实，2026Q1+28.4%受益铝价；但PE-TTM/PB分别处5年89.7%/95.4%分位，市场已按红利+铝弹性完成重估，中枢口径PE约11-12x、中枢FCF收益率约7-8.5%相对自身历史无折扣。与天山/神火（PB处30-60%分位）相比涨幅已兑现在前。定中性。,铝价与吨盈利；褐煤外销价格；新能源装机与利用小时；PB分位回落；分红率,data/interim/valuation_evidence/002128.json;https://emweb.securities.eastmoney.com/PC_HSF10/ProfitForecast/PageAjax?code=SZ002128;Eastmoney F10 MAINFINADATA/RPT_VALUEANALYSIS_DET/RPT_PUBLIC_OP_NEWPREDICT,霍林河坑口褐煤+自备电+电解铝一体化的成本壁垒真实，2026Q1+28.4%受益铝价；但PE-TTM/PB分别处5年89.7%/95.4%分位，市场已按红利+铝弹性完成重估，中枢口径PE约11-12x、中枢FCF收益率约7-8.5%相对自身,2026-07-10,2026-07-10,2026-04-15
600111,北方稀土,L2,F-垄断资源型,中性,F-垄断资源：战略重估下的中枢利润+现金流质量校验,valuation_202607_b06,42.51,153.7,56.12,6.12,价42.51/市值1537亿；PE-TTM 56.1（5年61.9%分位）；PB6.12（55.5%）；FY2025归母22.5亿(+124.2%)；2026Q1 +113.1%（预告口径+109-118%）；一致预期26E 40.9亿(37.5x)/27E 50.8亿(30.2x)/28E 65.3亿(23.5x)；驱动：出口管制后稀土战略重估+镨钕价格上行+磁材需求；中枢口径（镨钕45-60万/吨区间取中）归母约40-55亿→中枢PE约28-38x；经营现金流近零（PCF354.9，存货/应收吸收利润），盈利现金转化未兑现,yes,战略重估后中枢归母约40-55亿元（新中枢存在不确定性）,出口管制常态化使镨钕价格中枢永久上移至60万+，28E利润65亿×PE30x≈1960亿,大部分定价：当前市值已隐含新价格中枢延续至2028,yes,轻稀土配额垄断+出口管制带来的战略重估真实，利润连续翻倍；但PE-TTM 56x、26E仍37.5x，市值已隐含高稀土价延续，且经营现金流近零（PCF355）、盈利未转化为现金。战略新中枢之辩下不按旧中枢判极端价格依赖，但也无任何折扣，PE/PB处自身中位。定中性；现金流持续为零或26E下修则转高估复核。,氧化镨钕价格与出口管制政策；经营现金流转正（关键质量信号）；包钢关联交易定价；磁材需求（人形机器人/新能源）；26E一致预期方向,data/interim/valuation_evidence/600111.json;https://emweb.securities.eastmoney.com/PC_HSF10/ProfitForecast/PageAjax?code=SH600111;Eastmoney F10 MAINFINADATA/RPT_VALUEANALYSIS_DET/RPT_PUBLIC_OP_NEWPREDICT,轻稀土配额垄断+出口管制带来的战略重估真实，利润连续翻倍；但PE-TTM 56x、26E仍37.5x，市值已隐含高稀土价延续，且经营现金流近零（PCF355）、盈利未转化为现金。战略新中枢之辩下不按旧中枢判极端价格依赖，但也无任何折扣，PE,2026-07-10,2026-07-10,2026-04-29
600989,宝丰能源,L2,F-垄断资源型,较低估,F-垄断资源：中枢利润（煤制烯烃成本曲线）+中枢FCF收益率,valuation_202607_b06,20.32,149.0,11.85,3.04,价20.32/市值1490亿；PE-TTM 11.85（5年0.3%分位，历史最低区）；PB3.04（34.6%）；FY2025归母113.5亿(+79.1%，内蒙300万吨烯烃达产)；2026Q1 +50.2%；一致预期26E 156.9亿(9.5x)/27E 166.6亿(8.9x)/28E 179.2亿；中枢口径（烯烃价差中位+内蒙满产）归母约130-150亿→中枢PE约10-11.5x；FCF：OCF约191亿(PCF7.8)-新疆项目capex→当前FCF收益率约5.5-7.5%，capex过峰后约9-10%,yes,中枢价差下正常化归母约130-150亿元,油价中枢支撑烯烃价差+新疆400万吨项目核准，28E利润179亿×PE11x≈1970亿,否：PE处历史0.3%分位，量增逻辑未充分定价,yes,煤制烯烃产能指标约束+成本曲线最低（规则12），内蒙基地达产驱动FY2025+79%、Q1'26+50%，量增为主、价差弹性为辅的利润结构比纯周期股扎实。PE-TTM 11.85处5年0.3%分位（利润翻倍而估值分位历史最低），中枢PE约10-11.5x、capex过峰后中枢FCF收益率趋近10%。定较低估。,聚烯烃-煤炭价差；内蒙基地产量利用率；新疆项目核准进度；油价（烯烃替代成本锚）；capex节奏与FCF转正,data/interim/valuation_evidence/600989.json;https://emweb.securities.eastmoney.com/PC_HSF10/ProfitForecast/PageAjax?code=SH600989;Eastmoney F10 MAINFINADATA/RPT_VALUEANALYSIS_DET/RPT_PUBLIC_OP_NEWPREDICT,煤制烯烃产能指标约束+成本曲线最低（规则12），内蒙基地达产驱动FY2025+79%、Q1'26+50%，量增为主、价差弹性为辅的利润结构比纯周期股扎实。PE-TTM 11.85处5年0.3%分位（利润翻倍而估值分位历史最低），中枢PE约1,2026-07-10,2026-07-10,2026-04-24
603505,金石资源,L2,F-垄断资源型,中性,F-垄断资源：中枢利润+成长交付校验（稀缺溢价常态化）,valuation_202607_b06,16.71,14.1,43.93,7.58,价16.71/市值141亿；PE-TTM 43.9（5年25.5%分位，中位53.4——常年高溢价）；PB7.58（6.2%）；FY2025归母3.3亿(+26.7%)；2026Q1 -8.4%（萤石价格偏弱+伴生矿低毛利占比升）；一致预期26E 4.8亿(29.3x)/27E 6.3亿(22.4x)/28E 7.5亿(18.7x)——隐含包钢伴生矿与氟化工链全面兑现；中枢利润约4-5亿→中枢PE约28-35x；FCF近零（PCF83.2，扩建期）,yes,中枢萤石价格下正常化归母约4-5亿元,包钢伴生矿达产+萤石价格回升+氟化工一体化，28E利润7.5亿×PE25x≈188亿,大部分：29x前瞻PE已隐含成长交付，Q1负增长与之背离,yes,萤石采矿证与储量垄断（战略小金属稀缺）使其常年享受高估值溢价，PE处自身25.5%分位不算贵；但绝对29x前瞻PE已隐含伴生矿放量与萤石价格回升的顺利交付，而2026Q1归母-8.4%与该假设背离，FCF在扩建期近零。稀缺溢价与交付风险相抵，定中性。,萤石精粉价格；包钢金石伴生矿产量与毛利率；季度利润增速回正；氟化工下游（制冷剂/含氟材料）景气；26E一致预期方向,data/interim/valuation_evidence/603505.json;https://emweb.securities.eastmoney.com/PC_HSF10/ProfitForecast/PageAjax?code=SH603505;Eastmoney F10 MAINFINADATA/RPT_VALUEANALYSIS_DET/RPT_PUBLIC_OP_NEWPREDICT,萤石采矿证与储量垄断（战略小金属稀缺）使其常年享受高估值溢价，PE处自身25.5%分位不算贵；但绝对29x前瞻PE已隐含伴生矿放量与萤石价格回升的顺利交付，而2026Q1归母-8.4%与该假设背离，FCF在扩建期近零。稀缺溢价与交付风险相抵,2026-07-10,2026-07-10,2026-04-29
000657,中钨高新,L2,F-垄断资源型,高估,F-垄断资源：中枢商品价格检验（极端价格依赖判定）,valuation_202607_b06,74.71,170.2,87.34,16.76,价74.71/市值1702亿；PE-TTM 87.3（5年93.8%分位）；PB16.76（98.4%分位，5年中位仅2.8）；FY2025归母12.8亿(+29.2%)；2026Q1 +264%（预告+256-276%）——钨价受出口管制+军工需求驱动暴涨的尖峰利润；一致预期26E 46.2亿(36.8x)/27E 50.6亿(33.7x)/28E 59亿(28.9x)——全部建立在钨价维持极端高位假设上；中枢钨价下正常化归母约25-35亿→中枢PE约50-65x；经营现金流为负（PCF-133）,yes,中枢钨价下正常化归母约25-35亿元,钨出口管制常态化+柿竹园资产注入+刀具高端化，28E利润59亿×PE30x≈1770亿,是：当前1702亿市值已等于bull case 2028合理市值，且依赖极端钨价延续,no,Q1'26 +264%为钨价出口管制尖峰所致，PE-TTM 87x/PB16.8处5年94%/98%分位（PB为历史中位的6倍），26E一致预期46亿本身即以极端钨价为前提，中枢钨价下正常化PE约50-65x，经营现金流为负。属F档'必须依赖极端商品价格'的典型，定高估，不入池。钨配额+柿竹园世界级资源的质量结论不变。,钨精矿/APT价格（回落至中枢的幅度）；出口管制政策变化；柿竹园注入进展；现金流转正；PB分位回落,data/interim/valuation_evidence/000657.json;https://emweb.securities.eastmoney.com/PC_HSF10/ProfitForecast/PageAjax?code=SZ000657;Eastmoney F10 MAINFINADATA/RPT_VALUEANALYSIS_DET/RPT_PUBLIC_OP_NEWPREDICT,Q1'26 +264%为钨价出口管制尖峰所致，PE-TTM 87x/PB16.8处5年94%/98%分位（PB为历史中位的6倍），26E一致预期46亿本身即以极端钨价为前提，中枢钨价下正常化PE约50-65x，经营现金流为负。属F档'必须依,2026-07-10,2026-07-10,2026-04-27
600549,厦门钨业,L2,F-垄断资源型,高估,F-垄断资源：中枢商品价格检验+PB分位交叉,valuation_202607_b06,63.35,100.6,33.16,5.69,价63.35/市值1006亿；PE-TTM 33.2（5年86.9%分位）；PB5.69（96.0%分位，5年中位2.8）；FY2025归母23.1亿(+34.9%)；2026Q1 +189.1%（钨价尖峰+磁材/钨丝放量）；一致预期26E 50.2亿(20.0x)/27E 57.4亿/28E 70.7亿(14.2x)——26E隐含利润再翻倍，依赖钨价高位延续；中枢钨价下正常化归母约30-38亿（含钨丝/刀具/磁材结构性业务）→中枢PE约26-33x,yes,中枢钨价下正常化归母约30-38亿元,钨价管制溢价常态化+光伏钨丝渗透+磁材出海，28E利润71亿×PE16x≈1130亿,是：市值已达bull case 2028的约89%，且26E翻倍假设依赖极端钨价,no,钨一体化+光伏钨丝垄断的结构性业务真实，但当前利润与预期均被钨价尖峰主导：Q1'26 +189%，26E一致预期50亿隐含再翻倍，PB5.69处5年96%分位（历史中位2.8的2倍）。中枢钨价下正常化PE约26-33x无吸引力，市值接近bull case 2028。按'必须依赖极端商品价格'定高估，不入池；钨价中枢若被管制永久抬升再复核。,钨价与出口管制；光伏钨丝量价（渗透率）；磁材/刀具分部利润占比（非价格业务权重）；PB分位回落；26E兑现度,data/interim/valuation_evidence/600549.json;https://emweb.securities.eastmoney.com/PC_HSF10/ProfitForecast/PageAjax?code=SH600549;Eastmoney F10 MAINFINADATA/RPT_VALUEANALYSIS_DET/RPT_PUBLIC_OP_NEWPREDICT,钨一体化+光伏钨丝垄断的结构性业务真实，但当前利润与预期均被钨价尖峰主导：Q1'26 +189%，26E一致预期50亿隐含再翻倍，PB5.69处5年96%分位（历史中位2.8的2倍）。中枢钨价下正常化PE约26-33x无吸引力，市值接近bu,2026-07-10,2026-07-10,2026-04-24
000893,亚钾国际,L2,F-垄断资源型,较低估,F-垄断资源：中枢钾价正常化利润+量增交付,valuation_202607_b06,39.65,36.6,20.12,2.66,价39.65/市值366亿；PE-TTM 20.1（5年42.5%分位）；PB2.66（52.3%）；FY2025归母16.7亿(+76%，预告口径+75-107%)；2026Q1 +38.5%；一致预期26E 31.6亿(11.6x)/27E 42.5亿(8.6x)/28E 50.6亿(7.2x)；驱动：全球钾肥涨价+老挝产能爬坡（300万吨在产、规划500万吨）；中枢钾价（2500-2800元/吨）×2027产量下正常化归母约30-38亿→中枢PE约10-12x；扩建期FCF约2-3%（capex高），达产后中枢FCF收益率约8-10%,yes,中枢钾价×2027产量正常化归母约30-38亿元,全球钾肥供给格局紧张延续+500万吨达产，28E利润51亿×PE10x≈510亿,否：前瞻8.6-11.6x仍给了钾价回落与老挝交付风险折扣,yes,老挝钾矿资源稀缺+运距东南亚成本优势，钾肥景气（同盐湖H1'26预告链）+产能爬坡双驱动，FY2025+76%、Q1'26+38.5%持续兑现。中枢价格×2027产量口径PE约10-12x，PE/PB处自身42%/52%中位分位未透支；扩建期FCF偏弱与老挝地缘/物流为主要折扣来源。定较低估。,氯化钾价格（东南亚到岸）；老挝二三期爬坡与500万吨进度；单吨成本；地缘与运输风险；分红启动,data/interim/valuation_evidence/000893.json;https://emweb.securities.eastmoney.com/PC_HSF10/ProfitForecast/PageAjax?code=SZ000893;Eastmoney F10 MAINFINADATA/RPT_VALUEANALYSIS_DET/RPT_PUBLIC_OP_NEWPREDICT,老挝钾矿资源稀缺+运距东南亚成本优势，钾肥景气（同盐湖H1'26预告链）+产能爬坡双驱动，FY2025+76%、Q1'26+38.5%持续兑现。中枢价格×2027产量口径PE约10-12x，PE/PB处自身42%/52%中位分位未透支；扩建,2026-07-10,2026-07-10,2026-04-28
601225,陕西煤业,L2,F-垄断资源型,较低估,F-垄断资源：中枢利润+中枢FCF收益率（成本曲线最低端）,valuation_202607_b06,22.92,222.2,13.74,2.38,价22.92/市值2222亿；PE-TTM 13.74（5年93.2%分位——2025年盈利下行而股价坚挺）；PB2.38（56.5%）；FY2025归母167.6亿(-25.0%，煤价下行)；2026Q1 -12.4%；H1'26预告（7/11凌晨披露）归母112.3-116.9亿(+47-53%)/扣非95.2-99.8亿(+31.8-38.1%)——Q2煤价回升+隆基等权益投资公允价值贡献；一致预期26E 200.8亿(11.1x)/27E 217亿；中枢归母约190-220亿→中枢PE约10-11x；FCF：OCF约377亿(PCF5.9)-新街矿区capex约120-150亿→中枢FCF收益率约9-10%；分红率约60%→26E股息率约5.4%,yes,中枢煤价下正常化归母约190-220亿元,煤价中枢回升+新街矿区投产量增+权益投资市值贡献，27E利润217亿×PE13x≈2820亿,否，但红利溢价已使PE分位处历史高位,yes,H1'26预告+47-53%（扣非+32-38%）确认煤价自2025年谷底回升，成本曲线最低端+指标稀缺使中枢利润扎实；中枢PE约10-11x、中枢FCF收益率约9-10%处较低估档上沿，26E股息率约5.4%。PE分位93.2%为红利重估+盈利谷底的组合效应而非价格泡沫；归母含隆基等权益公允价值波动需用扣非口径跟踪。定较低估。,北港5500K煤价与坑口价；新街台格庙矿区进度与capex；扣非与归母口径差（权益投资波动）；分红率维持60%；H1快报兑现,data/interim/valuation_evidence/601225.json;https://emweb.securities.eastmoney.com/PC_HSF10/ProfitForecast/PageAjax?code=SH601225;Eastmoney F10 MAINFINADATA/RPT_VALUEANALYSIS_DET/RPT_PUBLIC_OP_NEWPREDICT,H1'26预告+47-53%（扣非+32-38%）确认煤价自2025年谷底回升，成本曲线最低端+指标稀缺使中枢利润扎实；中枢PE约10-11x、中枢FCF收益率约9-10%处较低估档上沿，26E股息率约5.4%。PE分位93.2%为红利重估,2026-07-10,2026-07-10,2026-07-11
