security_code,security_name,attention_class,quality_tier,primary_strategy_tag,moat_summary,capital_replicability,peer_comparison,garbage_reason,boundary_recheck_trigger,tier_reason,watch_action,evidence_sources,decision_log_summary,analysis_batch_id,reviewed_at_utc,workflow_version
600519,贵州茅台,worth_attention,L1,A-DCF/现金流复利型,品牌+赤水河产区+陈年基酒三重不可复制壁垒，超高端心智独占，提价与直营结构优化验证定价权；前瞻侵蚀：年轻消费习惯变化与政务商务需求收缩压制中期增长，但2-3年内无侵蚀品牌与定价权的可见路径。,资金无法买到茅台品牌、产区与年份基酒库存，资本复制测试完全通过（行业公认）。,白酒品牌力、吨价、盈利质量全面第一；作为全池最强锚点，本轮L1其余候选均以茅台为对照。,,,L1持久护城河/现金流锚：GM91%/NM50%/ROE33%，现金转化卓越；行业增长走弱只记入估值与仓位备注，不降质量档（§5.7.1规则2）。当前下行为需求周期而非护城河受损。,upgrade(旧L2),round1_triage_2026-07 + prior_round_deep_review_2026-06(data/archive/2026-06-two-layer-review) + local_financial_indicators_2026Q1(data/interim/a_share_financial_indicators.csv) + docs/peer-group-calibration; 模型既有知识判断，权威材料需后续刷新,顶级品牌+产区+基酒三重垄断，定价权穿越周期验证，现金流质量全池最优；2026下行属需求周期，护城河无侵蚀路径。旧轮L2因增长悲观降档不符新标准（增长弱只记估值备注），升L1，作为全池现金流锚基准。,tier_rebuild_202607_b01,2026-07-09T20:20:34Z,a-share-selection-operation-v17
000858,五粮液,worth_attention,L2,A-DCF/现金流复利型,明代老窖池+浓香第一品牌+全国渠道，高端心智仅次茅台；前瞻侵蚀：批价倒挂与渠道库存压制盈利，普五提价能力弱于茅台，行业缩量下品牌分化加剧。,老窖池与高端品牌无法资本复制，测试通过。,高端白酒第二，品牌溢价与渠道管控力对照茅台锚点弱一档；2026Q1主动控货收入-55%显示渠道脆弱性高于茅台。,,,L2：护城河明确但存在同业地位折扣（对照茅台定价权与直营结构差距）与渠道去库存验证期；不上L1因下行期盈利韧性显著弱于锚点。,maintain(旧L2),round1_triage_2026-07 + prior_round_deep_review_2026-06(data/archive/2026-06-two-layer-review) + local_financial_indicators_2026Q1(data/interim/a_share_financial_indicators.csv) + docs/peer-group-calibration; 模型既有知识判断，权威材料需后续刷新,浓香高端龙头老窖池+品牌不可复制，但批价倒挂、渠道库存与2026Q1收入-55%显示对照茅台锚点的定价权与渠道管控差距，维持L2准核心，等待渠道出清与批价企稳。,tier_rebuild_202607_b01,2026-07-09T20:20:34Z,a-share-selection-operation-v17
600809,山西汾酒,worth_attention,L2,A-DCF/现金流复利型,杏花村品牌+清香品类第一心智，全国化与青花系列高端化持续兑现；前瞻侵蚀：清香扩容期竞品（光瓶酒内卷）与高端化天花板待验证，行业缩量风险共担。,清香龙头品牌与历史积淀不可复制，测试通过。,行业下行期唯一保持正增长的全国性酒企（2026Q1收入+7.5%，ROE33%），成长质量优于五粮液/老窖，品牌价位带对照茅五仍低一档。,,,L2：品牌与全国化验证充分、下行期韧性最佳，但高端价位带尚未站稳（青花30以上体量小），对照茅台锚点品牌纵深不足，不上L1。,maintain(旧L2),round1_triage_2026-07 + prior_round_deep_review_2026-06(data/archive/2026-06-two-layer-review) + local_financial_indicators_2026Q1(data/interim/a_share_financial_indicators.csv) + docs/peer-group-calibration; 模型既有知识判断，权威材料需后续刷新,清香龙头全国化+下行期正增长（ROE33%）验证品牌动能，为白酒板块成长质量最优者；青花高端带未完全站稳、品牌纵深弱于茅台锚点，维持L2。,tier_rebuild_202607_b01,2026-07-09T20:20:34Z,a-share-selection-operation-v17
000568,泸州老窖,worth_attention,L2,A-DCF/现金流复利型,400年连续使用老窖池物理独占+国窖1573高端品牌；前瞻侵蚀：高端三强末位库存与价格压力最大，腰部产品竞争烈度高。,连续使用老窖池的时间资产无法复制，测试通过。,高端白酒第三，品牌力与渠道弱于茅五，2026Q1收入-17.5%显示下行弹性大；对照汾酒的增长韧性亦弱。,,,L2：老窖池+高端品牌护城河明确，折扣在高端三强末位的同业地位与下行期弹性；不上L1因定价权与需求韧性对照锚点差距明显。,add(旧轮无档),round1_triage_2026-07 + prior_round_deep_review_2026-06(data/archive/2026-06-two-layer-review) + local_financial_indicators_2026Q1(data/interim/a_share_financial_indicators.csv) + docs/peer-group-calibration; 模型既有知识判断，权威材料需后续刷新,老窖池物理独占+国窖高端品牌成立，但高端三强末位地位使其在缩量周期承受最大价格与库存压力，收入-17.5%；护城河真实、韧性折扣，定L2。,tier_rebuild_202607_b01,2026-07-09T20:20:34Z,a-share-selection-operation-v17
002304,洋河股份,worth_attention,L3,E-落难白马型,绵柔品类心智+海量基酒储备+全国渠道，但品牌高端化失位、省内被今世缘持续侵蚀，护城河处于被削弱而非完好状态；前瞻侵蚀：渠道模式老化与管理层动荡若不逆转，品牌资产继续折耗。,基酒产能与品类心智难以速成，但渠道与品牌位置已被同业实际侵蚀，测试仅部分通过。,全国化名酒中基本面最弱（2026Q1收入-33%/利润-67%/ROE4.6%），对照汾酒全面落后，省内对照今世缘份额趋势不利。,,,L3落难白马观察：基酒资产+品牌底盘+高分红构成有据可查的反转路径，但修复证据未现（利润仍在下修），不足以L2；催化明确（渠道改革+库存出清+股息支撑）故不落L4。,add(旧轮无档),round1_triage_2026-07 + prior_round_deep_review_2026-06(data/archive/2026-06-two-layer-review) + local_financial_indicators_2026Q1(data/interim/a_share_financial_indicators.csv) + docs/peer-group-calibration; 模型既有知识判断，权威材料需后续刷新,绵柔品类与基酒资产真实但品牌高端化失败、省内份额被今世缘侵蚀，2026Q1利润-67%仍在探底；按落难白马路径列L3战术观察，跟踪渠道改革与利润止跌信号，修复验证前不升档。,tier_rebuild_202607_b01,2026-07-09T20:20:34Z,a-share-selection-operation-v17
600132,重庆啤酒,worth_attention,L2,A-DCF/现金流复利型,嘉士伯中国平台+乌苏/1664品牌矩阵+新疆宁夏重庆强势区域垄断市场，高端化定价权验证；前瞻侵蚀：乌苏大单品退潮后增长引擎缺位，现饮渠道疲软。,啤酒品牌与区域渠道垄断格局已固化，新资本无法再造，测试通过。,区域市场垄断强度啤酒业第一、ROE81%（高派息低净资产），但增长（+0.5%）与全国布局对照青啤华润弱。,,,L2：区域垄断+外资品牌矩阵+超高股东回报明确，折扣在增长引擎缺位与单一大单品依赖；啤酒业无L1候选（品类增长弱+竞争格局虽固化但定价权有限）。,maintain(旧L2),round1_triage_2026-07 + prior_round_deep_review_2026-06(data/archive/2026-06-two-layer-review) + local_financial_indicators_2026Q1(data/interim/a_share_financial_indicators.csv) + docs/peer-group-calibration; 模型既有知识判断，权威材料需后续刷新,嘉士伯平台区域垄断+高派息ROE81%护城河明确，乌苏退潮后增长乏力为主要折扣；对照青啤品牌广度弱但区域垄断更深，维持L2。,tier_rebuild_202607_b01,2026-07-09T20:20:34Z,a-share-selection-operation-v17
600600,青岛啤酒,worth_attention,L2,A-DCF/现金流复利型,百年品牌+山东基地市场垄断+CR5超九成的固化格局，高端化提价穿越周期验证；前瞻侵蚀：啤酒总量长期缩量，现饮场景恢复偏慢，高端带竞争（华润喜力/百威）。,品牌渠道产能网络不可复制，行业整合完成后无新进入路径，测试通过。,品牌资产啤酒业第一、基地市场垄断稳固；对照重啤区域垄断深度略浅但品牌与全国广度更强，两者同档。,,,L2：格局固化+提价权验证+稳健盈利（ROE15.5%）明确，折扣在品类总量缩减与高端化空间有限；不上L1因品类增长与定价权强度对照茅台/海天锚点不足。,upgrade(旧L3),round1_triage_2026-07 + prior_round_deep_review_2026-06(data/archive/2026-06-two-layer-review) + local_financial_indicators_2026Q1(data/interim/a_share_financial_indicators.csv) + docs/peer-group-calibration; 模型既有知识判断，权威材料需后续刷新,百年品牌+基地市场+固化寡头格局，提价与盈利改善验证（利润+5.6%）；品类缩量为结构性折扣，由L3升L2，与重啤同档作为啤酒双锚。,tier_rebuild_202607_b01,2026-07-09T20:20:34Z,a-share-selection-operation-v17
000423,东阿阿胶,worth_attention,L2,A-DCF/现金流复利型,阿胶品类=东阿品牌的心智垄断+传承品牌+驴皮资源掌控，2019去库存危机后定价体系重建并验证恢复；前瞻侵蚀：品类年轻化与滋补需求变迁、单品类依赖。,传承品牌与品类心智不可购买，同仁堂/福牌多年未撼动其定价基准地位，测试通过。,滋补品类垄断度对照片仔癀（行政独占）低一档，对照华润江中同为品类垄断型但弹性更大；ROE16.7%+双位数增长验证修复。,,,L2：品类垄断+定价权再验证+华润治理改善，折扣在品类空间与曾经的渠道库存崩塌史（提价模式脆弱性已暴露过一次）；不上L1因单品类空间与需求代际风险。,maintain(旧L2),round1_triage_2026-07 + prior_round_deep_review_2026-06(data/archive/2026-06-two-layer-review) + local_financial_indicators_2026Q1(data/interim/a_share_financial_indicators.csv) + docs/peer-group-calibration; 模型既有知识判断，权威材料需后续刷新,阿胶品类心智垄断经2019崩盘-重建完整验证，当前ROE16.7%、收入利润双位数增长，定价权恢复；单品类空间与代际需求为持续折扣，维持L2。,tier_rebuild_202607_b01,2026-07-09T20:20:34Z,a-share-selection-operation-v17
000538,云南白药,worth_attention,L2,A-DCF/现金流复利型,国家保密配方（法律独占）+白药品牌+牙膏第一份额；前瞻侵蚀：牙膏份额被云南白药自身增长天花板压制，药品板块增长平庸，多元化（医美/资管）执行风险。,保密配方为行政独占，品牌心智不可复制，测试通过。,保密配方双垄断对照片仔癀同源但产品带更宽、增长更稳；经营效率（ROE13%）对照华润三九略低。,,,L2：法律级独占+消费品化成功（牙膏）护城河明确，折扣在增长平庸（+2.9%）与历史资本配置失误（炒股亏损）；不上L1因增长动能与现金流强度不足对抗锚点。,maintain(旧L2),round1_triage_2026-07 + prior_round_deep_review_2026-06(data/archive/2026-06-two-layer-review) + local_financial_indicators_2026Q1(data/interim/a_share_financial_indicators.csv) + docs/peer-group-calibration; 模型既有知识判断，权威材料需后续刷新,保密配方+牙膏第一+传承品牌三重护城河明确，混改后治理修复、利润+8.5%；增长平庸与资本配置前科为折扣，维持L2。,tier_rebuild_202607_b01,2026-07-09T20:20:34Z,a-share-selection-operation-v17
000999,华润三九,worth_attention,L2,C-GARP成长型,999感冒灵等OTC品牌组合心智+中药配方颗粒牌照+华润渠道整合能力，品牌矩阵横跨感冒/胃/皮肤多品类；前瞻侵蚀：配方颗粒集采降价、OTC电商化对品牌溢价的侵蚀。,OTC品牌心智需数十年沉淀，牌照有准入门槛，测试通过。,OTC品牌广度全行业第一（对照江中单品类、同仁堂机制弱），并购整合（昆药）执行力验证；ROE16%+收入+14%成长质量优。,,,L2：品牌矩阵+牌照+国企渠道整合三重优势且增长验证，折扣在集采政策扰动与并购商誉；由L3升L2，OTC品牌组合的护城河广度被旧轮低估。,upgrade(旧L3),round1_triage_2026-07 + prior_round_deep_review_2026-06(data/archive/2026-06-two-layer-review) + local_financial_indicators_2026Q1(data/interim/a_share_financial_indicators.csv) + docs/peer-group-calibration; 模型既有知识判断，权威材料需后续刷新,999品牌矩阵+配方颗粒牌照+华润整合平台，收入+14%增长质量佳；集采与商誉为折扣，品牌组合广度优于单品类同行，升L2。,tier_rebuild_202607_b01,2026-07-09T20:20:34Z,a-share-selection-operation-v17
600085,同仁堂,worth_attention,L4,A-DCF/现金流复利型,三百年品牌+安宫牛黄丸提价权+道地药材资源，品牌资产极强；前瞻侵蚀：国企机制下经营效率长期平庸，产品线老化，原料（天然牛黄）成本挤压。,老字号信任资产不可复制，测试通过，但机制约束使护城河不能充分转化为回报。,品牌力中药第一梯队，但ROE8.9%、收入-7%/利润-22%，经营质量对照片仔癀/东阿/江中全面落后。,,,L4零仓观察：护城河真实但盈利质量与增长证据不足以进前三层，无清晰催化（改革预期不构成可验证战术理由，§5.7.1规则4）；品牌资产保留观察价值。,maintain(旧L4),round1_triage_2026-07 + prior_round_deep_review_2026-06(data/archive/2026-06-two-layer-review) + local_financial_indicators_2026Q1(data/interim/a_share_financial_indicators.csv) + docs/peer-group-calibration; 模型既有知识判断，权威材料需后续刷新,三百年品牌与安宫提价权真实，但机制约束下ROE不足9%、利润-22%，护城河未转化为回报且无可验证催化，维持L4零仓观察，出现机制改革或利润拐点再复核。,tier_rebuild_202607_b01,2026-07-09T20:20:34Z,a-share-selection-operation-v17
600436,片仔癀,worth_attention,L2,A-DCF/现金流复利型,国家绝密配方+天然麝香配额（行政独占）+数百年品牌三重垄断，提价权历史验证；前瞻侵蚀：礼品/收藏需求退潮已致量价承压，提价驱动模式在需求走弱期失效。,行政性独占+品牌沉淀完全无法复制，A股最强护城河之一，测试通过。,护城河强度对照茅台同级（行政独占更甚），但品类纵深、现金流规模与需求广度远弱；2026Q1收入-16.5%/利润-27%显示需求依赖度高。,,,L2：护城河极强但单品类+需求场景（礼赠/保健）收缩+提价模式遇阻构成实质性折扣；不上L1因品类空间与现金流量级不足以承载15-25%核心仓（CF/Rev仅0.008）。,maintain(旧L2),round1_triage_2026-07 + prior_round_deep_review_2026-06(data/archive/2026-06-two-layer-review) + local_financial_indicators_2026Q1(data/interim/a_share_financial_indicators.csv) + docs/peer-group-calibration; 模型既有知识判断，权威材料需后续刷新,绝密配方+麝香配额+品牌三重行政级垄断为A股最强护城河之一，但需求退潮下收入-16.5%、现金流转化弱，提价模式短板暴露；护城河与业务空间错配，维持L2。,tier_rebuild_202607_b01,2026-07-09T20:20:34Z,a-share-selection-operation-v17
600285,羚锐制药,worth_attention,L2,C-GARP成长型,骨科贴膏品类第一（份额约三成）+两只老虎品牌+基药目录渠道下沉，ROE20%+高分红穿越周期（规则12）；前瞻侵蚀：贴膏品类技术门槛有限，集采扩围与同业低价竞争。,品牌心智与OTC渠道规模效应多年验证，竞争者未撼动份额与盈利质量，测试通过。,品类垄断组（江中/马应龙/养元）中经营质量最优（ROE23.9%+收入+10%仍在增长），对照大品种中药（片仔癀）品类壁垒低一档但增长更好。,,,L2：规则12品类垄断+穿越周期超额回报+仍在增长，折扣在品类技术壁垒有限与集采尾部风险；旧L3低估其盈利持续性，升L2。,upgrade(旧L3),round1_triage_2026-07 + prior_round_deep_review_2026-06(data/archive/2026-06-two-layer-review) + local_financial_indicators_2026Q1(data/interim/a_share_financial_indicators.csv) + docs/peer-group-calibration; 模型既有知识判断，权威材料需后续刷新,贴膏品类第一+ROE24%高分红穿越周期，规则12品类垄断成立且收入+10%仍在扩张；品类门槛与集采为折扣，升L2。,tier_rebuild_202607_b01,2026-07-09T20:20:34Z,a-share-selection-operation-v17
600750,华润江中,worth_attention,L2,A-DCF/现金流复利型,健胃消食片品牌即品类的心智垄断+华润渠道赋能，ROE22.8%净现金；前瞻侵蚀：品类天花板低，第二增长曲线（保健品/处方）尚未验证。,品类心智不可购买，同类复制尝试均未撼动，测试通过（规则12）。,品类垄断组中心智垄断度最高（品牌=品类），经营质量与羚锐同档，增长（-4.9%）弱于羚锐。,,,L2：品类心智垄断+优秀盈利质量（ROE22.75%、利润+15%）明确，折扣在品类空间狭小与增长乏力；成长空间折扣属L2定义内折扣，不因空间小降L3。,upgrade(旧L3),round1_triage_2026-07 + prior_round_deep_review_2026-06(data/archive/2026-06-two-layer-review) + local_financial_indicators_2026Q1(data/interim/a_share_financial_indicators.csv) + docs/peer-group-calibration; 模型既有知识判断，权威材料需后续刷新,健胃消食片品牌即品类心智垄断+ROE22.8%净现金，利润+15%；品类天花板为主要折扣，按规则12品类垄断+空间折扣定L2。,tier_rebuild_202607_b01,2026-07-09T20:20:34Z,a-share-selection-operation-v17
600993,马应龙,worth_attention,L2,A-DCF/现金流复利型,痔疮药品类垄断份额过半+四百年品牌即品类心智，提价权真实；前瞻侵蚀：品类空间小且增长平缓，眼霜等延伸品牌验证平庸。,品类=品牌的消费者心智不可购买，多方资本进入均未撼动，测试通过（规则12）。,品类心智垄断度与江中同级，经营质量（ROE13.8%）低于江中/羚锐一档，增长温和（+3.7%/+10%）。,,,L2：规则12品类垄断+份额过半+提价权，折扣在经营效率中等与品类空间；与江中/羚锐构成品类垄断L2组，经营质量最弱者，处L2下沿。,upgrade(旧L3),round1_triage_2026-07 + prior_round_deep_review_2026-06(data/archive/2026-06-two-layer-review) + local_financial_indicators_2026Q1(data/interim/a_share_financial_indicators.csv) + docs/peer-group-calibration; 模型既有知识判断，权威材料需后续刷新,痔疮药份额过半、品牌即品类四百年心智垄断，提价权真实；经营效率中等（ROE13.8%）与品类空间小为折扣，升L2（品类垄断组下沿）。,tier_rebuild_202607_b01,2026-07-09T20:20:34Z,a-share-selection-operation-v17
000333,美的集团,worth_attention,L1,A-DCF/现金流复利型,全球白电龙头：品牌矩阵+全球渠道+规模成本+T+3供应链效率，ToB第二引擎（库卡机器人/楼宇/工业技术）打开空间；前瞻侵蚀：白电需求地产关联与海外关税，ToB整合执行风险。,品牌/规模/渠道/全球制造网络数十年沉淀不可速成，测试通过。,家电三巨头之首：对照格力多元化与治理优、对照海尔盈利效率优（NM9.8%对6.7%）；全球对照惠而浦/伊莱克斯全面胜出。,,,L1持久护城河/现金流锚：ROE19.7%+收入+12%+强现金流，全球平台型制造业标杆，规模、效率、治理三优；可承载核心仓。,maintain(旧L1),round1_triage_2026-07 + prior_round_deep_review_2026-06(data/archive/2026-06-two-layer-review) + local_financial_indicators_2026Q1(data/interim/a_share_financial_indicators.csv) + docs/peer-group-calibration; 模型既有知识判断，权威材料需后续刷新,全球白电平台+ToB第二引擎，ROE19.7%、收入+12%、现金流强，规模效率治理三优，家电业唯一L1，维持核心候选锚点。,tier_rebuild_202607_b01,2026-07-09T20:20:34Z,a-share-selection-operation-v17
000651,格力电器,worth_attention,L2,A-DCF/现金流复利型,空调双寡头品牌心智+自研压缩机电机+专卖店渠道网络，盈利质量高（NM16.9%）；前瞻侵蚀：单品类依赖+渠道改革阵痛+接班与治理不确定性+多元化屡败。,空调品牌心智与安装服务渠道难复制，双寡头格局稳固，测试通过。,对照美的锚点：盈利率更高但增长（-10%）、多元化、治理全面弱一档；空调主业与美的份额相当。,,,L2：双寡头核心资产+定价权与盈利质量实证明确，折扣在业务结构单一、治理与渠道转型风险；旧L3过罚其增长弱，护城河本身完好，升L2。,upgrade(旧L3),round1_triage_2026-07 + prior_round_deep_review_2026-06(data/archive/2026-06-two-layer-review) + local_financial_indicators_2026Q1(data/interim/a_share_financial_indicators.csv) + docs/peer-group-calibration; 模型既有知识判断，权威材料需后续刷新,空调双寡头品牌+自研核心部件+高盈利质量（ROE20.3%/NM16.9%），护城河完好；单品类、治理与渠道改革为折扣，升L2。,tier_rebuild_202607_b01,2026-07-09T20:20:34Z,a-share-selection-operation-v17
002032,苏泊尔,worth_attention,L3,G-股东回报型低估,炊具第一品牌+全渠道+SEB集团技术与出口订单绑定，ROE35%高派息；前瞻侵蚀：小家电品类竞争烈度高（九阳/小熊/白牌），增长停滞。,炊具品牌与渠道有沉淀但品类门槛中等，线上白牌持续分流，测试部分通过。,对照公牛（品类垄断+ROE25%）品类垄断度与定价权低一档；对照爱玛格局（多强vs双寡头）更差。,,,L3战术观察：品牌+SEB订单+近乎全额派息构成股东回报型战术理由（§5.7.1规则4允许股东回报催化作为L3理由）；护城河强度（品类竞争烈）不足以L2。,upgrade(旧L4),round1_triage_2026-07 + prior_round_deep_review_2026-06(data/archive/2026-06-two-layer-review) + local_financial_indicators_2026Q1(data/interim/a_share_financial_indicators.csv) + docs/peer-group-calibration; 模型既有知识判断，权威材料需后续刷新,炊具第一品牌+SEB绑定+ROE35%全额派息，股东回报路径清晰列L3；品类竞争烈度高、增长停滞（-6.6%利润），护城河不足以准核心。,tier_rebuild_202607_b01,2026-07-09T20:20:34Z,a-share-selection-operation-v17
600690,海尔智家,worth_attention,L2,A-DCF/现金流复利型,冰洗全球第一+卡萨帝高端品牌溢价+海外本土化制造与GEA整合验证；前瞻侵蚀：白电需求周期、海外关税与费用效率改善的持续性。,全球品牌矩阵与本土化制造网络数十年沉淀，测试通过。,对照美的锚点：全球品牌广度相当，盈利效率低一档（NM6.7%对9.8%）、ToB第二引擎缺位；对照格力多元化与全球化优。,,,L2：全球白电品牌+高端化验证明确，折扣在盈利效率与费用结构对照美的的差距；旧L4显著低估其全球品牌资产，升L2。,upgrade(旧L4),round1_triage_2026-07 + prior_round_deep_review_2026-06(data/archive/2026-06-two-layer-review) + local_financial_indicators_2026Q1(data/interim/a_share_financial_indicators.csv) + docs/peer-group-calibration; 模型既有知识判断，权威材料需后续刷新,冰洗全球第一+卡萨帝高端溢价+GEA全球整合，ROE17%稳健增长；盈利效率对照美的低一档，升L2准核心。,tier_rebuild_202607_b01,2026-07-09T20:20:34Z,a-share-selection-operation-v17
000895,双汇发展,worth_attention,L2,G-股东回报型低估,肉制品+屠宰双第一，品牌+全国冷链渠道+规模成本，ROE24%高分红；前瞻侵蚀：高温肉制品品类老化、新消费分流，猪周期成本扰动。,全国屠宰冷链网络与品牌渠道难复制，测试通过。,肉制品无可比第二名（份额数倍于同行）；对照伊利（同为必选食品双寡头）品类活力更弱。,,,L2：绝对龙头+渠道规模+高股东回报（分红率90%+）明确，折扣在品类结构性老化与增长停滞（-0.4%）；股东回报型准核心。,maintain(旧L2),round1_triage_2026-07 + prior_round_deep_review_2026-06(data/archive/2026-06-two-layer-review) + local_financial_indicators_2026Q1(data/interim/a_share_financial_indicators.csv) + docs/peer-group-calibration; 模型既有知识判断，权威材料需后续刷新,肉制品绝对龙头+冷链渠道网络+ROE24%高分红，格局无挑战者；品类老化增长停滞为折扣，按股东回报型维持L2。,tier_rebuild_202607_b01,2026-07-09T20:20:34Z,a-share-selection-operation-v17
600887,伊利股份,worth_attention,L2,A-DCF/现金流复利型,乳业双寡头+常温奶垄断级份额+全国奶源冷链渠道网络；前瞻侵蚀：原奶周期与需求疲软，双寡头促销战制约定价权，出生率长期压制液奶。,全国分销+奶源掌控三十年沉淀不可速成，测试通过。,与蒙牛双寡头互相制约定价权；对照海天（渠道垄断+提价权）定价自由度低一档，对照双汇品类活力更好。,,,L2：渠道与奶源护城河明确+ROE20.9%+利润+37%（成本红利），折扣在双寡头竞争烈度与品类增长弱；定价权受制约故不及L1锚点。,maintain(旧L2),round1_triage_2026-07 + prior_round_deep_review_2026-06(data/archive/2026-06-two-layer-review) + local_financial_indicators_2026Q1(data/interim/a_share_financial_indicators.csv) + docs/peer-group-calibration; 模型既有知识判断，权威材料需后续刷新,乳业双寡头渠道奶源网络稳固，ROE20.9%、利润+37%；双寡头促销战制约定价权、液奶品类承压，维持L2。,tier_rebuild_202607_b01,2026-07-09T20:20:34Z,a-share-selection-operation-v17
603288,海天味业,worth_attention,L1,A-DCF/现金流复利型,调味品绝对龙头：品牌+百万终端深度分销+成本规模全面领先，提价权与舆情冲击后份额韧性双验证，品类必选永续；前瞻侵蚀：零添加趋势与健康化产品结构切换、社区团购等渠道变迁——均已展示应对能力。,百万终端渠道网络数十年沉淀，中炬/千禾多年追赶份额差距未缩小，测试通过。,份额数倍于第二名中炬，2022-23舆情+需求至暗期后份额与增长恢复（+7.3%/+11%）完成压力测试；对照茅台/美的锚点：品类永续性与渠道垄断度同级。,,,L1持久护城河/现金流锚：必选品类+垄断级份额+提价权+ROE19.6%强现金流（CF/Rev0.27），穿越下行验证完整；品类增速平缓不降档（§5.7.1规则2）。,upgrade(旧L2),round1_triage_2026-07 + prior_round_deep_review_2026-06(data/archive/2026-06-two-layer-review) + local_financial_indicators_2026Q1(data/interim/a_share_financial_indicators.csv) + docs/peer-group-calibration; 模型既有知识判断，权威材料需后续刷新,调味品垄断级龙头，品牌渠道成本全面领先，舆情与需求下行双重压力测试通过、增长恢复；必选品类永续+现金流质量优，由L2升L1现金流锚。,tier_rebuild_202607_b01,2026-07-09T20:20:34Z,a-share-selection-operation-v17
603156,养元饮品,worth_attention,L3,G-股东回报型低估,六个核桃品类垄断份额约八成+三四线礼赠渠道心智，伊利蒙牛复制失败（规则12实证）；前瞻侵蚀：礼赠场景与人口结构令品类结构性退潮，新品类拓展未验证。,品类心智垄断实证通过（巨头进入均退出），但品类本身在萎缩。,品类垄断组中唯一品类负增长者（收入-12%/利润-27%），对照江中/羚锐/马应龙品类稳定性最差。,,,L3战术观察：护城河真实但品类结构性退潮使其不满足L2的持续性要求；高分红+净现金+品类垄断构成股东回报型战术理由，不落L4。,maintain(旧L3),round1_triage_2026-07 + prior_round_deep_review_2026-06(data/archive/2026-06-two-layer-review) + local_financial_indicators_2026Q1(data/interim/a_share_financial_indicators.csv) + docs/peer-group-calibration; 模型既有知识判断，权威材料需后续刷新,核桃乳品类垄断八成份额+高分红净现金，但品类结构性萎缩收入-12%，护城河真实而品类退潮；按股东回报型列L3，跟踪品类企稳与新品验证。,tier_rebuild_202607_b01,2026-07-09T20:20:34Z,a-share-selection-operation-v17
603195,公牛集团,worth_attention,L1,A-DCF/现金流复利型,转换器+墙开双品类垄断（份额过半）+百万五金终端渠道+安全心智，无主灯/新能源充电枪第二曲线延伸；前瞻侵蚀：地产链关联压制墙开需求，新品类竞争格局未固化。,判例11标杆：小米/得力等强资本十年进攻未撼动份额与毛利，资本复制测试实证通过。,民用电工无可比第二名；对照海天同为渠道+心智双垄断，品类空间较小但垄断彻底度同级。,,,L1持久护城河/现金流锚：双品类垄断+渠道网络不可速成+ROE24.9%/NM25.4%强现金流；品类空间中低速只记估值仓位备注（§5.7.1规则2），资本复制实证为全池最硬证据之一。,upgrade(旧L3),round1_triage_2026-07 + prior_round_deep_review_2026-06(data/archive/2026-06-two-layer-review) + local_financial_indicators_2026Q1(data/interim/a_share_financial_indicators.csv) + docs/peer-group-calibration; 模型既有知识判断，权威材料需后续刷新,双品类垄断份额过半、百万终端渠道，判例11十年资本进攻实证通过，ROE25%现金流优；地产链短期拖累不损护城河，由L3升L1。,tier_rebuild_202607_b01,2026-07-09T20:20:34Z,a-share-selection-operation-v17
603031,安孚科技,worth_attention,L3,A-DCF/现金流复利型,南孚碱电份额约85%品牌+商超渠道双垄断，提价权穿越周期（规则12）；前瞻侵蚀：碱电品类无增长，锂电/充电替代长期缓慢侵蚀，多层持股结构稀释权益。,南孚品牌与渠道垄断数十年，金霸王/双鹿均未撼动，测试通过。,底层资产（南孚）质量达L2级（对照江中/羚锐同为品类垄断），但上市公司层面权益结构（间接持股）与品类零增长构成双折扣。,,,L3战术观察：品类垄断资产真实，战术理由明确（少数股权收购整合提升权益比例+稳定现金流）；权益结构与品类停滞使其不足L2，整合完成后可复核升档。,maintain(旧L3),round1_triage_2026-07 + prior_round_deep_review_2026-06(data/archive/2026-06-two-layer-review) + local_financial_indicators_2026Q1(data/interim/a_share_financial_indicators.csv) + docs/peer-group-calibration; 模型既有知识判断，权威材料需后续刷新,南孚85%份额品类垄断+提价权验证，资产质量准核心级；多层持股权益稀释+碱电品类零增长为双折扣，列L3跟踪股权整合进度，整合完成触发复核。,tier_rebuild_202607_b01,2026-07-09T20:20:34Z,a-share-selection-operation-v17
300146,汤臣倍健,worth_attention,L4,E-落难白马型,VDS第一品牌+药店渠道+合规能力，但品牌溢价正被线上白牌与跨境购持续侵蚀，渠道结构（药店）萎缩；前瞻侵蚀：流量平台可购买性使品牌壁垒弱化——资本复制正在发生的信号。,品牌信任需长期建设，但线上化使流量与货架可购买，测试结果转弱（对照判例11后半：侵蚀已实际发生）。,份额仍第一但连续两年收入下滑（-8.4%）、ROE降至7.2%；对照品类垄断组（江中/羚锐）护城河稳定性明显更弱。,,,L4零仓观察：品牌与份额尚在但护城河被侵蚀中、盈利质量已降档，线上转型修复缺乏已验证证据，不足以支撑L3战术理由；由L2降L4，出现连续两季度收入利润回升再复核。,downgrade(旧L2),round1_triage_2026-07 + prior_round_deep_review_2026-06(data/archive/2026-06-two-layer-review) + local_financial_indicators_2026Q1(data/interim/a_share_financial_indicators.csv) + docs/peer-group-calibration; 模型既有知识判断，权威材料需后续刷新,VDS第一品牌被线上白牌与跨境购结构性侵蚀，收入连降、ROE7.2%，护城河弱化正在发生；修复未验证，由L2降L4零仓观察，回升两季度触发复核。,tier_rebuild_202607_b01,2026-07-09T20:20:34Z,a-share-selection-operation-v17
301498,乖宝宠物,worth_attention,L2,C-GARP成长型,国产宠粮品牌第一（麦富迪+弗列加特高端线）+复购粘性+线上运营能力，品类长坡厚雪（渗透率+国产替代双击）；前瞻侵蚀：品牌历史短、线上流量成本上升、外资反扑与新锐品牌涌入。,宠粮复购与品牌心智构成壁垒，中宠佩蒂偏代工未能复制其品牌位置，测试通过（验证期）。,国产宠粮品牌唯一超额回报者（ROE15.3%+收入+29%）；对照品类垄断组品牌沉淀浅，对照安克（同为新品牌平台）品类集中度更高。,,,L2：品牌第一+品类高成长+盈利验证明确，折扣在品牌历史短与竞争格局未固化（验证阶段折扣）；成长与品类空间俱佳但垄断度未及L1锚点。,maintain(旧L2),round1_triage_2026-07 + prior_round_deep_review_2026-06(data/archive/2026-06-two-layer-review) + local_financial_indicators_2026Q1(data/interim/a_share_financial_indicators.csv) + docs/peer-group-calibration; 模型既有知识判断，权威材料需后续刷新,国产宠粮品牌第一，收入+29%高增+ROE15%，品类渗透与国产替代双引擎；品牌沉淀浅、格局未固化为验证期折扣，维持L2。,tier_rebuild_202607_b01,2026-07-09T20:20:34Z,a-share-selection-operation-v17
300866,安克创新,worth_attention,L2,C-GARP成长型,全球第三方充电第一+多品类品牌孵化方法论（安防/音频/储能）+亚马逊与线下渠道矩阵，ROE26%；前瞻侵蚀：品类边界扩张稀释聚焦、亚马逊平台规则与关税、中国供应链出海竞争者跟进。,全球品牌认知与渠道矩阵多年验证，绿联倍思资本进入未撼动其溢价与规模差距，测试通过。,消费电子出海品牌标杆（round1以安克/春风为对照锚）；对照乖宝品类分散但方法论复用性更强。,,,L2：全球品牌+品类复制体系+持续高增（+23%）明确，折扣在平台依赖、关税地缘与品类分散；出海品牌组最强者但单品类垄断度不及L1锚点。,maintain(旧L2),round1_triage_2026-07 + prior_round_deep_review_2026-06(data/archive/2026-06-two-layer-review) + local_financial_indicators_2026Q1(data/interim/a_share_financial_indicators.csv) + docs/peer-group-calibration; 模型既有知识判断，权威材料需后续刷新,第三方充电全球第一+多品类孵化验证，收入+23%/ROE26%；平台与关税风险、品类分散为折扣，维持L2出海品牌锚。,tier_rebuild_202607_b01,2026-07-09T20:20:34Z,a-share-selection-operation-v17
603129,春风动力,worth_attention,L2,C-GARP成长型,全球动力运动品牌：ATV北美前三+大排量摩托国产第一+海外经销网络15年沉淀；前瞻侵蚀：北美关税与贸易政策、Polaris/BRP正面竞争、国内大排量竞争加剧。,海外品牌口碑与经销商密度需长周期积累，同行未能复制其溢价，测试通过。,出海品牌组与安克同级（round1对照锚），格局位置（全球前三而非第一）低于安克；ROE24.5%+收入+31%成长质量佳。,,,L2：全球品牌+渠道沉淀+高增长验证明确，折扣在关税敞口与巨头正面竞争的格局位置；旧L3低估其品牌与渠道验证深度，升L2。,upgrade(旧L3),round1_triage_2026-07 + prior_round_deep_review_2026-06(data/archive/2026-06-two-layer-review) + local_financial_indicators_2026Q1(data/interim/a_share_financial_indicators.csv) + docs/peer-group-calibration; 模型既有知识判断，权威材料需后续刷新,ATV北美前三+大排量国产第一，海外渠道品牌15年沉淀，收入+31%/ROE24.5%；关税与巨头竞争为折扣，升L2。,tier_rebuild_202607_b01,2026-07-09T20:20:34Z,a-share-selection-operation-v17
605499,东鹏饮料,worth_attention,L2,C-GARP成长型,能量饮料销量第一（份额约四成）+百万终端冰柜网络+性价比定位心智，补水啦等第二曲线放量验证平台化；前瞻侵蚀：红牛商标纠纷落定后的品牌反攻、单品类集中度仍高。,乐虎/体质能量多年进攻未撼动，品类心智与深度分销难复制，测试通过。,成长质量消费板块最强（ROE51.6%+收入+32%）；对照海天（渠道垄断锚）渠道深度接近但品牌沉淀与品类垄断时长尚短。,,,L2：品类第一+渠道网络+第二曲线验证+顶级盈利质量，折扣在验证时长（上市后尚未经历完整品类下行）与红牛品牌资产反扑风险；验证期满且格局固化后具L1潜力。,maintain(旧L2),round1_triage_2026-07 + prior_round_deep_review_2026-06(data/archive/2026-06-two-layer-review) + local_financial_indicators_2026Q1(data/interim/a_share_financial_indicators.csv) + docs/peer-group-calibration; 模型既有知识判断，权威材料需后续刷新,能量饮料第一份额四成，ROE51.6%/收入+32%顶级成长质量，第二曲线放量；红牛反扑与验证时长为折扣，维持L2（L1候补）。,tier_rebuild_202607_b01,2026-07-09T20:20:34Z,a-share-selection-operation-v17
689009,九号公司,worth_attention,L2,C-GARP成长型,Segway全球滑板车品类垄断+智能两轮高端心智+产品定义能力，割草机器人第二曲线放量；前瞻侵蚀：欧美滑板车监管、两轮车大众市场巨头下探、多品类扩张执行风险。,Segway品牌全球独占+智能化产品定义能力，雅迪爱玛高端反制未成，测试通过。,对照安克同为全球品牌平台（收入+50%更快），对照爱玛在两轮车主流市场规模弱但高端与全球化强。,,,L2：全球品牌垄断+智能化定义能力+高增验证（ROE26%/+50%）明确，折扣在品类监管风险与多品类验证期；旧L3低估其品牌独占与增长质量，升L2。,upgrade(旧L3),round1_triage_2026-07 + prior_round_deep_review_2026-06(data/archive/2026-06-two-layer-review) + local_financial_indicators_2026Q1(data/interim/a_share_financial_indicators.csv) + docs/peer-group-calibration; 模型既有知识判断，权威材料需后续刷新,Segway品类垄断+智能两轮高端心智，收入+50%/ROE26%，割草机器人放量；监管与多品类扩张为折扣，升L2。,tier_rebuild_202607_b01,2026-07-09T20:20:34Z,a-share-selection-operation-v17
603529,爱玛科技,worth_attention,L2,C-GARP成长型,电动两轮车双寡头（与雅迪）+3万终端渠道服务网络+下沉品牌心智+规模成本，新国标提高合规门槛；前瞻侵蚀：产品同质化下价格战反复、高端智能段被九号小牛持续蚕食。,判例11实证：小牛九号强资本十年只切走高端利基，未撼动大众市场双寡头，测试通过。,与雅迪双寡头（第二位）；对照公牛（渠道+心智垄断锚）品牌溢价与毛利低一档（GM18%对43%），对照苏泊尔格局更优。,,,L2：双寡头+渠道网络实证+新国标门槛红利明确，折扣在同业第二位、品牌溢价有限（NM8.3%）与价格战历史；渠道规模护城河为主、品牌溢价为辅，处L2下沿。,add(旧轮无档),round1_triage_2026-07 + prior_round_deep_review_2026-06(data/archive/2026-06-two-layer-review) + local_financial_indicators_2026Q1(data/interim/a_share_financial_indicators.csv) + docs/peer-group-calibration; 模型既有知识判断，权威材料需后续刷新,电动两轮双寡头+渠道服务网络，判例11资本测试通过，收入+16%/ROE21%；品牌溢价薄、双寡头第二位为折扣，新增定L2下沿。,tier_rebuild_202607_b01,2026-07-09T20:20:34Z,a-share-selection-operation-v17
002372,伟星新材,worth_attention,L2,A-DCF/现金流复利型,零售管道第一品牌+水电工渠道与星管家服务体系（类公牛渠道逻辑），GM40%+穿越地产至暗期（判例3试金石）；前瞻侵蚀：地产新开工长期收缩压制品类总量，旧改/存量翻新对冲速度待验证。,同城服务网络与水电工关系资本难速成，地产下行期盈利韧性已实证，测试通过。,管道行业零售品牌唯一（同行以工程为主回报崩塌），对照公牛渠道逻辑同源但品类需求受地产压制更深。,,,L2：渠道+品牌+服务护城河经地产至暗期验证（ROE仍15%级、GM41%），折扣在品类总量收缩（收入-14%）；旧轮L5属过度降档（round1重扫已按规则12恢复worth），本轮定L2。,upgrade(旧L5),round1_triage_2026-07 + prior_round_deep_review_2026-06(data/archive/2026-06-two-layer-review) + local_financial_indicators_2026Q1(data/interim/a_share_financial_indicators.csv) + docs/peer-group-calibration; 模型既有知识判断，权威材料需后续刷新,零售管道品牌+水电工渠道垄断，地产至暗期GM40%+/ROE15%验证韧性（判例3）；品类总量收缩为折扣，自旧L5纠偏至L2。,tier_rebuild_202607_b01,2026-07-09T20:20:34Z,a-share-selection-operation-v17
601899,紫金矿业,worth_attention,L1,F-垄断资源型,铜金全球储量前十+成本中低位+全球并购整合能力二十年验证，资源三要素齐备；前瞻侵蚀：海外资源国（刚果金/塞尔维亚等）政治与税收风险、铜金价格周期——地缘分散度部分对冲。,全球矿产储量组合排他，当前价格下新资本无法获得同等储量与成本位，测试通过。,国内矿业无对手（对照洛钼资源同级但地缘更分散、整合履历更长）；全球对照自由港/纽蒙特成本与成长性占优。,,,L1垄断资源锚：ROE33%/利润+61%，储量成长+成本位+并购能力三优，周期底部盈利韧性已多轮验证；资源板块核心仓首选。,maintain(旧L1),round1_triage_2026-07 + prior_round_deep_review_2026-06(data/archive/2026-06-two-layer-review) + local_financial_indicators_2026Q1(data/interim/a_share_financial_indicators.csv) + docs/peer-group-calibration; 模型既有知识判断，权威材料需后续刷新,铜金全球级储量+低成本+并购整合验证，ROE33%穿越周期，资源三要素与成长性兼备，维持L1垄断资源锚。,tier_rebuild_202607_b02,2026-07-09T20:25:21Z,a-share-selection-operation-v17
600900,长江电力,worth_attention,L1,G-股东回报型低估,长江干流六座梯级电站物理性独占+联调优化+成本曲线最低，ROE15%+显著高于水电同业（判例1 franchise特例）；前瞻侵蚀：水文波动属周期非侵蚀，电价市场化双向影响，联调优化增量趋缓。,资本无法复制第二条长江，水电开发权排他，测试完全通过。,对照华能水电/川投等同业ROE高约5pct且穿越水文周期，franchise特例成立；对照神华同为类债核心资产而独占性更纯粹。,,,L1持久护城河/现金流锚：物理独占+CF/Rev0.70全池最高级现金转化+回报显著超同业；增长平缓只记估值仓位备注，压舱石型核心仓资格明确。,upgrade(旧L2),round1_triage_2026-07 + prior_round_deep_review_2026-06(data/archive/2026-06-two-layer-review) + local_financial_indicators_2026Q1(data/interim/a_share_financial_indicators.csv) + docs/peer-group-calibration; 模型既有知识判断，权威材料需后续刷新,长江梯级物理独占+联调超额回报+现金转化0.70，判例1 franchise特例，类债核心资产，由L2升L1。,tier_rebuild_202607_b02,2026-07-09T20:25:21Z,a-share-selection-operation-v17
601088,中国神华,worth_attention,L1,F-垄断资源型,煤炭产能指标冻结下的规模第一+自有铁路港口电厂一体化+长协占比高，周期底部仍盈利、分红慷慨；前瞻侵蚀：能源转型压制长期需求（超出2-3年窗口）、煤价下行压缩利润（-5.3%）但一体化平滑。,朔黄铁路等运输资产与露天矿资源不可复制，新增产能审批冻结形成指标稀缺，测试通过。,对照陕煤：成本略高但一体化与规模独占性更强、盈利稳定性更高；煤炭板块类债锚。,,,L1垄断资源/现金流锚：指标+一体化+长协三重平滑使其为周期行业中最接近永续现金流的资产，行业长期增长弱只记估值备注；旧L4显著错档。,upgrade(旧L4),round1_triage_2026-07 + prior_round_deep_review_2026-06(data/archive/2026-06-two-layer-review) + local_financial_indicators_2026Q1(data/interim/a_share_financial_indicators.csv) + docs/peer-group-calibration; 模型既有知识判断，权威材料需后续刷新,产能指标+铁路港口一体化+长协平滑，周期底部盈利与高分红验证，煤炭类债锚由L4升L1。,tier_rebuild_202607_b02,2026-07-09T20:25:21Z,a-share-selection-operation-v17
600938,中国海油,worth_attention,L1,F-垄断资源型,中国海域油气专营权（行政独占）+桶油成本全球低位+储量产量持续增长，中枢油价下ROE15%+高分红；前瞻侵蚀：油价周期与能源转型（长期），资本开支强度高，当前利润-11.5%属油价回落。,海上区块专营权与数十年勘探开发资产不可复制，测试通过。,对照神华：成本优势全球级且产量仍在成长，但油价直接敞口大于神华长协结构；对照三桶油另两家上游纯度与回报最高。,,,L1垄断资源锚：专营独占+全球级成本位+成长性，规则12三要素满分；油价波动属周期折价归估值阶段处理，质量档为顶级。,upgrade(旧L4),round1_triage_2026-07 + prior_round_deep_review_2026-06(data/archive/2026-06-two-layer-review) + local_financial_indicators_2026Q1(data/interim/a_share_financial_indicators.csv) + docs/peer-group-calibration; 模型既有知识判断，权威材料需后续刷新,海域专营+桶油成本全球低位+产量成长，中枢油价ROE15%+，规则12满分，由L4升L1。,tier_rebuild_202607_b02,2026-07-09T20:25:21Z,a-share-selection-operation-v17
603993,洛阳钼业,worth_attention,L2,F-垄断资源型,刚果金TFM/KFM世界级铜钴资源（钴全球第一、铜前十）+成本低位+IXM贸易协同，ROE26.6%；前瞻侵蚀：刚果金单一国别政治/税收/出口政策风险高企，钴价管制扰动。,世界级铜钴资源包不可再得，收购整合已验证，测试通过。,资源质量对照紫金同级，但地缘集中度（刚果金占比过高）与整合履历短一档。,,,L2：资源三要素齐备+盈利兑现（利润+50%），折扣在单一国别地缘集中与治理结构；不上L1因地缘风险敞口对照紫金的全球分散明显偏高。,maintain(旧L2),round1_triage_2026-07 + prior_round_deep_review_2026-06(data/archive/2026-06-two-layer-review) + local_financial_indicators_2026Q1(data/interim/a_share_financial_indicators.csv) + docs/peer-group-calibration; 模型既有知识判断，权威材料需后续刷新,刚果金世界级铜钴+低成本兑现ROE26.6%，资源顶级；单一国别地缘集中为核心折扣，维持L2。,tier_rebuild_202607_b02,2026-07-09T20:25:21Z,a-share-selection-operation-v17
000408,藏格矿业,worth_attention,L2,F-垄断资源型,察尔汗钾肥+低成本盐湖锂+巨龙铜业30%权益（紫金操盘的世界级斑岩铜矿），紫金入主后治理与资源运营强化；前瞻侵蚀：钾锂价格周期、巨龙为参股非控股、历史大股东占用前科（已整改+控制权已变更）。,察尔汗盐湖与巨龙铜权益不可复制，测试通过。,对照盐湖股份：钾体量小但锂成本与铜权益弹性优；ROE24.7%+利润+49%盈利质量组内领先。,,,L2：三资源组合+紫金治理赋能明确，折扣在参股结构（利润依赖投资收益）与商品周期；不上L1因资产控制力与业务纯度不足。,maintain(旧L2),round1_triage_2026-07 + prior_round_deep_review_2026-06(data/archive/2026-06-two-layer-review) + local_financial_indicators_2026Q1(data/interim/a_share_financial_indicators.csv) + docs/peer-group-calibration; 模型既有知识判断，权威材料需后续刷新,察尔汗钾+盐湖锂+巨龙铜权益三重资源，紫金入主治理强化，ROE24.7%；参股结构与周期为折扣，维持L2。,tier_rebuild_202607_b02,2026-07-09T20:25:21Z,a-share-selection-operation-v17
000792,盐湖股份,worth_attention,L2,F-垄断资源型,察尔汗盐湖钾肥国内约六成份额+低成本盐湖提锂，五矿入主完成治理重塑；前瞻侵蚀：钾锂价格周期、重整历史遗留、扩产项目资本开支。,察尔汗资源独占不可复制，测试通过。,国内钾肥绝对龙头（对照亚钾体量数倍），锂成本位居前；ROE22.3%+利润+82%。,,,L2：国内钾资源垄断+双资源组合明确，折扣在商品价格敞口与破产重整历史（治理修复验证期）；周期折价归估值处理。,maintain(旧L2),round1_triage_2026-07 + prior_round_deep_review_2026-06(data/archive/2026-06-two-layer-review) + local_financial_indicators_2026Q1(data/interim/a_share_financial_indicators.csv) + docs/peer-group-calibration; 模型既有知识判断，权威材料需后续刷新,察尔汗钾六成份额+盐湖锂低成本，五矿治理重塑，ROE22.3%；周期与重整历史为折扣，维持L2。,tier_rebuild_202607_b02,2026-07-09T20:25:21Z,a-share-selection-operation-v17
000960,锡业股份,worth_attention,L3,F-垄断资源型,全球锡产量第一+云锡资源稀缺，但冶炼占比大拉低利润结构（GM11.4%/NM4.8%），资源溢价被稀释；前瞻侵蚀：锡价周期主导盈利，缅甸/印尼供给扰动双向。,全球锡资源稀缺不可复制，但资源优势向超额回报的转化长期偏弱，测试部分通过。,对照金钼股份（同为单一小金属全球级资源）：ROE9.8%对17.4%、净利率4.8%对25.4%，盈利质量明显低一档。,,,L3战术观察：资源地位真实但ROE长期中枢约8-10%，穿越周期超额回报证据不足以L2；战术理由明确（锡供给刚性+AI焊料需求+价格弹性），周期修复观察。,downgrade(旧L2),round1_triage_2026-07 + prior_round_deep_review_2026-06(data/archive/2026-06-two-layer-review) + local_financial_indicators_2026Q1(data/interim/a_share_financial_indicators.csv) + docs/peer-group-calibration; 模型既有知识判断，权威材料需后续刷新,全球锡第一但冶炼主导利润结构，ROE9.8%超额回报不足，由L2降L3周期弹性观察，跟踪锡价与利润结构改善。,tier_rebuild_202607_b02,2026-07-09T20:25:21Z,a-share-selection-operation-v17
002460,赣锋锂业,worth_attention,L3,F-垄断资源型,全球锂资源权益+锂盐加工+固态电池布局的一体化平台，但资源成本位中等（非最低梯队），锂价深熊期2024-25亏损未能守住盈亏线；前瞻侵蚀：锂价长期过剩风险、资源权益分散且部分高成本。,一体化平台与客户认证难速成，但底部盈利能力未获验证，测试部分通过。,对照天齐（格林布什全球最低成本）资源质量低一档；对照中矿（铯铷垄断）差异化独占性弱。,,,L3战术观察：平台能力真实但穿越周期盈利证据缺失（ROE3.8%、深熊亏损），不足以L2；战术理由为锂价周期反转弹性+固态电池期权。,downgrade(旧L2),round1_triage_2026-07 + prior_round_deep_review_2026-06(data/archive/2026-06-two-layer-review) + local_financial_indicators_2026Q1(data/interim/a_share_financial_indicators.csv) + docs/peer-group-calibration; 模型既有知识判断，权威材料需后续刷新,锂资源加工平台但成本位中等、深熊期亏损未守住盈亏线，由L2降L3，作为锂周期反转弹性观察。,tier_rebuild_202607_b02,2026-07-09T20:25:21Z,a-share-selection-operation-v17
002466,天齐锂业,worth_attention,L3,F-垄断资源型,格林布什（全球品位最高成本最低锂矿）26%权益+SQM22%股权，资源质量全球顶级；前瞻侵蚀：锂价过剩周期、SQM智利国有化谈判、历史高杠杆并购几近爆仓的资本配置前科。,顶级锂资源权益不可复制，测试通过（资源层面）。,资源质量组内第一（对照赣锋/中矿），但公司层面资本配置与财务管理前科构成证据缺口。,,,L3战术观察：资源禀赋L1级与公司经营证据L3级错配——2024巨亏、2025微利（ROE1.1%），底部盈利与治理修复未验证；战术理由为锂周期反转+全球最低成本资源弹性。,downgrade(旧L2),round1_triage_2026-07 + prior_round_deep_review_2026-06(data/archive/2026-06-two-layer-review) + local_financial_indicators_2026Q1(data/interim/a_share_financial_indicators.csv) + docs/peer-group-calibration; 模型既有知识判断，权威材料需后续刷新,格林布什+SQM全球顶级锂资源，但杠杆并购前科与底部巨亏使经营证据不足，由L2降L3周期反转观察。,tier_rebuild_202607_b02,2026-07-09T20:25:21Z,a-share-selection-operation-v17
002738,中矿资源,worth_attention,L3,F-垄断资源型,全球铯榴石资源垄断（Tanco+Bikita）+铷铯盐深加工独占+锂资源自给，小金属差异化壁垒真实但体量小；前瞻侵蚀：锂价周期主导报表（利润-39.5%），铯铷市场天花板低。,铯铷资源全球独占不可复制，测试通过（细分层面）。,铯铷业务全球垄断度组内最高但利润贡献有限；锂业务成本位对照天齐/赣锋无优势。,,,L3战术观察：细分垄断（铯铷）真实而主营报表被锂周期主导、ROE3.8%，穿越周期证据不足以L2；战术理由为锂价反转+铯铷稳定垄断现金流。,downgrade(旧L2),round1_triage_2026-07 + prior_round_deep_review_2026-06(data/archive/2026-06-two-layer-review) + local_financial_indicators_2026Q1(data/interim/a_share_financial_indicators.csv) + docs/peer-group-calibration; 模型既有知识判断，权威材料需后续刷新,铯铷全球垄断+锂自给，但报表被锂周期主导ROE3.8%，由L2降L3，跟踪锂价反转与铯铷业务占比提升。,tier_rebuild_202607_b02,2026-07-09T20:25:21Z,a-share-selection-operation-v17
002532,天山铝业,worth_attention,L2,F-垄断资源型,电解铝产能红线下120万吨指标+新疆自备电+氧化铝/预焙阳极一体化，成本行业最低梯队；前瞻侵蚀：电价与碳成本政策、铝价周期、指标价值依赖红线政策延续。,产能指标类资源牌照+自备电成本结构不可复制，测试通过（规则12）。,电解铝三家（神火/电投）同池一致：成本位同为最低梯队，ROE17%稳定穿越铝价回落。,,,L2：capped-capacity低成本一体化龙头（规则12），盈利穿越验证；折扣在商品价格敞口与政策依赖，铝链无L1（单一商品+政策变量）。,upgrade(旧L3),round1_triage_2026-07 + prior_round_deep_review_2026-06(data/archive/2026-06-two-layer-review) + local_financial_indicators_2026Q1(data/interim/a_share_financial_indicators.csv) + docs/peer-group-calibration; 模型既有知识判断，权威材料需后续刷新,产能红线指标+自备电一体化成本最低梯队，ROE17%穿越铝价回落，规则12成立，升L2。,tier_rebuild_202607_b02,2026-07-09T20:25:21Z,a-share-selection-operation-v17
000933,神火股份,worth_attention,L2,F-垄断资源型,电解铝145万吨指标+新疆自备煤电一体化（成本最低梯队）+云南绿电铝+自有煤炭配套；前瞻侵蚀：云南水电季节性限电、煤铝价格周期、碳成本。,指标冻结+自备煤电成本结构不可复制，测试通过（规则12）。,电解铝三家同池：与天山/电投成本位同档，煤炭自给度更高，ROE17.5%（2021-2025穿越铝价回落维持约20%）。,,,L2：规则12 capped-capacity低成本一体化，穿越周期盈利已验证；折扣在商品敞口与区域电力约束，与天山铝业一致定档。,add(旧轮无档),round1_triage_2026-07 + prior_round_deep_review_2026-06(data/archive/2026-06-two-layer-review) + local_financial_indicators_2026Q1(data/interim/a_share_financial_indicators.csv) + docs/peer-group-calibration; 模型既有知识判断，权威材料需后续刷新,电解铝指标+新疆自备煤电+云南绿电，ROE约20%穿越周期，规则12一致判定，新增L2。,tier_rebuild_202607_b02,2026-07-09T20:25:21Z,a-share-selection-operation-v17
002128,电投能源,worth_attention,L2,F-垄断资源型,电解铝86万吨指标+霍林河露天褐煤坑口自备电一体化（成本最低梯队）+绿电配套，煤电铝一体化盈利稳定；前瞻侵蚀：褐煤禀赋依赖、铝价周期、国企资本开支纪律。,蒙东褐煤+坑口电网组合不可复制，指标冻结，测试通过（规则12）。,电解铝三家同池：一体化稳定性最高（煤电铝全链自给），ROE13-16%持续稳定。,,,L2：规则12一致判定，煤电铝一体化平滑周期波动；折扣在ROE中枢略低于神火/天山与国企机制，同档L2。,add(旧轮无档),round1_triage_2026-07 + prior_round_deep_review_2026-06(data/archive/2026-06-two-layer-review) + local_financial_indicators_2026Q1(data/interim/a_share_financial_indicators.csv) + docs/peer-group-calibration; 模型既有知识判断，权威材料需后续刷新,霍林河褐煤坑口电+电解铝指标一体化，ROE14.9%穿越周期稳定，规则12一致判定，新增L2。,tier_rebuild_202607_b02,2026-07-09T20:25:21Z,a-share-selection-operation-v17
600111,北方稀土,worth_attention,L2,F-垄断资源型,轻稀土开采冶炼配额全国约七成+白云鄂博伴生矿全球最低成本+冶炼一体化链主地位，稀土出口管制下战略价值上行；前瞻侵蚀：价格受配额投放与需求周期主导，历史低迷期ROE曾低至2-5%。,配额+资源禀赋+成本曲线位置新资本无法复制，测试通过（判例5链主）。,稀土行业唯一链主级（对照中国稀土/盛和体量与成本全面占优）；ROE9.6%但利润+124%处价格回升期。,,,L2：行政垄断度全池最高级+成本最低，折扣在回报中枢波动大（穿越周期超额回报不稳）与价格政策依赖；战略地位上行支撑准核心。,maintain(旧L2),round1_triage_2026-07 + prior_round_deep_review_2026-06(data/archive/2026-06-two-layer-review) + local_financial_indicators_2026Q1(data/interim/a_share_financial_indicators.csv) + docs/peer-group-calibration; 模型既有知识判断，权威材料需后续刷新,轻稀土配额七成+白云鄂博最低成本链主，出口管制提升战略价值，利润+124%；回报中枢波动为折扣，维持L2。,tier_rebuild_202607_b02,2026-07-09T20:25:21Z,a-share-selection-operation-v17
600989,宝丰能源,worth_attention,L2,F-垄断资源型,煤制烯烃成本曲线最低+能耗碳排指标类产能红线+煤焦烯烃一体化，内蒙项目投产兑现成长（收入+45.6%/利润+79%）；前瞻侵蚀：烯烃行业产能过剩加剧（油制/PDH并进）、碳政策长期约束、家族治理。,能评碳评指标稀缺+区位煤价一体化成本位不可复制，测试通过（规则12）。,对照华鲁恒升同为煤化工成本王：宝丰聚焦烯烃、盈利中枢更高（ROE24.8%对华鲁约15%）、成长兑现更快。,,,L2：成本王+指标约束+下行期ROE15%+验证（规则12），折扣在判例4需求条件——烯烃长期过剩压力下成本优势的超额回报空间被压缩；量增逻辑明确故处L2上沿。,upgrade(旧L4),round1_triage_2026-07 + prior_round_deep_review_2026-06(data/archive/2026-06-two-layer-review) + local_financial_indicators_2026Q1(data/interim/a_share_financial_indicators.csv) + docs/peer-group-calibration; 模型既有知识判断，权威材料需后续刷新,煤制烯烃成本最低+指标红线+内蒙放量，ROE24.8%/利润+79%；烯烃过剩为判例4式折扣，由L4升L2。,tier_rebuild_202607_b02,2026-07-09T20:25:21Z,a-share-selection-operation-v17
603505,金石资源,worth_attention,L2,F-垄断资源型,萤石采矿证行政稀缺+储量产量全国第一+伴生矿选化一体化打开天花板（包钢合作），战略矿产地位上行；前瞻侵蚀：现金流转化弱（CF/Rev0.03，扩张期）、负债68%、新项目爬坡执行。,采矿权新批极难，同等资源包有钱买不到，测试通过。,萤石行业无可比第二名；对照亚钾（同为非金属矿独占+爬坡）现金流质量弱一档。,,,L2：资源行政独占+龙头地位+成长路径明确，折扣在小体量、高杠杆与现金流转化（小市值提高证据要求）；跟踪伴生矿项目现金兑现。,upgrade(旧L3),round1_triage_2026-07 + prior_round_deep_review_2026-06(data/archive/2026-06-two-layer-review) + local_financial_indicators_2026Q1(data/interim/a_share_financial_indicators.csv) + docs/peer-group-calibration; 模型既有知识判断，权威材料需后续刷新,萤石采矿证稀缺+储量第一+伴生矿成长，ROE18.8%/收入+41%；现金流弱与杠杆为折扣，升L2跟踪现金兑现。,tier_rebuild_202607_b02,2026-07-09T20:25:21Z,a-share-selection-operation-v17
000657,中钨高新,worth_attention,L2,F-垄断资源型,钨开采配额管制+柿竹园世界级多金属矿注入落地+矿冶加工刀具一体化（五矿平台）；前瞻侵蚀：注入整合执行、硬质合金刀具下游竞争、钨价回落风险。,配额+世界级矿山不可复制，一体化平台成型，测试通过（规则12）。,钨双雄之一：对照厦钨资源端更重（柿竹园）、深加工端更弱（无细钨丝级独占产品）。,,,L2：配额+世界级资源+一体化链主（判例5口径），折扣在整合验证期与国企机制；旧L5为过度降档，round1已纠。,upgrade(旧L5),round1_triage_2026-07 + prior_round_deep_review_2026-06(data/archive/2026-06-two-layer-review) + local_financial_indicators_2026Q1(data/interim/a_share_financial_indicators.csv) + docs/peer-group-calibration; 模型既有知识判断，权威材料需后续刷新,钨配额+柿竹园注入+矿冶刀具一体化，收入+19%/利润+29%，链主地位成立，自旧L5纠偏至L2。,tier_rebuild_202607_b02,2026-07-09T20:25:21Z,a-share-selection-operation-v17
600549,厦门钨业,worth_attention,L2,F-垄断资源型,钨矿-粉末-丝材-刀具全链一体化+光伏细钨丝品类垄断级份额+配额约束；前瞻侵蚀：正极材料业务拖累回报、细钨丝受光伏需求与技术路线（钨丝渗透率）波动。,配额稀缺+细钨丝拉制工艺垄断，一体化深加工全球独档，测试通过（规则12）。,钨双雄之一：深加工与产品独占性优于中钨高新，资源自给率更低；ROE14%/收入+30.8%。,,,L2：配额+深加工品类垄断+一体化，折扣在多元业务（能源材料）稀释回报与钨价周期；与中钨高新同档L2。,upgrade(旧L5),round1_triage_2026-07 + prior_round_deep_review_2026-06(data/archive/2026-06-two-layer-review) + local_financial_indicators_2026Q1(data/interim/a_share_financial_indicators.csv) + docs/peer-group-calibration; 模型既有知识判断，权威材料需后续刷新,钨全链一体化+光伏细钨丝垄断+配额，收入+30.8%；正极业务拖累为折扣，自旧L5纠偏至L2。,tier_rebuild_202607_b02,2026-07-09T20:25:21Z,a-share-selection-operation-v17
000893,亚钾国际,worth_attention,L2,F-垄断资源型,老挝甸巴洛世界级钾盐矿权稀缺+现金成本低位+东南亚运距优势，产能爬坡至国内前三验证；前瞻侵蚀：单一国别资产（老挝税收政策已扰动过）、爬坡执行、钾价周期。,境外世界级钾矿权稀缺且中国对外依存度高，低成本爬坡已验证，测试通过。,对照盐湖（国内垄断）资源权属风险更高但成长性更强；ROE13.3%/收入+50%/利润+76%。,,,L2：稀缺资源+低成本+爬坡兑现（规则12三要素），折扣在单一海外资产地缘与政策风险；旧L5过度降档已纠。,upgrade(旧L5),round1_triage_2026-07 + prior_round_deep_review_2026-06(data/archive/2026-06-two-layer-review) + local_financial_indicators_2026Q1(data/interim/a_share_financial_indicators.csv) + docs/peer-group-calibration; 模型既有知识判断，权威材料需后续刷新,老挝钾矿稀缺+低成本+爬坡至国内前三，收入+50%；单一国别风险为折扣，自旧L5纠偏至L2。,tier_rebuild_202607_b02,2026-07-09T20:25:21Z,a-share-selection-operation-v17
601225,陕西煤业,worth_attention,L2,F-垄断资源型,陕北优质动力煤成本曲线全行业最低端+产能指标稀缺+智能化开采标杆，煤价下行期ROE仍17.9%、历史谷底不亏；前瞻侵蚀：能源转型长期需求、纯上游结构使煤价敏感度高于神华。,吨煤成本最低且资源禀赋不可复制，指标冻结，测试通过（规则12）。,对照神华锚点：成本更低、盈利质量更高（下行期ROE17.9%对12.8%），但无铁路港口一体化、规模小一档、平滑能力弱。,,,L2：成本王+指标稀缺+谷底不亏验证，折扣在业务结构单一（纯煤）与对照神华一体化独占性的差距；煤炭板块神华L1陕煤L2双锚。,upgrade(旧L5),round1_triage_2026-07 + prior_round_deep_review_2026-06(data/archive/2026-06-two-layer-review) + local_financial_indicators_2026Q1(data/interim/a_share_financial_indicators.csv) + docs/peer-group-calibration; 模型既有知识判断，权威材料需后续刷新,成本曲线最低端+指标稀缺+谷底不亏，下行期ROE17.9%；纯上游结构对照神华一体化弱一档，自旧L5纠偏至L2。,tier_rebuild_202607_b02,2026-07-09T20:25:21Z,a-share-selection-operation-v17
601958,金钼股份,worth_attention,L2,F-垄断资源型,金堆城世界级原生钼矿（产量全球前三）+资源冶炼一体化+净现金资产负债表（负债11.5%），钼价中枢受军工/特钢需求上移；前瞻侵蚀：单一金属价格周期、矿山品位递减长期资本开支。,世界级单体钼矿储量不可复制，全球钼供给高度集中，测试通过（规则12）。,对照锡业股份（同为单一小金属全球级）：一体化利润留存显著更优（NM25.4%对4.8%），资源溢价充分兑现。,,,L2：世界级资源+低成本一体化+净现金+ROE17.4%，规则12三要素齐备；折扣在单一金属周期敞口，钼价中枢逻辑支撑准核心。,upgrade(旧L5),round1_triage_2026-07 + prior_round_deep_review_2026-06(data/archive/2026-06-two-layer-review) + local_financial_indicators_2026Q1(data/interim/a_share_financial_indicators.csv) + docs/peer-group-calibration; 模型既有知识判断，权威材料需后续刷新,世界级钼矿全球前三+一体化+净现金，ROE17.4%盈利兑现充分，自旧L5纠偏至L2。,tier_rebuild_202607_b02,2026-07-09T20:25:21Z,a-share-selection-operation-v17
002683,广东宏大,worth_attention,L2,F-垄断资源型,民爆产能许可红线（总量冻结）+矿服爆破一体化整合龙头+军工（导弹总体民企稀缺资质）；前瞻侵蚀：矿服属execution-heavy服务、并购整合执行风险、军品订单波动。,民爆许可产能无法新增，整合方向明确且宏大为最大整合者，测试通过（规则12）。,民爆行业整合第一（对照易普力/雅化规模与矿服协同占优）；ROE14.2%/收入+49%。,,,L2：牌照红线+整合龙头+军工加成，折扣在服务业属性（矿服毛利低）与整合执行依赖；处L2下沿，跟踪整合与军品兑现。,upgrade(旧L5),round1_triage_2026-07 + prior_round_deep_review_2026-06(data/archive/2026-06-two-layer-review) + local_financial_indicators_2026Q1(data/interim/a_share_financial_indicators.csv) + docs/peer-group-calibration; 模型既有知识判断，权威材料需后续刷新,民爆许可红线+矿服一体化整合龙头+军工资质，收入+49%；服务业属性为折扣，自旧L5纠偏至L2下沿。,tier_rebuild_202607_b02,2026-07-09T20:25:21Z,a-share-selection-operation-v17
