market_type,market_label,security_code,security_name,listed_company_name,exchange,industry,peer_groups,review_status,review_batch_id,preliminary_quality_tier,preliminary_quality_tier_label,preliminary_strategy_tag,preliminary_peer_rank,preliminary_peer_count,watch_selection_route,triage_score,triage_decision,required_authoritative_sources,annual_report_source_url,interim_or_quarterly_report_source_url,official_announcement_or_ir_source_url,reputable_research_report_source_url,source_verified_at_utc,primary_strategy_tag_final,secondary_strategy_tags_final,watchlist_decision_final,quality_tier_final,moat_conclusion,capital_replicability_conclusion,technical_or_process_barrier_conclusion,market_space_conclusion,peer_double_check_conclusion,financial_quality_conclusion,valuation_relevance_note,bear_case_summary,base_case_summary,bull_case_summary,invalidation_conditions,monitoring_metrics,analyst_notes,created_at_utc
A_SHARE,A股,300750,宁德时代,宁德时代,SZSE,C 制造业,电气设备-电源设备-动力电池与新能源车平台,reviewed_authoritative_deep_review,batch-001,L1,L1-核心候选,D-产业链爆发/关键瓶颈型,1,2,direct_watch,77.67,challenged,latest annual report; latest interim or quarterly report; official announcement or IR material; reputable research report when available,https://www.cninfo.com.cn/new/announcement/download?bulletinId=1225002214&announceTime=1773072000000,https://www.cninfo.com.cn/new/announcement/download?bulletinId=1225107946&announceTime=1776268800000,https://www.cninfo.com.cn/new/disclosure/stock?stockCode=300750,https://pdf.dfcfw.com/pdf/H3_AP202604231821483907_1.pdf,2026-06-14T00:00:00+00:00,D-产业链爆发/关键瓶颈型,C-GARP成长型,core_candidate,L1-核心候选,动力电池和储能龙头，年报、2026Q1和交银国际技术发布会研报共同支持技术迭代、制造规模、客户认证、供应链和补能生态形成复合壁垒。,资金可扩产，但难以短期复制电化学体系、制造良率、全球车企认证、供应链议价和储能项目交付经验；比亚迪等强竞争需持续跟踪。,CTP/快充/储能系统/制造工艺和质量控制构成高技术和工程壁垒，属于三张票较完整的产业链瓶颈。,全球新能源车和储能仍有长期空间，但电池价格战、欧美政策和客户自供会压制利润率。,对比二线电池厂和材料厂，宁德时代的客户广度、独立供应商地位、储能规模和技术迭代明显更强；对比比亚迪则是第三方电池平台优势，L1合理。,盈利和现金流规模强，但资本开支、价格战和海外建厂风险较高。,业务分档不看当前PE；估值应按2-3年装机/储能出货、ASP、单位利润和资本开支重建。,车企自供和价格战加剧，单位利润下行，储能竞争扩散，估值按制造业龙头下修。,全球动力和储能需求增长，份额保持领先，单位盈利企稳，维持核心复利和产业瓶颈价值。,快充/储能/海外客户持续突破，利润上修快于股价，平台化能力强化。,全球份额连续下滑；毛利率无法企稳；重大客户转向自供；储能安全或海外政策出现重大不利。,全球装机份额；储能收入和毛利率；单位Wh利润；海外产能利用率；经营现金流,batch-001逐股审查；来源：2025年年度报告、2026年一季度报告、交银国际证券有限公司《技术发布会简析：技术迭代驱动多维增长，补能生态加速布局》。,2026-06-14T00:00:00+00:00
A_SHARE,A股,601899,紫金矿业,紫金矿业集团股份有限公司,SSE,采矿业,有色金属-战略资源与矿业,reviewed_authoritative_deep_review,batch-001,L1,L1-核心候选,F-垄断资源型,2,6,direct_watch,70.47,challenged,latest annual report; latest interim or quarterly report; official announcement or IR material; reputable research report when available,https://www.cninfo.com.cn/new/announcement/download?bulletinId=1225023658&announceTime=1774022400000,https://www.cninfo.com.cn/new/announcement/download?bulletinId=1225141507&announceTime=1776787200000,https://www.cninfo.com.cn/new/disclosure/stock?stockCode=601899,https://pdf.dfcfw.com/pdf/H3_AP202604281821712104_1.pdf,2026-06-14T00:00:00+00:00,F-垄断资源型,G-股东回报型低估,core_candidate,L1-核心候选,全球化铜金矿龙头，年报、2026Q1和中邮证券研报支持其资源储量、项目开发、并购整合和低成本扩张能力是核心护城河。,矿权、资源禀赋、海外开发经验和复杂项目管理不能仅靠资金快速复制；但资源国政治和商品价格周期是核心风险。,技术壁垒不在单点专利，而在勘探、采选冶、低品位矿开发、跨国项目建设和成本控制体系。,铜长期受电气化和供给约束支撑，金提供避险属性，锂等新资源提供期权。,对比普通有色矿企，紫金具备全球项目组合、储量替代和工程开发能力；在A股资源股中可作为L1锚点。,周期性强但穿越周期现金流和资产扩张能力优于多数同业；需防顶部并购和负债扩张。,估值应用中枢铜金价格、资源NAV和周期正常化利润，不能用单年高利润PE判断。,铜金价格下行、海外项目扰动、资本开支超预算，资源股估值压缩。,铜金中枢维持，核心矿山放量，成本曲线优势兑现。,全球铜供给更紧，金价中枢上移，新增项目超预期。,资源储量或项目进度低于披露；重大海外政治风险；高价并购破坏资本纪律；成本曲线恶化。,矿产铜/金产量；单位成本；储量替代；资本开支；分红率,batch-001逐股审查；来源：紫金矿业集团股份有限公司2025年年度报告、紫金矿业集团股份有限公司2026年第一季度报告、中邮证券有限责任公司《季度利润再创新高，碳酸锂利润开始释放》。,2026-06-14T00:00:00+00:00
A_SHARE,A股,002371,北方华创,北方华创,SZSE,C 制造业,电子设备-半导体设备 | 电子设备-半导体-半导体材料,reviewed_authoritative_deep_review,batch-001,L1,L1-核心候选,D-产业链爆发/关键瓶颈型,1,1,direct_watch,66.80,advance_to_deep_review,latest annual report; latest interim or quarterly report; official announcement or IR material; reputable research report when available,https://www.cninfo.com.cn/new/announcement/download?bulletinId=1225122918&announceTime=1776441600000,https://www.cninfo.com.cn/new/announcement/download?bulletinId=1225259650&announceTime=1777478400000,https://www.cninfo.com.cn/new/disclosure/stock?stockCode=002371,https://pdf.dfcfw.com/pdf/H3_AP202605061821983893_1.pdf,2026-06-14T00:00:00+00:00,D-产业链爆发/关键瓶颈型,C-GARP成长型,core_candidate,L1-核心候选,半导体设备国产化核心平台，年报、2026Q1和交银国际研报支持其多品类设备放量、客户验证和毛利修复。,半导体设备不是资金密集即可复制，工艺know-how、客户验证、可靠性迭代和供应链协同周期很长。,刻蚀、薄膜沉积、清洗等多平台布局带来系统性技术壁垒，研发持续投入是关键。,国产晶圆厂扩产和自主可控提供长期需求，但半导体资本开支周期会带来波动。,对比单品类设备公司，北方华创平台宽度和客户覆盖更强；对比中微则更偏多平台设备龙头，L1合理。,收入增长和研发投入强，存货/应收及半导体周期需持续核查。,估值需按国产替代空间、各品类份额、订单/收入确认和合理毛利率推演，静态PE不足。,晶圆厂扩产放缓、产品验证不及预期、海外限制升级，订单和估值双杀。,国产替代持续，平台产品放量，毛利率稳定。,高端制程设备突破加速，份额和利润率同步提升。,核心产品份额停滞；研发转化失败；毛利率结构性下行；客户扩产周期反转。,新签订单；分产品收入；研发费用率；毛利率；存货和合同负债,batch-001逐股审查；来源：2025年年度报告、2026年一季度报告、交银国际证券有限公司《营收持续高增长，毛利率1Q26反弹》。,2026-06-14T00:00:00+00:00
A_SHARE,A股,600036,招商银行,招商银行股份有限公司,SSE,金融业,金融-银行-股份制与城商行,reviewed_authoritative_deep_review,batch-001,L1,L1-核心候选,G-股东回报型低估/稳健资产,1,4,direct_watch,66.70,challenged,latest annual report; latest interim or quarterly report; official announcement or IR material; reputable research report when available,https://www.cninfo.com.cn/new/announcement/download?bulletinId=1225047590&announceTime=1774627200000,https://www.cninfo.com.cn/new/announcement/download?bulletinId=1225231394&announceTime=1777392000000,https://www.cninfo.com.cn/new/disclosure/stock?stockCode=600036,https://pdf.dfcfw.com/pdf/H3_AP202605051821966955_1.pdf,2026-06-14T00:00:00+00:00,G-股东回报型低估/稳健资产,A-现金流复利型,core_candidate,L1-核心候选,零售银行和财富管理领先，年报、2026Q1和东海证券研报支持息差压力趋缓、资产质量出清弹性和客户基础优势。,银行牌照容易有资本约束，真正难复制的是低成本负债、零售客户、风控体系和财富管理品牌。,技术壁垒主要体现为数字化运营、风控模型和客户数据，而非硬科技。,银行整体受宏观、地产和利率周期压制，但招行在零售和资产质量上仍是A股银行锚点。,对比其他股份行，招商银行低成本负债、财富管理和风险定价能力更强；与宁波/邮储/常熟差异化，L1合理。,关注净息差、拨备、资产质量和分红；银行利润需按信用周期调整。,估值应以PB、ROE中枢、资产质量和分红回报评估，不用普通PE。,地产和小微信用风险继续暴露，息差持续收缩，ROE下台阶。,息差下行趋缓，资产质量稳定，分红维持。,信用风险出清，财富管理恢复，PB修复。,不良/关注贷款明显恶化；拨备覆盖快速下滑；零售优势丧失；分红能力下降。,净息差；不良率；拨备覆盖率；ROE；分红率,batch-001逐股审查；来源：招商银行股份有限公司2025年度报告、招商银行股份有限公司2026年第一季度报告、东海证券股份有限公司《公司简评报告：息差下行趋缓，出清弹性渐显》。,2026-06-14T00:00:00+00:00
A_SHARE,A股,688120,华海清科,华海清科股份有限公司,SSE,制造业,电子设备-半导体设备,reviewed_authoritative_deep_review,batch-001,L1,L1-核心候选,D-产业链爆发/关键瓶颈型,2,6,direct_watch,66.65,advance_to_deep_review,latest annual report; latest interim or quarterly report; official announcement or IR material; reputable research report when available,https://www.cninfo.com.cn/new/announcement/download?bulletinId=1225156951&announceTime=1776873600000,https://www.cninfo.com.cn/new/announcement/download?bulletinId=1225157053&announceTime=1776873600000,https://www.cninfo.com.cn/new/disclosure/stock?stockCode=688120,https://pdf.dfcfw.com/pdf/H3_AP202605081822070778_1.pdf,2026-06-14T00:00:00+00:00,D-产业链爆发/关键瓶颈型,C-GARP成长型,quasi_core_candidate,L2-准核心候选,CMP设备国产替代核心公司，年报、2026Q1和东海证券深度研报支持先进CMP设备放量和平台化拓展。,资金不能快速复制CMP工艺、客户验证和制程适配经验，但公司品类和规模仍窄于北方华创/中微。,CMP设备工艺、耗材协同、晶圆厂验证和良率经验构成高壁垒。,先进制程和国产晶圆扩产带来空间，但品类集中使周期和客户集中风险较高。,对比北方华创/中微，华海清科单环节壁垒强但平台宽度较窄，因此准核心而非L1。,高研发和高毛利具备吸引力，需跟踪订单持续性和新品类贡献。,估值应按CMP国产替代份额、新产品扩张和2-3年利润弹性测算。,晶圆厂扩产放缓或竞品导入，单品类估值压缩。,CMP设备份额提升，新产品逐步贡献收入。,平台化成功，先进制程客户验证超预期。,核心客户导入停滞；新品类放量失败；毛利率显著下行；研发投入转化不足。,CMP设备订单；新产品收入；毛利率；研发费用率；客户集中度,batch-001逐股审查；来源：2025年年度报告、2026年第一季度报告、东海证券股份有限公司《公司深度报告：先进CMP设备放量突破，平台化战略引领协同发展》。,2026-06-14T00:00:00+00:00
A_SHARE,A股,688012,中微公司,中微半导体设备(上海)股份有限公司,SSE,制造业,电子设备-半导体设备,reviewed_authoritative_deep_review,batch-001,L1,L1-核心候选,D-产业链爆发/关键瓶颈型,5,6,direct_watch,66.37,advance_to_deep_review,latest annual report; latest interim or quarterly report; official announcement or IR material; reputable research report when available,https://www.cninfo.com.cn/new/announcement/download?bulletinId=1225062431&announceTime=1774886400000,https://www.cninfo.com.cn/new/announcement/download?bulletinId=1225215453&announceTime=1777305600000,https://www.cninfo.com.cn/new/disclosure/stock?stockCode=688012,https://pdf.dfcfw.com/pdf/H3_AP202606121823507342_1.pdf,2026-06-14T00:00:00+00:00,D-产业链爆发/关键瓶颈型,C-GARP成长型,core_candidate,L1-核心候选,刻蚀和MOCVD等设备龙头，年报、2026Q1和中邮证券研报支持其技术突破、客户验证和高端设备国产替代地位。,半导体刻蚀设备需要长期工艺积累、客户线体验证和可靠性数据，不能靠资本短期复制。,等离子刻蚀、薄膜/外延设备等工艺难度高，客户验证周期长。,国产晶圆厂扩产和自主可控带来空间，但受半导体资本开支周期影响。,中微在核心设备环节具备全球可比技术壁垒，对比A股多数半导体设备公司更接近L1。,研发强度和盈利质量较好；需跟踪订单、存货和产品结构。,估值按高端设备国产替代率、份额和合理毛利率建模，不能只看静态PE。,扩产周期反转、出口管制升级、客户验证放缓，订单下修。,刻蚀设备份额提升，MOCVD和新设备稳定贡献。,先进制程设备突破，国产替代速度上修。,关键设备验证失败；订单连续下滑；研发投入无法转化；毛利率结构性下降。,刻蚀设备订单；新产品收入；研发费用率；毛利率；合同负债,batch-001逐股审查；来源：2025年年度报告、2026年第一季度报告、中邮证券有限责任公司《攀登勇者，志在巅峰》。,2026-06-14T00:00:00+00:00
A_SHARE,A股,000333,美的集团,美的集团,SZSE,C 制造业,家电-白色家电-白色家电,reviewed_authoritative_deep_review,batch-001,L1,L1-核心候选,A-DCF/现金流复利型,1,4,direct_watch,57.62,reject,latest annual report; latest interim or quarterly report; official announcement or IR material; reputable research report when available,https://www.cninfo.com.cn/new/announcement/download?bulletinId=1225065145&announceTime=1774886400000,https://www.cninfo.com.cn/new/announcement/download?bulletinId=1225259066&announceTime=1777478400000,https://www.cninfo.com.cn/new/disclosure/stock?stockCode=000333,https://pdf.dfcfw.com/pdf/H3_AP202605121822200727_1.pdf,2026-06-14T00:00:00+00:00,A-DCF/现金流复利型,C-GARP成长型,core_candidate,L1-核心候选,全球家电和工业科技集团，年报、2026Q1和交银国际研报支持ToB业务、全球化、渠道效率和制造体系构成复利基础。,家电制造本身可复制，但品牌、渠道、供应链效率、成本控制、全球服务网络和多品类协同难以短期复制。,技术壁垒更多体现为制造工程、自动化、供应链和工业科技平台，不是单一产品专利。,白电成熟但全球份额、B端业务、机器人/楼宇科技提供中低速复利空间。,对比普通家电和制造公司，美的现金流、治理、全球化和品类协同明显更强，L1合理。,现金流和股东回报质量高；需关注海外需求、汇率和B端业务周期。,估值用FCF收益率、增长、分红回购和估值分位，不用高成长PE逻辑。,海外需求下行、地产拖累、B端业务低于预期，估值回落。,白电稳健，B端和全球化继续贡献，现金流支持回报。,工业科技平台化超预期，全球份额继续提升。,ROIC结构性下降；资本配置失误；现金流恶化；核心品类份额下降。,经营现金流；ROIC；海外收入；B端业务收入；分红回购,batch-001逐股审查；来源：2025年年度报告、2026年一季度报告、交银国际证券有限公司《稳步推进ToB业务与全球化，迈向技术驱动的全球工业科技集团》。,2026-06-14T00:00:00+00:00
A_SHARE,A股,600519,贵州茅台,贵州茅台酒股份有限公司,SSE,制造业,食品饮料-饮料-白酒,reviewed_authoritative_deep_review,batch-001,L2,L2-准核心候选,A-DCF/现金流复利型,1,3,direct_watch,87.02,challenged,latest annual report; latest interim or quarterly report; official announcement or IR material; reputable research report when available,https://www.cninfo.com.cn/new/announcement/download?bulletinId=1225114741&announceTime=1776355200000,https://www.cninfo.com.cn/new/announcement/download?bulletinId=1225187851&announceTime=1777046400000,https://www.cninfo.com.cn/new/disclosure/stock?stockCode=600519,https://pdf.dfcfw.com/pdf/H3_AP202605251822844635_1.pdf,2026-06-14T00:00:00+00:00,A-DCF/现金流复利型,,quasi_core_candidate,L2-准核心候选,中国高端白酒最强品牌之一，年报、2026Q1和诚通证券研报支持品牌、渠道、稀缺产能和定价权仍极强。,资金无法复制茅台产区、历史品牌心智、渠道控制和社交礼赠属性；但年轻消费偏好变化限制长期空间。,技术壁垒不应按普通制造理解，核心是产区、工艺、基酒年份、品控和品牌信任。,短期高端白酒仍稳，但长期消费代际变化和行业下行周期压制增长天花板。,护城河可给L1，但按当前体系的行业前景和复利空间，整体观察层级低于宁德/紫金/半导体设备等长期空间更大的L1。,利润率、现金流和预收/渠道能力极强；关注批价、库存和渠道利润。,估值应按FCF、分红和低速增长DCF；不能因强护城河忽略长期增长放缓。,高端酒需求下行、批价走弱、渠道库存累积，估值继续压缩。,品牌韧性维持，收入低速增长，现金流和分红支撑。,渠道改革和产品结构带来超预期增长。,批价长期低迷；渠道库存恶化；年轻消费替代加速；管理层资本配置变差。,飞天批价；合同负债；渠道库存；分红率；收入增速,batch-001逐股审查；来源：贵州茅台2025年年度报告、贵州茅台2026年第一季度报告、诚通证券股份有限公司《2025年年报及2026年一季报点评：顺势出清舒缓压力巩固优势稳健前行》。,2026-06-14T00:00:00+00:00
A_SHARE,A股,000858,五 粮 液,五 粮 液,SZSE,C 制造业,食品饮料-饮料-白酒,reviewed_authoritative_deep_review,batch-001,L2,L2-准核心候选,A-DCF/现金流复利型,3,3,direct_watch,85.68,advance_to_deep_review,latest annual report; latest interim or quarterly report; official announcement or IR material; reputable research report when available,https://www.cninfo.com.cn/new/announcement/download?bulletinId=1225273091&announceTime=1777544425000,https://www.cninfo.com.cn/new/announcement/download?bulletinId=1225273099&announceTime=1777544426000,https://www.cninfo.com.cn/new/disclosure/stock?stockCode=000858,https://pdf.dfcfw.com/pdf/H3_AP202605061821983759_1.pdf,2026-06-14T00:00:00+00:00,A-DCF/现金流复利型,G-股东回报型低估,quasi_core_candidate,L2-准核心候选,浓香白酒龙头，年报、2026Q1和中邮证券研报支持其品牌、渠道和高股息属性，但稀缺性弱于茅台。,资金难以复制五粮液品牌和渠道，但浓香型竞争和价格带替代强于茅台。,核心壁垒为品牌、老窖池、工艺和渠道，不应与硬科技直接比较。,行业整体长期增长不乐观，高端/次高端集中度提升支撑龙头相对优势。,按用户规则，白酒只保留茅台、五粮液、汾酒；五粮液可准核心观察，但不应和茅台同档。,现金流和分红较好；需重点跟踪动销、批价和库存。,用现金流、分红、批价和低速增长DCF评估，不用成长股PEG。,浓香竞争加剧，批价和渠道利润下行，增长停滞。,品牌稳健，高股息支撑，收入低速增长。,渠道梳理成功，产品结构改善，估值修复。,核心单品批价失守；渠道库存恶化；分红下降；收入质量继续弱化。,普五批价；合同负债；渠道库存；分红率；经营现金流,batch-001逐股审查；来源：2025年年度报告、2026年一季度报告、中邮证券有限责任公司《谨慎原则下收入再梳理，动销保障经营基本盘、高股息保障股东回报》。,2026-06-14T00:00:00+00:00
A_SHARE,A股,688778,厦钨新能,厦门厦钨新能源材料股份有限公司,SSE,制造业,有色金属-金属非金属新材料-电池材料,reviewed_authoritative_deep_review,batch-001,L2,L2-准核心候选,F-垄断资源型,1,8,direct_watch,83.61,advance_to_deep_review,latest annual report; latest interim or quarterly report; official announcement or IR material; reputable research report when available,https://www.cninfo.com.cn/new/announcement/download?bulletinId=1225146590&announceTime=1776873600000,https://www.cninfo.com.cn/new/announcement/download?bulletinId=1225146584&announceTime=1776873600000,https://www.cninfo.com.cn/new/disclosure/stock?stockCode=688778,https://pdf.dfcfw.com/pdf/H3_AP202604231821498197_1.pdf,2026-06-14T00:00:00+00:00,C-GARP成长型,D-电池材料期权,tactical_candidate,L3-战术候选,高端正极材料公司，年报、2026Q1和东吴证券季报点评支持高端产品量利改善和前沿技术布局，但材料环节议价和客户黏性弱于电池龙头。,资金和客户资源可进入正极材料，技术/认证有壁垒但不是不可替代；高利润容易吸引产能。,高镍、钴酸锂等材料配方和量产一致性有工艺壁垒，但难度低于电池系统和半导体设备。,受动力/消费电池需求和材料价格周期影响，前沿材料提供期权。,与宁德时代相比处于上游材料环节，差异化不够强；可战术观察，不宜准核心。,盈利波动受金属价格和产能利用率影响大，需跟踪毛利率稳定期。,估值应按稳定期吨净利、产能利用率和客户结构，而非周期低点PE。,材料价格下行、产能过剩和客户压价导致利润回落。,高端产品放量，毛利率修复至合理水平。,前沿材料路线兑现，产品结构显著改善。,毛利率持续低迷；客户集中恶化；新技术路线失败；存货减值。,正极材料销量；吨毛利；高端产品占比；存货；客户集中度,batch-001逐股审查；来源：厦门厦钨新能源材料股份有限公司2025年年度报告、厦门厦钨新能源材料股份有限公司2026年第一季度报告、东吴证券股份有限公司《2026Q1季报点评：聚焦高端产品量利双升，布局各类前沿技术》。,2026-06-14T00:00:00+00:00
A_SHARE,A股,600312,平高电气,河南平高电气股份有限公司,SSE,制造业,电气设备-输变电设备-其他输变电设备,reviewed_authoritative_deep_review,batch-001,L2,L2-准核心候选,D-产业链爆发/关键瓶颈型,1,24,direct_watch,82.46,advance_to_deep_review,latest annual report; latest interim or quarterly report; official announcement or IR material; reputable research report when available,https://www.cninfo.com.cn/new/announcement/download?bulletinId=1225093676&announceTime=1775836800000,https://www.cninfo.com.cn/new/announcement/download?bulletinId=1225134836&announceTime=1776787200000,https://www.cninfo.com.cn/new/disclosure/stock?stockCode=600312,https://pdf.dfcfw.com/pdf/H3_AP202604221821433034_1.pdf,2026-06-14T00:00:00+00:00,D-产业链爆发/关键瓶颈型,C-GARP成长型,quasi_core_candidate,L2-准核心候选,高压开关和特高压设备核心供应商，年报、2026Q1和东吴证券研报支持订单与业绩增长共振。,特高压设备需要资质、长期运行记录和电网客户验证，资金不能短期复制；但订单周期和央企体系内竞争明显。,GIS/断路器等高压设备可靠性、工程经验和国网认证构成壁垒。,电网投资、特高压和新能源消纳支撑需求，但项目制周期波动较大。,低于国电南瑞的平台化和软件壁垒，但在高压开关细分具备龙头地位，L2合理。,需跟踪订单、毛利率和应收回款，设备公司现金流可能滞后。,按电网订单周期、在手订单、毛利率和回款质量估值。,电网招标节奏放缓，价格竞争压毛利，应收上升。,特高压建设持续，订单转化为收入利润。,新一轮主网投资超预期，毛利率改善。,中标份额下降；毛利率下行；应收恶化；电网投资推迟。,国网中标份额；在手订单；毛利率；应收账款；经营现金流,batch-001逐股审查；来源：河南平高电气股份有限公司2025年年度报告、河南平高电气股份有限公司2026年第一季度报告、东吴证券股份有限公司《2026年一季报点评：业绩符合市场预期，业绩&订单增长共振》。,2026-06-14T00:00:00+00:00
A_SHARE,A股,601179,中国西电,中国西电电气股份有限公司,SSE,制造业,电气设备-输变电设备-其他输变电设备,reviewed_authoritative_deep_review,batch-001,L2,L2-准核心候选,D-产业链爆发/关键瓶颈型,3,24,direct_watch,81.80,advance_to_deep_review,latest annual report; latest interim or quarterly report; official announcement or IR material; reputable research report when available,https://www.cninfo.com.cn/new/announcement/download?bulletinId=1225094842&announceTime=1775836800000,https://www.cninfo.com.cn/new/announcement/download?bulletinId=1225200541&announceTime=1777305600000,https://www.cninfo.com.cn/new/disclosure/stock?stockCode=601179,https://pdf.dfcfw.com/pdf/H3_AP202604141821199895_1.pdf,2026-06-14T00:00:00+00:00,D-产业链爆发/关键瓶颈型,G-央企设备资产,tactical_candidate,L3-战术候选,输变电设备央企平台，年报、2026Q1和东吴证券年报点评支持盈利能力改善，但历史利润率和资本效率不及最强电网设备公司。,资质、客户关系和工程经验有壁垒，但央企设备平台并非单一不可替代瓶颈。,变压器、开关、电力电子等综合能力较强，更多是工程可靠性和系统交付壁垒。,主网和特高压投资支撑景气，受电网招标周期影响。,对比国电南瑞/平高，西电更偏综合设备平台，差异化优势较弱，暂定L3。,盈利改善需持续验证，应收和资产效率是关键。,按订单周期、利润率修复和央企资本回报改善评估。,招标推迟、价格竞争、利润率修复失败。,电网投资维持，盈利能力稳步改善。,特高压和海外订单超预期，ROE上台阶。,订单份额下降；毛利率回落；回款恶化；改革低于预期。,中标份额；毛利率；ROE；应收周转；海外订单,batch-001逐股审查；来源：中国西电2025年年度报告、中国西电2026年第一季度报告、东吴证券股份有限公司《2025年年报点评：业绩符合市场预期，盈利能力稳步提升》。,2026-06-14T00:00:00+00:00
A_SHARE,A股,600703,三安光电,三安光电股份有限公司,SSE,制造业,电子设备-光电子器件-LED,reviewed_with_public_research_gap,batch-001,L2,L2-准核心候选,D-产业链爆发/关键瓶颈型,2,12,direct_watch,81.59,advance_to_deep_review,latest annual report; latest interim or quarterly report; official announcement or IR material; reputable research report when available,https://www.cninfo.com.cn/new/announcement/download?bulletinId=1225193540&announceTime=1777046400000,https://www.cninfo.com.cn/new/announcement/download?bulletinId=1225193500&announceTime=1777046400000,https://www.cninfo.com.cn/new/disclosure/stock?stockCode=600703,,2026-06-14T00:00:00+00:00,D-产业链爆发/关键瓶颈型,E-困境修复候选,zero_position_watch,L4-零仓位观察,LED和化合物半导体资产平台，年报和2026Q1显示仍有第三代半导体/光电材料期权，但本轮未获取到公开署名券商研报，结论置信度需打折。,MOCVD产线和化合物半导体量产有资本与工艺门槛，但LED历史产能周期证明高利润会吸引竞争，壁垒弱于设备/电池龙头。,Mini/Micro LED、SiC/GaN等方向有技术含量，但上市公司利润转化和竞争格局仍需证据。,LED周期修复和第三代半导体提供弹性，但行业产能和价格周期强。,与北方华创/中微等关键设备公司相比，三安更像资产重、周期重的材料/芯片平台，暂不进入前三档。,需关注折旧、减值、毛利率和资本开支回报。,估值应按各业务正常化利润和资产减值风险拆分，不能因第三代半导体主题直接升档。,LED价格周期再下行，SiC/GaN放量慢，折旧和减值拖累。,LED利润修复，化合物半导体逐步贡献但不形成核心瓶颈。,SiC/GaN客户验证和收入超预期，资产周转改善。,毛利率持续低位；资本开支回报不足；关键客户验证不达预期；公开研报证据无法补齐。,LED价格；SiC/GaN收入；毛利率；折旧和减值；资本开支,batch-001逐股审查；来源：三安光电股份有限公司2025年年度报告、三安光电股份有限公司2026年第一季度报告；公开署名研报本轮未获取，保持低置信度。,2026-06-14T00:00:00+00:00
A_SHARE,A股,300019,硅宝科技,硅宝科技,SZSE,C 制造业,基础化工-化学制品-其他化学制品,reviewed_authoritative_deep_review,batch-001,L2,L2-准核心候选,C-GARP成长型,1,41,direct_watch,81.55,advance_to_deep_review,latest annual report; latest interim or quarterly report; official announcement or IR material; reputable research report when available,https://www.cninfo.com.cn/new/announcement/download?bulletinId=1225041269&announceTime=1774627200000,https://www.cninfo.com.cn/new/announcement/download?bulletinId=1225128193&announceTime=1776700800000,https://www.cninfo.com.cn/new/disclosure/stock?stockCode=300019,https://pdf.dfcfw.com/pdf/H3_AP202604211821379481_1.pdf,2026-06-14T00:00:00+00:00,C-GARP成长型,,no_watchlist_inclusion,L5-移出观察池,有机硅胶和工业胶公司，年报、2026Q1和开源证券研报显示工业胶/热熔胶增长但盈利承压，未证明足够强的不可复制护城河。,胶粘剂细分有配方和客户认证，但资金、渠道和化工产能可较容易进入，利润高时容易吸引竞争。,工艺壁垒存在但未达到电池、半导体设备、电网核心设备等级。,建筑、光伏、工业胶有空间但竞争分散，周期和价格压力明显。,相比L3以上公司，硅宝缺少行业统治力、长期高利润率和强客户锁定，按严进宽出应剔除。,盈利能力短期承压，现金流和利润率需观察但不构成入池理由。,即使估值不高，也不能把低壁垒增长归为GARP。,价格竞争和原料波动压制利润，增长无法转化现金流。,工业胶业务增长但利润率平庸。,高端工业胶放量并形成客户黏性，但当前证据不足。,若高端产品毛利率、客户锁定和市占率显著提升，可重新研究。,工业胶收入占比；毛利率；应收；经营现金流；研发产品放量,batch-001逐股审查；来源：2025年年度报告、2026年一季度报告、开源证券股份有限公司《公司信息更新报告：工业胶、热熔胶营收高增，盈利能力短期承压》。,2026-06-14T00:00:00+00:00
A_SHARE,A股,300001,特锐德,特锐德,SZSE,C 制造业,电气设备-输变电设备-其他输变电设备,reviewed_authoritative_deep_review,batch-001,L2,L2-准核心候选,D-产业链爆发/关键瓶颈型,2,24,direct_watch,81.49,advance_to_deep_review,latest annual report; latest interim or quarterly report; official announcement or IR material; reputable research report when available,https://www.cninfo.com.cn/new/announcement/download?bulletinId=1225086349&announceTime=1775664000000,https://www.cninfo.com.cn/new/announcement/download?bulletinId=1225211046&announceTime=1777305600000,https://www.cninfo.com.cn/new/disclosure/stock?stockCode=300001,https://pdf.dfcfw.com/pdf/H3_AP202606071823341247_1.pdf,2026-06-14T00:00:00+00:00,D-产业链爆发/关键瓶颈型,E-充电网络修复,tactical_candidate,L3-战术候选,箱变和充电网络公司，年报、2026Q1和国信证券研报支持算电岛/充电生态新方向，但充电运营商业模式仍需盈利验证。,箱变制造和充电站建设资金可复制，真正壁垒在网络规模、选址、运营效率和电力系统方案，但还不够强。,电力设备集成和充电运营有工程壁垒，算力供电方案提供期权。,新能源车充电、配电和算力电力需求有空间，但竞争者多。,相比国电南瑞/平高，特锐德更偏商业模式和运营验证，暂定L3。,需看充电业务盈利质量、现金流和资本开支。,按充电网络盈利模型、设备订单和算电岛订单验证分开估值。,充电利用率低、价格竞争、资本开支拖累现金流。,设备业务稳健，充电运营逐步改善。,算力供电和充电网络盈利模型打开，估值重估。,充电业务长期亏损；新方案无订单；现金流恶化；负债压力上升。,充电利用率；充电业务毛利；设备订单；经营现金流；资本开支,batch-001逐股审查；来源：2025年年度报告、2026年一季度报告、国信证券股份有限公司《发布算电岛预制舱供电站，构筑下一代算力中心供电范式》。,2026-06-14T00:00:00+00:00
A_SHARE,A股,688100,威胜信息,威胜信息技术股份有限公司,SSE,制造业,信息技术-计算机软件-行业应用软件,reviewed_authoritative_deep_review,batch-001,L2,L2-准核心候选,C-GARP成长型,1,25,direct_watch,81.36,advance_to_deep_review,latest annual report; latest interim or quarterly report; official announcement or IR material; reputable research report when available,https://www.cninfo.com.cn/new/announcement/download?bulletinId=1224988226&announceTime=1772208000000,https://www.cninfo.com.cn/new/announcement/download?bulletinId=1225234540&announceTime=1777392000000,https://www.cninfo.com.cn/new/disclosure/stock?stockCode=688100,https://pdf.dfcfw.com/pdf/H3_AP202604291821748367_1.pdf,2026-06-14T00:00:00+00:00,C-GARP成长型,D-能源物联网,tactical_candidate,L3-战术候选,能源物联网和智能计量平台，年报、2026Q1和东莞证券深度报告支持电力/水气客户、AI和全球化拓展，但规模和不可替代性仍低于国电南瑞。,公用事业客户认证和海外渠道有壁垒，但智能表计/IoT设备竞争者较多。,边缘感知、通信、平台软件和终端可靠性形成中等技术壁垒。,电网数字化、海外AMI和能源物联网有增长空间。,与国电南瑞相比，威胜信息是细分能源IoT公司，差异化可观察但不应准核心。,关注海外收入、毛利率和现金流质量。,按海外AMI空间、国内电网数字化份额和毛利率路径估值。,海外订单不及预期，硬件竞争压价。,能源IoT订单增长，海外收入稳步提升。,AI+能源管理平台化，海外突破超预期。,订单增速下滑；毛利率下降；海外回款风险；研发无法转化平台收入。,海外收入；AMI订单；毛利率；经营现金流；研发费用率,batch-001逐股审查；来源：2025年年度报告、2026年第一季度报告、东莞证券股份有限公司《深度报告：能源物联网平台龙头，拥抱AI与全球化新时代》。,2026-06-14T00:00:00+00:00
A_SHARE,A股,600406,国电南瑞,国电南瑞科技股份有限公司,SSE,信息传输、软件和信息技术服务业,电气设备-输变电设备-电气自控设备,reviewed_authoritative_deep_review,batch-001,L2,L2-准核心候选,D-产业链爆发/关键瓶颈型,2,11,direct_watch,81.34,advance_to_deep_review,latest annual report; latest interim or quarterly report; official announcement or IR material; reputable research report when available,https://www.cninfo.com.cn/new/announcement/download?bulletinId=1225257886&announceTime=1777478400000,https://www.cninfo.com.cn/new/announcement/download?bulletinId=1225257868&announceTime=1777478400000,https://www.cninfo.com.cn/new/disclosure/stock?stockCode=600406,https://pdf.dfcfw.com/pdf/H3_AP202604301821808937_1.pdf,2026-06-14T00:00:00+00:00,D-产业链爆发/关键瓶颈型,A-现金流复利型,core_candidate,L1-核心候选,电网自动化和电力系统软件/设备龙头，年报、2026Q1和东吴证券研报支持“十五五”电网数字化和主网投资延续。,资金难以复制国网体系深度、长期运行数据、调度保护系统经验和客户信任。,电网调度、继保、自动化、柔直/电力电子和系统集成具备高可靠性工程壁垒。,新能源消纳、特高压、配网数字化和电力市场化提供长期需求。,对比平高/西电等硬件设备公司，国电南瑞软件和系统平台属性更强，现金流和壁垒更接近L1。,利润和现金流相对稳健，需跟踪电网招标和研发投入。,按电网投资周期、软件/系统毛利、订单和现金流复利估值。,电网投资放缓，招标价格下降，项目回款延迟。,电网数字化和主网投资延续，利润稳步增长。,新型电力系统建设加速，软件和电力电子占比提升。,中标份额下降；核心系统被替代；毛利率结构性下行；应收恶化。,国网招标份额；软件/系统收入；毛利率；合同负债；经营现金流,batch-001逐股审查；来源：国电南瑞2025年年度报告、国电南瑞2026年第一季度报告、东吴证券股份有限公司《2025年年报&2026年一季报点评：业绩符合市场预期，“十五五”继续行稳致远》。,2026-06-14T00:00:00+00:00
A_SHARE,A股,002276,万马股份,万马股份,SZSE,C 制造业,电气设备-输变电设备-电线电缆,reviewed_authoritative_deep_review,batch-001,L2,L2-准核心候选,D-产业链爆发/关键瓶颈型,1,12,direct_watch,81.27,advance_to_deep_review,latest annual report; latest interim or quarterly report; official announcement or IR material; reputable research report when available,https://www.cninfo.com.cn/new/announcement/download?bulletinId=1225152717&announceTime=1776873600000,https://www.cninfo.com.cn/new/announcement/download?bulletinId=1225255173&announceTime=1777478400000,https://www.cninfo.com.cn/new/disclosure/stock?stockCode=002276,https://pdf.dfcfw.com/pdf/H3_AP202510271769931401_1.pdf,2026-06-14T00:00:00+00:00,D-产业链爆发/关键瓶颈型,G-设备材料修复,no_watchlist_inclusion,L5-移出观察池,电缆和充电相关业务公司，年报、2026Q1和中邮证券研报显示项目推进和业绩改善，但电缆制造整体进入门槛和定价权不足。,电缆产能、渠道和项目交付可被资金复制，超高压项目有资质壁垒但不足以形成强护城河。,超高压电缆有技术和认证要求，但公司整体业务仍偏制造和项目制。,电网和新能源建设有需求，但行业竞争和原材料价格影响大。,相比国电南瑞、平高和西电，万马缺少关键瓶颈属性和高利润率，按严进宽出剔除。,需关注铜价、应收、毛利率和项目回款。,即使业绩阶段改善，也应按周期制造估值，不能入GARP。,原料波动和价格竞争压利润，回款拖累现金流。,项目推进带来收入增长但回报率普通。,超高压产品持续放量并提高利润率，但证据不足。,若超高压电缆份额、毛利率和现金流持续显著领先同业，可重评。,超高压订单；毛利率；应收账款；铜价影响；经营现金流,batch-001逐股审查；来源：2025年年度报告、2026年一季度报告、中邮证券有限责任公司《业绩略高于预期，超高压三期项目顺利推进》。,2026-06-14T00:00:00+00:00
A_SHARE,A股,002063,远光软件,远光软件,SZSE,I 信息技术,信息技术-计算机软件-行业应用软件,reviewed_authoritative_deep_review,batch-001,L2,L2-准核心候选,C-GARP成长型,2,25,direct_watch,81.08,advance_to_deep_review,latest annual report; latest interim or quarterly report; official announcement or IR material; reputable research report when available,https://www.cninfo.com.cn/new/announcement/download?bulletinId=1225191793&announceTime=1777046400000,https://www.cninfo.com.cn/new/announcement/download?bulletinId=1225191802&announceTime=1777046400000,https://www.cninfo.com.cn/new/disclosure/stock?stockCode=002063,https://pdf.dfcfw.com/pdf/H3_AP202603311820900520_1.pdf,2026-06-14T00:00:00+00:00,C-GARP成长型,G-电力软件稳健资产,tactical_candidate,L3-战术候选,电力企业管理软件和数智化服务商，年报、2026Q1和华龙证券业绩快报点评支持基础业务和AI赋能方向，但业务粘性强于扩张性。,国网/能源企业客户关系和业务理解有壁垒，资金不能快速复制行业know-how，但软件产品不具备绝对垄断。,企业管理、财务、资产和AI应用软件有行业数据和实施经验壁垒。,电力央企数字化和AI应用提供增量，但增长弹性需验证。,与国电南瑞相比，远光偏管理软件，关键系统地位和市场空间弱一档，L3合理。,关注利润率、应收、研发资本化和现金流。,按电力软件订阅/项目收入、AI增量和现金流质量估值。,AI无法转化订单，项目制回款慢，利润率下滑。,基础软件稳健增长，AI带来有限增量。,能源央企AI/数智化大规模落地，收入和利润率上修。,核心客户份额下降；应收恶化；研发无法商业化；毛利率下行。,软件收入；AI订单；毛利率；应收账款；经营现金流,batch-001逐股审查；来源：2025年年度报告、2026年一季度报告、华龙证券股份有限公司《2025年度业绩快报点评报告：夯实基础业务，AI持续赋能企业数智化转型》。,2026-06-14T00:00:00+00:00
A_SHARE,A股,000682,东方电子,东方电子,SZSE,I 信息技术,电气设备-输变电设备-电气自控设备,reviewed_authoritative_deep_review,batch-001,L2,L2-准核心候选,D-产业链爆发/关键瓶颈型,1,11,direct_watch,81.06,advance_to_deep_review,latest annual report; latest interim or quarterly report; official announcement or IR material; reputable research report when available,https://www.cninfo.com.cn/new/announcement/download?bulletinId=1225161855&announceTime=1776960000000,https://www.cninfo.com.cn/new/announcement/download?bulletinId=1225233627&announceTime=1777392000000,https://www.cninfo.com.cn/new/disclosure/stock?stockCode=000682,https://pdf.dfcfw.com/pdf/H3_AP202511041774848897_1.pdf,2026-06-14T00:00:00+00:00,D-产业链爆发/关键瓶颈型,C-GARP成长型,tactical_candidate,L3-战术候选,电力自动化和调度设备公司，年报、2026Q1和华安证券研报支持业绩稳健和海内外市场突破，但与国电南瑞相比平台和统治力不足。,电网客户认证、工程运行经验和海外项目经验有壁垒，但不是绝对不可替代。,配电自动化、调度、保护和信息化有可靠性与实施壁垒。,配网数字化、新能源消纳和海外电力投资提供空间。,相比国电南瑞，东方电子更适合作为细分电网数字化战术候选；与平高/西电差异化在自动化软件。,关注订单质量、海外回款、毛利率和经营现金流。,按电网数字化订单、海外收入和利润率稳定性估值。,电网招标放缓，海外订单回款风险，价格竞争。,国内外电力自动化订单增长，利润稳健。,海外市场持续突破，软件和系统占比提高。,中标份额下降；海外回款恶化；毛利率下行；现金流弱于利润。,电网中标；海外收入；毛利率；应收账款；经营现金流,batch-001逐股审查；来源：2025年年度报告、2026年一季度报告、华安证券股份有限公司《业绩增长稳健，海内外市场持续突破》。,2026-06-14T00:00:00+00:00
