trade_date,security_code,security_name,exchange,quality_tier,quality_tier_label,pool_layer,valuation_tier,strategy_tag,signal_state,priority,action_bias,signal_grade,trend_strength,market_state,signals,wait_reasons,close,high,low,pct_chg,amount,ma5,ma10,ma20,ma60,ma120,ma150,ma250,amount_ma20,ret_5d,ret_20d,ret_60d,day_vol_ratio_20,vol_3d_ratio_20,vol_5d_ratio_20,vol_5d_ratio_baseline,vol_percentile_120,close_location,effective_volume,daily_bull,strong_daily_bull,quasi_bull,long_term_confirm,break_periods,overextended,data_source,screened_at_utc
2026-07-14,600519,贵州茅台,SSE,L1,L1,core,低估,A-DCF/现金流复利型,wait_repair,,仅观察,,neutral,强势,,,1214.88,1226.87,1205.0,0.3212,5288008176.0,1202.468,1199.851,1197.2866,1272.6205,1338.4806,1346.388,1367.5571,5371355546.98,0.0219,-0.0227,-0.156,0.9701,1.0232,0.8808,0.8626,55.0,0.4518,False,False,False,False,False,,False,"https://web.ifzq.gtimg.cn/appstock/app/fqkline/get?param=sh600519,day,2020-01-01,2026-07-14,1000,qfq",2026-07-14T08:06:37+00:00
2026-07-14,000333,美的集团,SZSE,L1,L1,core,较低估,A-DCF/现金流复利型,wait_breakout,,仅观察,,neutral,强势,,,81.18,82.0,79.91,0.9701,3714009354.0,79.862,79.08,76.9017,77.1344,75.2439,75.4062,73.2517,3323773658.23,0.026,0.0514,0.1005,1.0593,0.932,0.8448,1.1513,86.6667,0.6077,False,False,False,True,True,,False,"https://web.ifzq.gtimg.cn/appstock/app/fqkline/get?param=sz000333,day,2020-01-01,2026-07-14,1000,qfq",2026-07-14T08:06:35+00:00
2026-07-14,603288,海天味业,SSE,L1,L1,core,较低估,A-DCF/现金流复利型,wait_repair,,仅观察,,neutral,强势,,,34.56,34.9,34.17,0.4651,718104960.0,34.022,33.963,33.7775,35.4133,36.0906,36.089,36.7634,806832906.55,0.0132,0.0123,-0.1386,0.8722,0.8525,0.7806,1.0323,64.1667,0.5342,False,False,False,False,False,,False,"https://web.ifzq.gtimg.cn/appstock/app/fqkline/get?param=sh603288,day,2020-01-01,2026-07-14,1000,qfq",2026-07-14T08:06:36+00:00
2026-07-14,603195,公牛集团,SSE,L1,L1,core,低估,A-DCF/现金流复利型,wait_repair,,仅观察,,weakening,强势,,,36.89,37.21,36.53,-0.0271,167226059.0,37.29,37.652,38.436,39.8327,40.1815,40.1994,41.7198,187489079.9,-0.0204,-0.0789,-0.0611,0.9315,0.8812,0.7265,0.5998,65.0,0.5294,False,False,False,False,False,,False,"https://web.ifzq.gtimg.cn/appstock/app/fqkline/get?param=sh603195,day,2020-01-01,2026-07-14,1000,qfq",2026-07-14T08:06:35+00:00
2026-07-14,601899,紫金矿业,SSE,L1,L1,core,较低估,F-垄断资源型,wait_repair,,仅观察,,neutral,强势,,,29.06,29.29,26.75,6.2135,11052113730.0,27.824,27.425,27.4895,30.3568,33.2919,33.0501,29.5764,9444909678.5,0.0521,-0.0605,-0.1584,1.1029,0.8304,0.7583,0.8564,72.5,0.9094,False,False,False,False,False,,False,"https://web.ifzq.gtimg.cn/appstock/app/fqkline/get?param=sh601899,day,2020-01-01,2026-07-14,1000,qfq",2026-07-14T08:06:35+00:00
2026-07-14,600900,长江电力,SSE,L1,L1,core,中性,G-股东回报型低估,buy_candidate,A,可建目标仓位1/3,强,strong,强势,8.7.2 放量突破关键均线/趋势启动; 8.7.0 放量上涨,,28.55,28.73,28.21,0.4574,4546330550.0,28.12,27.584,27.164,27.1725,26.8896,27.0196,27.4219,3490946275.3,0.0416,0.0355,0.0753,1.2429,1.3194,1.2301,1.4171,83.3333,0.6538,True,False,False,True,True,,False,"https://web.ifzq.gtimg.cn/appstock/app/fqkline/get?param=sh600900,day,2020-01-01,2026-07-14,1000,qfq",2026-07-14T08:06:35+00:00
2026-07-14,601088,中国神华,SSE,L1,L1,core,中性,F-垄断资源型,buy_candidate,A,等确认,弱,neutral,强势,8.7.0 放量上涨,,43.42,44.36,42.47,1.8054,2211441388.0,41.888,40.891,40.223,43.7608,43.6625,42.8844,40.8096,1878355582.5,0.066,0.025,-0.0308,1.092,0.9202,0.8505,1.02,80.0,0.5026,True,False,False,False,True,,False,"https://web.ifzq.gtimg.cn/appstock/app/fqkline/get?param=sh601088,day,2020-01-01,2026-07-14,1000,qfq",2026-07-14T08:06:35+00:00
2026-07-14,600938,中国海油,SSE,L1,L1,core,中性,F-垄断资源型,buy_candidate,A,等确认,弱,neutral,强势,8.7.0 放量上涨,,29.52,29.88,28.7,2.4289,2845851984.0,28.5284,27.8377,28.2818,33.2898,34.9791,33.5988,30.4314,1770405266.58,0.0573,-0.0581,-0.1893,1.5382,1.1203,1.138,1.486,85.8333,0.6949,True,False,False,False,False,,False,"https://web.ifzq.gtimg.cn/appstock/app/fqkline/get?param=sh600938,day,2020-01-01,2026-07-14,1000,qfq",2026-07-14T08:06:35+00:00
2026-07-14,300308,中际旭创,SZSE,L1,L1,core,可接受较高估,D-产业链爆发/关键瓶颈型,buy_candidate,B,等确认,弱,neutral,强势,8.7.0 放量上涨,,1184.05,1198.66,1098.0,6.8637,47418360780.0,1141.856,1141.227,1218.808,1090.3177,841.7201,790.6814,612.342,38189566137.6,0.0554,-0.049,0.52,1.2714,1.2363,1.1712,1.2699,91.6667,0.8549,True,False,False,False,True,,False,"https://web.ifzq.gtimg.cn/appstock/app/fqkline/get?param=sz300308,day,2020-01-01,2026-07-14,1000,qfq",2026-07-14T08:06:39+00:00
2026-07-14,688111,金山办公,SSE,L1,L1,core,可接受较高估,C-GARP成长型,wait_repair,,仅观察,,neutral,强势,,,222.63,228.83,215.68,-1.7303,195832917420.0,225.684,218.93,216.07,235.3625,262.1896,271.8699,285.5516,195520590125.75,0.081,0.0271,-0.0841,0.9791,1.2185,1.2748,1.2741,70.8333,0.5285,False,False,False,False,False,,False,"https://web.ifzq.gtimg.cn/appstock/app/fqkline/get?param=sh688111,day,2020-01-01,2026-07-14,1000,qfq",2026-07-14T08:06:39+00:00
2026-07-14,600036,招商银行,SSE,L1,L1,core,低估,G-股东回报型低估,wait_breakout,,仅观察,,neutral,强势,,,37.18,37.24,36.82,-0.1879,2989844572.0,36.9588,36.4399,36.2195,36.976,37.5302,38.0652,39.2591,3358397099.915,0.0173,-0.0202,-0.0441,0.8651,0.9076,0.8743,0.9329,55.0,0.8571,False,False,False,False,False,,False,"https://web.ifzq.gtimg.cn/appstock/app/fqkline/get?param=sh600036,day,2020-01-01,2026-07-14,1000,qfq",2026-07-14T08:06:39+00:00
2026-07-14,300059,东方财富,SZSE,L1,L1,core,中性,C-GARP成长型,wait_repair,,仅观察,,weakening,强势,,,19.6,19.98,19.19,-1.2097,6414227400.0,20.07,20.506,20.2765,19.8323,20.6547,21.1723,22.7755,11072603336.95,-0.034,0.0376,-0.0076,0.6055,0.6069,0.5982,1.0015,62.5,0.519,False,False,False,False,False,,False,"https://web.ifzq.gtimg.cn/appstock/app/fqkline/get?param=sz300059,day,2020-01-01,2026-07-14,1000,qfq",2026-07-14T08:06:39+00:00
2026-07-14,300124,汇川技术,SZSE,L1,L1,core,中性,C-GARP成长型,wait_repair,,仅观察,,weakening,强势,,,60.25,60.95,58.85,-1.1485,2222736975.0,62.43,65.528,66.5105,70.3445,71.1803,71.6241,71.8272,3086473791.35,-0.0878,-0.1306,-0.1061,0.8009,0.7897,0.8085,0.7805,56.6667,0.6667,False,False,False,False,False,,False,"https://web.ifzq.gtimg.cn/appstock/app/fqkline/get?param=sz300124,day,2020-01-01,2026-07-14,1000,qfq",2026-07-14T08:06:39+00:00
2026-07-14,600660,福耀玻璃,SSE,L1,L1,core,较低估,A-DCF/现金流复利型,wait_repair,,仅观察,,weakening,强势,,,50.7,50.7,49.98,-0.5882,397117890.0,50.996,51.258,50.6165,53.9823,56.1348,57.3266,59.2074,786009532.4,-0.0448,-0.0326,-0.1233,0.5068,0.7005,0.7949,0.8924,0.8333,1.0,False,False,False,False,False,,False,"https://web.ifzq.gtimg.cn/appstock/app/fqkline/get?param=sh600660,day,2020-01-01,2026-07-14,1000,qfq",2026-07-14T08:06:39+00:00
2026-07-14,600406,国电南瑞,SSE,L1,L1,core,低估,A-DCF/现金流复利型,wait_repair,,仅观察,,neutral,强势,,,21.99,22.0,21.42,1.3364,940230828.0,21.984,22.41,22.5831,24.311,25.2965,24.7183,23.6657,1477009168.58,-0.0351,-0.0434,-0.1667,0.6541,0.8468,0.9572,0.6331,1.6667,0.9828,False,False,False,False,False,,False,"https://web.ifzq.gtimg.cn/appstock/app/fqkline/get?param=sh600406,day,2020-01-01,2026-07-14,1000,qfq",2026-07-14T08:06:44+00:00
2026-07-14,300750,宁德时代,SZSE,L1,L1,core,较低估,D-产业链爆发/关键瓶颈型,wait_repair,,仅观察,,neutral,强势,,,364.01,364.63,352.49,1.3786,15882338716.0,361.666,370.152,383.036,409.4343,388.7403,385.0959,360.1104,14065335060.6,-0.0228,-0.0856,-0.1417,1.1871,1.3198,1.1448,1.138,81.6667,0.9489,False,False,False,False,True,,False,"https://web.ifzq.gtimg.cn/appstock/app/fqkline/get?param=sz300750,day,2020-01-01,2026-07-14,1000,qfq",2026-07-14T08:06:43+00:00
2026-07-14,300760,迈瑞医疗,SZSE,L1,L1,core,较低估,C-GARP成长型,wait_repair,,仅观察,,neutral,强势,,,139.96,141.66,138.55,0.2005,1214166996.0,139.742,139.84,139.404,149.9922,164.4989,171.1859,192.0452,1435085421.15,0.013,-0.0446,-0.1183,0.8419,0.9345,0.8777,0.9703,57.5,0.4534,False,False,False,False,False,,False,"https://web.ifzq.gtimg.cn/appstock/app/fqkline/get?param=sz300760,day,2020-01-01,2026-07-14,1000,qfq",2026-07-14T08:06:43+00:00
2026-07-14,600276,恒瑞医药,SSE,L1,L1,core,中性,C-GARP成长型,wait_breakout,,仅观察,,neutral,强势,,,54.82,55.98,54.27,-1.6682,5297212744.0,55.188,54.979,52.241,51.8607,54.3639,55.8122,58.8721,5913257348.95,-0.0098,0.1449,-0.0471,0.8618,0.9611,0.9452,1.3179,80.0,0.3216,False,False,False,False,True,,False,"https://web.ifzq.gtimg.cn/appstock/app/fqkline/get?param=sh600276,day,2020-01-01,2026-07-14,1000,qfq",2026-07-14T08:06:43+00:00
2026-07-14,600309,万华化学,SSE,L1,L1,core,较低估,F-垄断资源型,wait_repair,,仅观察,,neutral,强势,,,69.6,69.8,66.48,3.9582,2626884960.0,68.832,69.23,70.4875,76.4187,80.0055,78.4819,71.9146,3200626127.95,-0.0204,-0.0531,-0.2076,0.8325,0.8132,0.8466,1.1446,52.5,0.9398,False,False,False,False,False,,False,"https://web.ifzq.gtimg.cn/appstock/app/fqkline/get?param=sh600309,day,2020-01-01,2026-07-14,1000,qfq",2026-07-14T08:06:43+00:00
2026-07-14,000858,五粮液,SZSE,L2,L2,core,较低估,A-DCF/现金流复利型,wait_repair,,仅观察,,neutral,强势,,,73.4,73.49,72.38,0.7965,2081389120.0,72.458,72.9,74.0725,84.0788,94.0427,97.2163,106.245,2551105375.35,0.0234,-0.0782,-0.2912,0.8232,1.1121,0.9425,1.0768,67.5,0.9189,False,False,False,False,False,,False,"https://web.ifzq.gtimg.cn/appstock/app/fqkline/get?param=sz000858,day,2020-01-01,2026-07-14,1000,qfq",2026-07-14T08:06:43+00:00
2026-07-14,600809,山西汾酒,SSE,L2,L2,core,较低估,A-DCF/现金流复利型,wait_repair,,仅观察,,neutral,强势,,,110.5,110.9,108.35,0.858,856872250.0,108.616,109.216,110.2915,124.5243,141.9882,149.5497,166.1479,1292272156.55,0.0226,-0.0736,-0.2053,0.6614,0.9803,0.8506,1.1468,55.0,0.8431,False,False,False,False,False,,False,"https://web.ifzq.gtimg.cn/appstock/app/fqkline/get?param=sh600809,day,2020-01-01,2026-07-14,1000,qfq",2026-07-14T08:06:43+00:00
2026-07-14,000568,泸州老窖,SZSE,L2,L2,core,较低估,A-DCF/现金流复利型,wait_repair,,仅观察,,neutral,强势,,,77.65,77.98,76.35,1.1726,843325590.0,76.78,77.068,78.1075,88.2922,99.2123,103.6314,113.4538,1054896809.1,0.019,-0.083,-0.2468,0.8045,1.0411,0.9179,1.127,55.0,0.7975,False,False,False,False,False,,False,"https://web.ifzq.gtimg.cn/appstock/app/fqkline/get?param=sz000568,day,2020-01-01,2026-07-14,1000,qfq",2026-07-14T08:06:43+00:00
2026-07-14,600132,重庆啤酒,SSE,L2,L2,core,中性,A-DCF/现金流复利型,wait_repair,,仅观察,,neutral,强势,,,42.15,42.49,41.72,0.765,140709345.0,41.778,42.024,42.756,48.463,51.2693,51.3007,51.6298,164151778.3,0.0072,-0.1255,-0.2032,0.8732,0.9161,0.8529,0.7137,32.5,0.5584,False,False,False,False,False,,False,"https://web.ifzq.gtimg.cn/appstock/app/fqkline/get?param=sh600132,day,2020-01-01,2026-07-14,1000,qfq",2026-07-14T08:06:49+00:00
2026-07-14,600600,青岛啤酒,SSE,L2,L2,core,低估,A-DCF/现金流复利型,wait_repair,,仅观察,,neutral,强势,,,53.83,53.99,53.25,0.3168,309387925.0,53.436,53.425,53.5335,58.7953,60.5663,60.9264,63.5201,359639329.45,0.0071,-0.0953,-0.1318,0.8587,0.8233,0.7199,0.7879,56.6667,0.7838,False,False,False,False,False,,False,"https://web.ifzq.gtimg.cn/appstock/app/fqkline/get?param=sh600600,day,2020-01-01,2026-07-14,1000,qfq",2026-07-14T08:06:49+00:00
2026-07-14,000423,东阿阿胶,SZSE,L2,L2,core,低估,A-DCF/现金流复利型,wait_repair,,仅观察,,neutral,强势,,,49.07,49.87,48.3,0.6977,327002480.0,47.676,47.307,46.367,49.1948,50.6028,49.9486,48.9052,234931725.1,0.0458,0.0004,-0.0889,1.315,1.1944,0.9782,0.768,61.6667,0.4904,False,False,False,False,True,,False,"https://web.ifzq.gtimg.cn/appstock/app/fqkline/get?param=sz000423,day,2020-01-01,2026-07-14,1000,qfq",2026-07-14T08:06:50+00:00
2026-07-14,000538,云南白药,SZSE,L2,L2,core,低估,A-DCF/现金流复利型,wait_repair,,仅观察,,neutral,强势,,,50.05,50.46,49.09,0.603,798737940.0,49.13,48.917,48.5395,50.294,52.4212,52.8947,53.6406,473044650.25,0.0288,-0.002,-0.0755,1.6399,1.3722,1.0916,1.2098,98.3333,0.7007,False,False,False,False,False,,False,"https://web.ifzq.gtimg.cn/appstock/app/fqkline/get?param=sz000538,day,2020-01-01,2026-07-14,1000,qfq",2026-07-14T08:06:51+00:00
2026-07-14,000999,华润三九,SZSE,L2,L2,core,中性,C-GARP成长型,buy_candidate,A,等确认,弱,strong,强势,8.7.0 放量上涨,,24.88,25.05,24.04,1.5925,518382264.0,24.094,23.951,23.619,24.4955,26.2994,26.6175,27.6023,285064549.9,0.0542,0.0134,-0.094,1.7308,1.4787,1.1654,1.3455,93.3333,0.8317,True,False,False,False,False,,False,"https://web.ifzq.gtimg.cn/appstock/app/fqkline/get?param=sz000999,day,2020-01-01,2026-07-14,1000,qfq",2026-07-14T08:06:50+00:00
2026-07-14,600436,片仔癀,SSE,L2,L2,core,中性,A-DCF/现金流复利型,buy_candidate,A,可建目标仓位1/3,强,strong,强势,8.7.2 放量突破关键均线/趋势启动; 8.7.0 放量上涨,,126.62,129.47,120.4,0.8282,1489253792.0,118.232,115.974,114.091,125.9488,142.7353,148.3527,166.4622,630349639.0,0.1422,0.0679,-0.1501,2.1663,2.0561,1.4617,2.2207,98.3333,0.6858,True,False,False,True,False,,False,"https://web.ifzq.gtimg.cn/appstock/app/fqkline/get?param=sh600436,day,2020-01-01,2026-07-14,1000,qfq",2026-07-14T08:06:50+00:00
2026-07-14,600285,羚锐制药,SSE,L2,L2,core,中性,C-GARP成长型,buy_candidate,A,可小仓试探或等确认,中,strong,强势,8.7.0 放量上涨,均线突破但收盘位置不足,22.7,22.96,22.31,0.1765,368064610.0,22.154,21.485,20.693,20.6563,20.6405,20.581,21.0658,187521141.8,0.0583,0.082,0.1073,1.8156,1.7018,1.4557,1.7037,98.3333,0.6,True,True,False,True,True,,False,"https://web.ifzq.gtimg.cn/appstock/app/fqkline/get?param=sh600285,day,2020-01-01,2026-07-14,1000,qfq",2026-07-14T08:06:49+00:00
2026-07-14,600750,华润江中,SSE,L2,L2,core,中性,A-DCF/现金流复利型,buy_candidate,A,等确认,弱,strong,强势,8.7.0 放量上涨,,24.77,25.38,24.3,0.2834,159791270.0,24.17,23.678,23.3715,23.7332,23.9787,23.7282,22.5004,96744221.65,0.0518,0.0399,-0.0444,1.5663,1.4136,1.2433,0.9284,81.6667,0.4352,True,False,False,False,True,,False,"https://web.ifzq.gtimg.cn/appstock/app/fqkline/get?param=sh600750,day,2020-01-01,2026-07-14,1000,qfq",2026-07-14T08:06:49+00:00
2026-07-14,600993,马应龙,SSE,L2,L2,core,较低估,A-DCF/现金流复利型,wait_repair,,仅观察,,neutral,强势,,,24.06,24.48,23.65,-0.0415,213652800.0,23.69,23.211,22.8475,24.0693,25.3514,26.0093,26.689,131388846.5,0.0553,0.0208,-0.0505,1.5538,1.5855,1.4726,1.8751,93.3333,0.494,True,False,False,False,False,,False,"https://web.ifzq.gtimg.cn/appstock/app/fqkline/get?param=sh600993,day,2020-01-01,2026-07-14,1000,qfq",2026-07-14T08:06:56+00:00
2026-07-14,000651,格力电器,SZSE,L2,L2,core,较低估,A-DCF/现金流复利型,wait_breakout,,仅观察,,neutral,强势,,,39.18,39.19,38.63,1.2142,1954933116.0,38.584,38.411,37.8125,38.4547,38.3552,38.6288,39.7457,1860233258.1,0.0203,0.0349,0.0479,1.0142,0.9355,0.8048,0.8672,79.1667,0.9821,False,False,False,True,True,,False,"https://web.ifzq.gtimg.cn/appstock/app/fqkline/get?param=sz000651,day,2020-01-01,2026-07-14,1000,qfq",2026-07-14T08:06:56+00:00
2026-07-14,600690,海尔智家,SSE,L2,L2,core,较低估,A-DCF/现金流复利型,wait_repair,,仅观察,,neutral,强势,,,20.33,20.39,20.02,0.3951,798269648.0,20.246,20.343,20.177,20.6258,22.5172,23.4037,24.2764,929586911.85,0.0005,-0.0305,-0.0342,0.8513,0.91,0.8236,0.7064,36.6667,0.8378,False,False,False,False,False,,False,"https://web.ifzq.gtimg.cn/appstock/app/fqkline/get?param=sh600690,day,2020-01-01,2026-07-14,1000,qfq",2026-07-14T08:06:56+00:00
2026-07-14,000895,双汇发展,SZSE,L2,L2,core,低估,G-股东回报型低估,wait_repair,,仅观察,,neutral,强势,,,23.48,23.77,23.26,-0.6768,400369220.0,23.33,23.307,23.066,25.1438,25.6544,25.7012,25.1814,309985725.55,0.0121,-0.0277,-0.1605,1.2702,1.1075,1.021,1.1624,92.5,0.4314,False,False,False,False,False,,False,"https://web.ifzq.gtimg.cn/appstock/app/fqkline/get?param=sz000895,day,2020-01-01,2026-07-14,1000,qfq",2026-07-14T08:06:56+00:00
2026-07-14,600887,伊利股份,SSE,L2,L2,core,低估,A-DCF/现金流复利型,wait_repair,,仅观察,,neutral,强势,,,25.28,25.33,24.91,0.9988,1369736128.0,25.052,24.876,24.67,25.3467,25.4574,25.8981,26.125,1440486617.6,0.0084,-0.0051,0.0198,0.9275,1.0508,0.9383,0.8963,55.0,0.881,False,False,False,False,False,,False,"https://web.ifzq.gtimg.cn/appstock/app/fqkline/get?param=sh600887,day,2020-01-01,2026-07-14,1000,qfq",2026-07-14T08:06:56+00:00
2026-07-14,301498,乖宝宠物,SZSE,L2,L2,core,中性,C-GARP成长型,wait_repair,,仅观察,,weakening,强势,,,37.01,37.86,37.01,-1.6999,117280989.0,38.052,39.368,39.928,45.4447,52.5853,55.6197,68.8656,147316461.35,-0.0604,-0.118,-0.3039,0.8589,1.069,1.0551,0.6349,39.1667,0.0,False,False,False,False,False,,False,"https://web.ifzq.gtimg.cn/appstock/app/fqkline/get?param=sz301498,day,2020-01-01,2026-07-14,1000,qfq",2026-07-14T08:06:56+00:00
2026-07-14,300866,安克创新,SZSE,L2,L2,core,较低估,C-GARP成长型,wait_repair,,仅观察,,neutral,强势,,,111.32,114.36,107.0,3.3132,601473092.0,107.418,106.633,108.7155,116.7088,109.0148,109.1055,114.4575,548024151.7,0.0479,-0.0445,0.0106,1.0714,0.9213,0.8382,0.6809,53.3333,0.587,False,False,False,False,True,,False,"https://web.ifzq.gtimg.cn/appstock/app/fqkline/get?param=sz300866,day,2020-01-01,2026-07-14,1000,qfq",2026-07-14T08:06:56+00:00
2026-07-14,603129,春风动力,SSE,L2,L2,core,中性,C-GARP成长型,wait_breakout,,仅观察,,neutral,强势,,,267.63,269.16,260.05,0.7074,592773687.0,260.354,260.906,249.1095,249.158,247.5146,253.1191,250.9944,436595478.7,0.0295,0.1985,0.0676,1.2595,0.9664,0.8524,0.9496,85.0,0.8321,False,False,False,False,True,,False,"https://web.ifzq.gtimg.cn/appstock/app/fqkline/get?param=sh603129,day,2020-01-01,2026-07-14,1000,qfq",2026-07-14T08:06:56+00:00
2026-07-14,605499,东鹏饮料,SSE,L2,L2,core,较低估,C-GARP成长型,wait_repair,,仅观察,,weakening,强势,,,119.18,122.2,117.13,-1.1774,777577992.0,122.108,124.185,121.625,137.5707,159.9566,168.895,189.6089,993662639.95,-0.0423,-0.0708,-0.1888,0.8001,0.8365,0.8756,1.1853,70.0,0.4043,False,False,False,False,False,,False,"https://web.ifzq.gtimg.cn/appstock/app/fqkline/get?param=sh605499,day,2020-01-01,2026-07-14,1000,qfq",2026-07-14T08:07:02+00:00
2026-07-14,689009,九号公司,SSE,L2,L2,core,中性,C-GARP成长型,wait_repair,,仅观察,,neutral,强势,,,38.52,39.35,36.86,3.7716,54007054596.0,37.984,38.265,36.814,39.292,44.5613,47.1585,53.2267,53392914776.15,0.019,0.0629,-0.1474,0.9712,0.8345,0.7923,0.9433,78.3333,0.6667,False,False,False,False,False,,False,"https://web.ifzq.gtimg.cn/appstock/app/fqkline/get?param=sh689009,day,2020-01-01,2026-07-14,1000,qfq",2026-07-14T08:07:02+00:00
2026-07-14,603529,爱玛科技,SSE,L2,L2,core,中性,C-GARP成长型,wait_repair,,仅观察,,neutral,强势,,,19.95,20.06,19.65,0.7576,81880785.0,20.008,19.949,19.914,21.7094,25.4659,26.2923,29.2264,111240512.15,0.0101,-0.0554,-0.3053,0.7347,1.0076,0.9603,0.5799,10.0,0.7317,False,False,False,False,False,,False,"https://web.ifzq.gtimg.cn/appstock/app/fqkline/get?param=sh603529,day,2020-01-01,2026-07-14,1000,qfq",2026-07-14T08:07:02+00:00
2026-07-14,002372,伟星新材,SZSE,L2,L2,core,中性,A-DCF/现金流复利型,buy_candidate,A,等确认,弱,weakening,强势,8.7.0 放量上涨,,7.63,7.7,7.45,1.5979,171434655.0,7.862,8.179,8.3175,9.4242,10.2947,10.2761,10.2242,105710538.45,-0.1002,-0.1661,-0.268,1.7431,1.9428,1.6791,2.266,90.0,0.72,True,False,False,False,False,,False,"https://web.ifzq.gtimg.cn/appstock/app/fqkline/get?param=sz002372,day,2020-01-01,2026-07-14,1000,qfq",2026-07-14T08:07:02+00:00
2026-07-14,603993,洛阳钼业,SSE,L2,L2,core,中性,F-垄断资源型,wait_repair,,仅观察,,neutral,强势,,,18.21,18.34,16.62,8.0071,5710521246.0,17.458,17.783,18.4525,18.7784,19.9047,19.6478,16.7893,6594605948.85,0.0294,-0.1295,-0.0749,0.8954,0.7296,0.6966,0.9199,65.0,0.9244,False,False,False,False,True,,False,"https://web.ifzq.gtimg.cn/appstock/app/fqkline/get?param=sh603993,day,2020-01-01,2026-07-14,1000,qfq",2026-07-14T08:07:02+00:00
2026-07-14,000408,藏格矿业,SZSE,L2,L2,core,中性,F-垄断资源型,wait_repair,,仅观察,,neutral,强势,,,70.98,71.8,66.5,5.3898,1172752854.0,69.406,70.627,71.925,79.3141,80.8163,79.7058,68.2692,1182179682.4,-0.0283,-0.1329,-0.1447,1.0071,0.9477,0.9335,1.0279,58.3333,0.8453,False,False,False,False,True,,False,"https://web.ifzq.gtimg.cn/appstock/app/fqkline/get?param=sz000408,day,2020-01-01,2026-07-14,1000,qfq",2026-07-14T08:07:02+00:00
2026-07-14,000792,盐湖股份,SZSE,L2,L2,core,较低估,F-垄断资源型,wait_repair,,仅观察,,weakening,强势,,,25.35,25.43,24.4,3.0907,2000492715.0,25.592,27.566,28.8755,32.3628,34.0612,32.7769,28.0671,2950707682.9,-0.1065,-0.2086,-0.315,0.774,0.8915,0.997,0.9665,21.6667,0.9223,False,False,False,False,False,,False,"https://web.ifzq.gtimg.cn/appstock/app/fqkline/get?param=sz000792,day,2020-01-01,2026-07-14,1000,qfq",2026-07-14T08:07:02+00:00
2026-07-14,002532,天山铝业,SZSE,L2,L2,core,较低估,F-垄断资源型,buy_candidate,A,等确认,弱,neutral,强势,8.7.0 放量上涨,,12.25,12.25,11.01,9.9641,2781266950.0,11.26,11.239,11.544,14.4359,16.0968,15.7731,13.6553,1373552718.35,0.0783,-0.0939,-0.327,1.9181,1.3438,1.1934,1.8288,100.0,1.0,True,False,False,False,False,,False,"https://web.ifzq.gtimg.cn/appstock/app/fqkline/get?param=sz002532,day,2020-01-01,2026-07-14,1000,qfq",2026-07-14T08:07:02+00:00
2026-07-14,000933,神火股份,SZSE,L2,L2,core,较低估,F-垄断资源型,buy_candidate,A,等确认,弱,neutral,强势,8.7.0 放量上涨,,24.68,24.95,22.91,6.7013,3439607176.0,22.908,22.318,22.7305,27.6656,29.721,28.988,25.3609,1596987551.3,0.1331,-0.0666,-0.2513,2.0064,1.6471,1.256,1.7323,100.0,0.8676,True,False,False,False,False,,False,"https://web.ifzq.gtimg.cn/appstock/app/fqkline/get?param=sz000933,day,2020-01-01,2026-07-14,1000,qfq",2026-07-14T08:07:09+00:00
2026-07-14,002128,电投能源,SZSE,L2,L2,core,中性,F-垄断资源型,buy_candidate,A,等确认,弱,neutral,强势,8.7.0 放量上涨,,26.08,26.08,23.74,9.9958,714511152.0,24.048,24.055,24.274,28.3257,28.8113,28.3303,25.496,418907967.95,0.0817,-0.0337,-0.1794,1.6014,1.109,0.9703,0.9121,82.5,1.0,True,False,False,False,True,,False,"https://web.ifzq.gtimg.cn/appstock/app/fqkline/get?param=sz002128,day,2020-01-01,2026-07-14,1000,qfq",2026-07-14T08:07:09+00:00
2026-07-14,600111,北方稀土,SSE,L2,L2,core,中性,F-垄断资源型,wait_repair,,仅观察,,weakening,强势,,,39.83,39.85,38.1,2.1806,3225987037.0,42.064,44.931,47.4235,49.464,50.4176,49.6395,47.5379,5699298815.45,-0.1606,-0.2108,-0.1916,0.6865,0.7979,0.8454,0.7847,20.0,0.9886,False,False,False,False,False,,False,"https://web.ifzq.gtimg.cn/appstock/app/fqkline/get?param=sh600111,day,2020-01-01,2026-07-14,1000,qfq",2026-07-14T08:07:09+00:00
2026-07-14,600989,宝丰能源,SSE,L2,L2,core,较低估,F-垄断资源型,buy_candidate,A,等确认,弱,neutral,强势,8.7.0 放量上涨,,22.03,22.12,21.08,6.3224,3962899595.0,20.69,20.68,21.0775,24.7788,25.5044,24.0613,21.04,1845210832.05,0.0804,-0.0121,-0.2135,2.0679,1.3975,1.1632,1.0919,88.3333,0.9135,True,False,False,False,True,,False,"https://web.ifzq.gtimg.cn/appstock/app/fqkline/get?param=sh600989,day,2020-01-01,2026-07-14,1000,qfq",2026-07-14T08:07:09+00:00
2026-07-14,603505,金石资源,SSE,L2,L2,core,中性,F-垄断资源型,wait_repair,,仅观察,,weakening,强势,,,16.17,16.2,15.5,2.2124,355925955.0,16.74,19.198,19.5135,19.1722,19.3023,19.1263,18.3839,856383328.15,-0.1639,-0.1716,-0.0818,0.5185,0.7768,0.8769,1.3768,59.1667,0.9571,False,False,False,False,False,,False,"https://web.ifzq.gtimg.cn/appstock/app/fqkline/get?param=sh603505,day,2020-01-01,2026-07-14,1000,qfq",2026-07-14T08:07:09+00:00
2026-07-14,000893,亚钾国际,SZSE,L2,L2,core,较低估,F-垄断资源型,wait_repair,,仅观察,,neutral,强势,,,40.9,41.04,39.1,2.7122,575769750.0,40.034,41.604,42.07,47.3427,52.9365,51.8081,45.6148,751453571.45,-0.0388,-0.1576,-0.248,0.7916,0.7421,0.7957,1.0229,51.6667,0.9278,False,False,False,False,False,,False,"https://web.ifzq.gtimg.cn/appstock/app/fqkline/get?param=sz000893,day,2020-01-01,2026-07-14,1000,qfq",2026-07-14T08:07:09+00:00
2026-07-14,601225,陕西煤业,SSE,L2,L2,core,较低估,F-垄断资源型,wait_breakout,,仅观察,,neutral,强势,,,24.55,24.92,23.73,2.5052,1578677930.0,23.556,22.777,22.1969,23.6506,23.4332,22.9766,21.9565,1217439325.26,0.0735,0.0082,0.0123,1.1739,1.0034,0.9591,0.9564,75.0,0.6891,False,False,False,False,True,,False,"https://web.ifzq.gtimg.cn/appstock/app/fqkline/get?param=sh601225,day,2020-01-01,2026-07-14,1000,qfq",2026-07-14T08:07:09+00:00
2026-07-14,601958,金钼股份,SSE,L2,L2,core,中性,F-垄断资源型,wait_repair,,仅观察,,neutral,强势,,,22.98,23.07,21.65,3.3273,1508588742.0,22.502,23.999,26.1195,23.2258,21.9055,20.5401,17.896,3617000899.95,-0.02,-0.1813,0.205,0.4926,0.5047,0.5406,1.1401,65.0,0.9366,False,False,False,False,True,,False,"https://web.ifzq.gtimg.cn/appstock/app/fqkline/get?param=sh601958,day,2020-01-01,2026-07-14,1000,qfq",2026-07-14T08:07:09+00:00
2026-07-14,002683,广东宏大,SZSE,L2,L2,core,较低估,F-垄断资源型,wait_repair,,仅观察,,weakening,强势,,,27.04,27.7,26.53,-2.3827,258048128.0,28.058,29.145,29.073,33.6579,39.5407,40.0618,39.0331,344019064.9,-0.0765,-0.1192,-0.3721,0.8086,0.814,0.7561,0.6961,30.0,0.4359,False,False,False,False,False,,False,"https://web.ifzq.gtimg.cn/appstock/app/fqkline/get?param=sz002683,day,2020-01-01,2026-07-14,1000,qfq",2026-07-14T08:07:15+00:00
2026-07-14,000733,振华科技,SZSE,L2,L2,core,中性,D-产业链爆发/关键瓶颈型,wait_repair,,仅观察,,weakening,强势,,,43.9,44.33,42.24,1.9981,928796690.0,45.952,50.623,54.0515,50.1045,50.7146,50.6531,49.8559,2221506732.1,-0.1251,-0.1476,-0.0535,0.5207,0.805,0.7742,1.124,59.1667,0.7943,False,False,False,False,False,,False,"https://web.ifzq.gtimg.cn/appstock/app/fqkline/get?param=sz000733,day,2020-01-01,2026-07-14,1000,qfq",2026-07-14T08:07:15+00:00
2026-07-14,002179,中航光电,SZSE,L2,L2,core,中性,D-产业链爆发/关键瓶颈型,wait_repair,,仅观察,,weakening,强势,,,35.86,35.86,34.04,1.7882,1788711144.0,38.308,40.955,41.4405,38.8206,36.778,36.2454,37.0059,2484261471.1,-0.1691,-0.061,0.0153,0.8345,1.0394,0.9861,1.236,65.0,1.0,False,False,False,False,False,,False,"https://web.ifzq.gtimg.cn/appstock/app/fqkline/get?param=sz002179,day,2020-01-01,2026-07-14,1000,qfq",2026-07-14T08:07:15+00:00
2026-07-14,002049,紫光国微,SZSE,L2,L2,core,中性,D-产业链爆发/关键瓶颈型,wait_repair,,仅观察,,weakening,强势,,,78.22,81.89,74.0,-4.3063,5416570738.0,83.278,83.331,83.0373,78.6679,77.1546,76.851,76.3396,4320931811.29,-0.0461,0.0506,0.1194,1.3376,1.4376,1.3352,1.9005,97.5,0.5349,True,False,False,False,True,,False,"https://web.ifzq.gtimg.cn/appstock/app/fqkline/get?param=sz002049,day,2020-01-01,2026-07-14,1000,qfq",2026-07-14T08:07:15+00:00
2026-07-14,603267,鸿远电子,SSE,L2,L2,core,中性,D-产业链爆发/关键瓶颈型,wait_repair,,仅观察,,weakening,强势,,,56.81,57.06,53.3,3.1034,679964571.0,59.77,64.42,70.3275,64.223,59.6033,57.7545,55.9596,1283524817.3,-0.1137,-0.1697,0.1152,0.6667,0.8134,0.8039,0.9391,60.0,0.9335,False,False,False,False,True,,False,"https://web.ifzq.gtimg.cn/appstock/app/fqkline/get?param=sh603267,day,2020-01-01,2026-07-14,1000,qfq",2026-07-14T08:07:15+00:00
2026-07-14,002463,沪电股份,SZSE,L2,L2,core,中性,D-产业链爆发/关键瓶颈型,buy_candidate,A,等确认,弱,neutral,强势,8.7.3 缩量涨停,,137.13,137.13,128.35,10.0032,12892921461.0,131.346,132.615,139.224,123.0375,99.9137,94.1311,81.2563,11429273599.4,0.0571,0.0252,0.486,1.154,0.9108,0.8433,0.843,76.6667,1.0,False,False,False,False,True,,False,"https://web.ifzq.gtimg.cn/appstock/app/fqkline/get?param=sz002463,day,2020-01-01,2026-07-14,1000,qfq",2026-07-14T08:07:15+00:00
2026-07-14,300476,胜宏科技,SZSE,L2,L2,core,中性,D-产业链爆发/关键瓶颈型,wait_repair,,仅观察,,neutral,强势,,,290.28,294.99,271.89,6.3258,11980552272.0,282.33,293.036,319.754,336.6657,304.6871,301.9508,279.8351,13618185464.4,0.0188,-0.1574,-0.0175,0.9808,0.999,0.8956,0.7601,57.5,0.7961,False,False,False,False,True,,False,"https://web.ifzq.gtimg.cn/appstock/app/fqkline/get?param=sz300476,day,2020-01-01,2026-07-14,1000,qfq",2026-07-14T08:07:16+00:00
2026-07-14,688183,生益电子,SSE,L2,L2,core,中性,D-产业链爆发/关键瓶颈型,buy_candidate,A,等确认,弱,neutral,强势,8.7.0 放量上涨,,126.78,126.95,113.0,14.2059,392361216210.0,120.998,120.979,127.6435,118.9733,102.7208,101.7265,90.4375,331926115679.8,0.0395,-0.0479,0.2208,1.2126,0.8754,0.7742,0.6239,80.0,0.9878,True,False,False,False,True,,False,"https://web.ifzq.gtimg.cn/appstock/app/fqkline/get?param=sh688183,day,2020-01-01,2026-07-14,1000,qfq",2026-07-14T08:07:15+00:00
2026-07-14,002130,沃尔核材,SZSE,L2,L2,core,中性,D-产业链爆发/关键瓶颈型,wait_repair,,仅观察,,weakening,强势,,,16.42,16.47,15.74,0.5511,497274774.0,16.9644,17.4402,18.3921,20.9855,23.8227,24.3574,24.9695,774195785.48,-0.0604,-0.1938,-0.3441,0.7197,1.0348,0.9371,0.8029,7.5,0.9315,False,False,False,False,False,,False,"https://web.ifzq.gtimg.cn/appstock/app/fqkline/get?param=sz002130,day,2020-01-01,2026-07-14,1000,qfq",2026-07-14T08:07:22+00:00
2026-07-14,600563,法拉电子,SSE,L2,L2,core,中性,A-DCF/现金流复利型,wait_repair,,仅观察,,weakening,强势,,,138.66,139.41,131.8,3.0929,959929314.0,141.706,151.655,164.8145,148.9415,131.7792,125.8149,121.4274,1983886961.25,-0.0785,-0.1185,0.1467,0.5921,0.6738,0.7239,0.8368,43.3333,0.9014,False,False,False,False,True,,False,"https://web.ifzq.gtimg.cn/appstock/app/fqkline/get?param=sh600563,day,2020-01-01,2026-07-14,1000,qfq",2026-07-14T08:07:22+00:00
2026-07-14,600885,宏发股份,SSE,L2,L2,core,中性,C-GARP成长型,wait_breakout,,仅观察,,weakening,强势,,,34.15,34.89,33.0,-0.8708,695051535.0,34.986,36.258,35.27,32.9952,31.1611,30.8867,29.0326,810577470.3,-0.0845,0.0424,0.2656,0.8957,0.8909,0.9882,0.9857,40.0,0.6085,False,False,False,False,True,,False,"https://web.ifzq.gtimg.cn/appstock/app/fqkline/get?param=sh600885,day,2020-01-01,2026-07-14,1000,qfq",2026-07-14T08:07:22+00:00
2026-07-14,688385,复旦微电,SSE,L2,L2,core,中性,D-产业链爆发/关键瓶颈型,wait_repair,,仅观察,,weakening,强势,,,63.83,67.27,61.12,-4.5889,187124334384.0,69.156,68.3266,65.1883,66.2003,71.3423,70.9158,65.0062,196171973642.12,-0.0402,0.1555,-0.07,0.992,1.3489,1.3566,2.0988,85.8333,0.4407,True,False,False,False,False,,False,"https://web.ifzq.gtimg.cn/appstock/app/fqkline/get?param=sh688385,day,2020-01-01,2026-07-14,1000,qfq",2026-07-14T08:07:22+00:00
2026-07-14,603501,豪威集团,SSE,L2,L2,core,中性,D-产业链爆发/关键瓶颈型,buy_candidate,A,可建目标仓位1/3,强,strong,强势,8.7.2 放量突破关键均线/趋势启动; 8.7.0 放量上涨,,106.15,106.52,98.35,3.5711,4238420890.0,103.988,101.708,95.6755,97.1207,104.7526,108.8141,117.0468,3278368795.6,0.0673,0.1965,0.1512,1.1888,1.1867,1.1981,1.2416,86.6667,0.9547,True,False,False,True,True,,False,"https://web.ifzq.gtimg.cn/appstock/app/fqkline/get?param=sh603501,day,2020-01-01,2026-07-14,1000,qfq",2026-07-14T08:07:23+00:00
2026-07-14,688002,睿创微纳,SSE,L2,L2,core,中性,D-产业链爆发/关键瓶颈型,buy_candidate,A,等确认,弱,weakening,强势,8.7.0 放量上涨,,144.7,145.85,138.14,2.2181,184490778070.0,150.836,150.673,147.921,138.331,123.7637,117.0321,99.9352,183172011007.4,-0.0423,0.0762,0.1988,1.0346,1.4827,1.4148,1.6294,83.3333,0.8508,True,False,False,False,True,,False,"https://web.ifzq.gtimg.cn/appstock/app/fqkline/get?param=sh688002,day,2020-01-01,2026-07-14,1000,qfq",2026-07-14T08:07:22+00:00
2026-07-14,301589,诺瓦星云,SZSE,L2,L2,core,中性,C-GARP成长型,wait_repair,,仅观察,,weakening,强势,,,137.27,139.97,135.58,-1.0595,97036163.0,141.794,143.123,145.5255,159.6928,167.2117,166.6751,165.3107,133298846.6,-0.0182,-0.0725,-0.2156,0.7751,1.179,1.0763,1.1114,48.3333,0.385,False,False,False,False,False,,False,"https://web.ifzq.gtimg.cn/appstock/app/fqkline/get?param=sz301589,day,2020-01-01,2026-07-14,1000,qfq",2026-07-14T08:07:22+00:00
2026-07-14,688188,柏楚电子,SSE,L2,L2,core,中性,C-GARP成长型,wait_repair,,仅观察,,weakening,强势,,,93.99,94.91,90.8,0.0426,45810885783.0,98.672,102.116,105.5658,108.3172,105.98,103.9582,101.5461,51690863879.625,-0.0689,-0.1639,-0.0684,0.997,1.0049,0.9795,1.4838,93.3333,0.7762,False,False,False,False,False,,False,"https://web.ifzq.gtimg.cn/appstock/app/fqkline/get?param=sh688188,day,2020-01-01,2026-07-14,1000,qfq",2026-07-14T08:07:22+00:00
2026-07-14,688018,乐鑫科技,SSE,L2,L2,core,中性,C-GARP成长型,wait_repair,,仅观察,,neutral,强势,,,120.65,129.5,115.68,-4.0938,159524841605.0,121.966,121.133,121.8945,122.2507,117.7497,118.2867,120.0598,111484100689.95,0.0401,0.0131,0.1216,1.4475,1.4461,1.2955,1.8958,99.1667,0.3596,True,False,False,False,True,,False,"https://web.ifzq.gtimg.cn/appstock/app/fqkline/get?param=sh688018,day,2020-01-01,2026-07-14,1000,qfq",2026-07-14T08:07:28+00:00
2026-07-14,002142,宁波银行,SZSE,L2,L2,core,较低估,G-股东回报型低估,wait_breakout,,仅观察,,neutral,强势,,,32.05,32.18,31.43,-0.651,1300758865.0,31.34,30.898,30.9005,31.5257,31.1048,30.5255,29.3877,1058529033.35,0.0352,-0.0016,0.0168,1.1839,1.0884,0.9425,1.1921,85.0,0.8267,True,False,False,False,True,,False,"https://web.ifzq.gtimg.cn/appstock/app/fqkline/get?param=sz002142,day,2020-01-01,2026-07-14,1000,qfq",2026-07-14T08:07:28+00:00
2026-07-14,600570,恒生电子,SSE,L2,L2,core,中性,C-GARP成长型,wait_repair,,仅观察,,neutral,强势,,,20.51,20.86,20.06,-1.2042,539921648.0,20.892,21.013,21.616,24.0877,26.4015,27.044,29.5469,698391333.9,0.0123,-0.0941,-0.2178,0.8195,0.9098,0.8951,0.9717,43.3333,0.5625,False,False,False,False,False,,False,"https://web.ifzq.gtimg.cn/appstock/app/fqkline/get?param=sh600570,day,2020-01-01,2026-07-14,1000,qfq",2026-07-14T08:07:28+00:00
2026-07-14,688692,达梦数据,SSE,L2,L2,core,中性,C-GARP成长型,wait_repair,,仅观察,,neutral,强势,,,232.36,239.0,222.5,-1.5424,41926527208.0,237.32,232.957,243.396,257.7815,254.6824,256.2979,253.0618,48879875287.55,0.0699,-0.1466,-0.0053,0.8975,0.9707,1.0296,0.9316,59.1667,0.5976,False,False,False,False,False,,False,"https://web.ifzq.gtimg.cn/appstock/app/fqkline/get?param=sh688692,day,2020-01-01,2026-07-14,1000,qfq",2026-07-14T08:07:28+00:00
2026-07-14,002415,海康威视,SZSE,L2,L2,core,中性,C-GARP成长型,wait_breakout,,仅观察,,neutral,强势,,,33.58,33.72,32.88,1.1751,2222730718.0,34.192,34.029,33.5185,32.7287,31.7418,31.2104,30.4975,3453832010.9,-0.0083,0.0935,0.0348,0.6448,0.8954,0.9568,1.4965,59.1667,0.8333,False,False,False,False,True,,False,"https://web.ifzq.gtimg.cn/appstock/app/fqkline/get?param=sz002415,day,2020-01-01,2026-07-14,1000,qfq",2026-07-14T08:07:28+00:00
2026-07-14,002410,广联达,SZSE,L2,L2,core,较低估,E-落难白马型,wait_repair,,仅观察,,neutral,强势,,,8.35,8.36,8.15,1.2121,216720910.0,8.286,8.287,8.4085,9.677,11.2027,11.4335,12.2934,226576588.0,0.0386,-0.0773,-0.2519,0.9646,1.1859,1.0864,0.8285,20.8333,0.9524,False,False,False,False,False,,False,"https://web.ifzq.gtimg.cn/appstock/app/fqkline/get?param=sz002410,day,2020-01-01,2026-07-14,1000,qfq",2026-07-14T08:07:28+00:00
2026-07-14,002270,华明装备,SZSE,L2,L2,core,中性,C-GARP成长型,wait_repair,,仅观察,,weakening,强势,,,17.9,17.95,17.25,0.5053,291755680.0,18.024,18.589,19.4605,22.3225,26.4597,26.219,23.8499,410831048.5,-0.0524,-0.129,-0.3493,0.7821,0.8417,0.8509,0.8112,26.6667,0.9286,False,False,False,False,False,,False,"https://web.ifzq.gtimg.cn/appstock/app/fqkline/get?param=sz002270,day,2020-01-01,2026-07-14,1000,qfq",2026-07-14T08:07:28+00:00
2026-07-14,002595,豪迈科技,SZSE,L2,L2,core,中性,C-GARP成长型,wait_repair,,仅观察,,neutral,强势,,,45.9,45.96,44.26,0.4816,188828010.0,45.738,46.681,47.4565,53.4031,56.4085,56.1017,50.0533,273230633.2,-0.0246,-0.0703,-0.1673,0.7188,0.8993,0.8433,0.8591,33.3333,0.9647,False,False,False,False,False,,False,"https://web.ifzq.gtimg.cn/appstock/app/fqkline/get?param=sz002595,day,2020-01-01,2026-07-14,1000,qfq",2026-07-14T08:07:28+00:00
2026-07-14,300450,先导智能,SZSE,L2,L2,core,中性,D-产业链爆发/关键瓶颈型,wait_repair,,仅观察,,weakening,强势,,,34.47,34.48,32.91,1.442,1169353386.0,35.74,37.16,40.7878,47.7971,50.577,50.451,47.244,2659450816.65,-0.0746,-0.1854,-0.3444,0.538,0.6694,0.835,0.8825,3.3333,0.9936,False,False,False,False,False,,False,"https://web.ifzq.gtimg.cn/appstock/app/fqkline/get?param=sz300450,day,2020-01-01,2026-07-14,1000,qfq",2026-07-14T08:07:34+00:00
2026-07-14,002690,美亚光电,SZSE,L2,L2,core,较低估,C-GARP成长型,wait_repair,,仅观察,,weakening,强势,,,14.2,14.35,14.1,0.2825,73990520.0,14.326,14.457,14.456,15.5588,17.1198,17.702,17.9668,87498606.9,-0.0241,-0.0307,-0.1853,0.8628,1.0154,1.1138,1.0602,44.1667,0.4,False,False,False,False,False,,False,"https://web.ifzq.gtimg.cn/appstock/app/fqkline/get?param=sz002690,day,2020-01-01,2026-07-14,1000,qfq",2026-07-14T08:07:35+00:00
2026-07-14,300627,华测导航,SZSE,L2,L2,core,中性,C-GARP成长型,wait_repair,,仅观察,,neutral,强势,,,27.37,27.53,27.01,-1.0842,215754973.0,27.686,27.846,28.245,30.1817,33.0054,33.1367,33.5348,339281116.4,0.0088,-0.1157,-0.1847,0.6597,1.3166,1.0099,0.9555,15.8333,0.6923,False,False,False,False,False,,False,"https://web.ifzq.gtimg.cn/appstock/app/fqkline/get?param=sz300627,day,2020-01-01,2026-07-14,1000,qfq",2026-07-14T08:07:35+00:00
2026-07-14,300628,亿联网络,SZSE,L2,L2,core,较低估,A-DCF/现金流复利型,wait_repair,,仅观察,,neutral,强势,,,33.87,33.96,33.0,0.6837,271258056.0,34.166,34.253,33.835,35.5137,34.854,34.7515,34.4774,375017897.4,0.0006,-0.0047,-0.0035,0.7255,0.83,0.8575,0.8107,26.6667,0.9062,False,False,False,False,False,,False,"https://web.ifzq.gtimg.cn/appstock/app/fqkline/get?param=sz300628,day,2020-01-01,2026-07-14,1000,qfq",2026-07-14T08:07:35+00:00
2026-07-14,603279,景津装备,SSE,L2,L2,core,中性,C-GARP成长型,wait_repair,,仅观察,,neutral,强势,,,12.25,12.37,12.05,1.4073,67769450.0,12.198,12.296,12.43,15.0188,16.4155,16.2688,15.8064,85718724.15,0.0008,-0.1071,-0.3313,0.8008,0.8523,0.8697,0.6173,12.5,0.625,False,False,False,False,False,,False,"https://web.ifzq.gtimg.cn/appstock/app/fqkline/get?param=sh603279,day,2020-01-01,2026-07-14,1000,qfq",2026-07-14T08:07:35+00:00
2026-07-14,688100,威胜信息,SSE,L2,L2,core,中性,C-GARP成长型,wait_repair,,仅观察,,weakening,强势,,,27.9,28.04,27.18,0.3958,10424338380.0,28.29,29.006,29.9145,34.453,37.2829,37.1567,36.572,11136455371.7,-0.02,-0.104,-0.2696,1.0047,0.9699,0.9422,0.9059,50.0,0.8372,False,False,False,False,False,,False,"https://web.ifzq.gtimg.cn/appstock/app/fqkline/get?param=sh688100,day,2020-01-01,2026-07-14,1000,qfq",2026-07-14T08:07:34+00:00
2026-07-14,605305,中际联合,SSE,L2,L2,core,较低估,C-GARP成长型,wait_repair,,仅观察,,weakening,强势,,,40.2,40.5,38.54,2.0305,228255600.0,42.208,43.457,41.9305,42.3458,41.9537,41.9409,40.4401,296665948.35,-0.1285,0.0374,-0.0467,0.8167,1.0132,0.9474,1.0823,42.5,0.8469,False,False,False,False,False,,False,"https://web.ifzq.gtimg.cn/appstock/app/fqkline/get?param=sh605305,day,2020-01-01,2026-07-14,1000,qfq",2026-07-14T08:07:35+00:00
2026-07-14,688208,道通科技,SSE,L2,L2,core,较低估,C-GARP成长型,wait_repair,,仅观察,,weakening,强势,,,24.57,24.69,23.1,2.8464,26761073976.0,24.628,25.083,25.5975,31.3402,32.9395,33.3687,34.1986,33700841677.9,-0.0421,-0.1162,-0.2936,0.8275,0.8631,0.8245,0.6245,42.5,0.9245,False,False,False,False,False,,False,"https://web.ifzq.gtimg.cn/appstock/app/fqkline/get?param=sh688208,day,2020-01-01,2026-07-14,1000,qfq",2026-07-14T08:07:35+00:00
2026-07-14,600970,中材国际,SSE,L2,L2,core,较低估,G-股东回报型低估,wait_repair,,仅观察,,neutral,强势,,,7.32,7.33,7.19,0.8264,133937700.0,7.222,7.218,7.531,8.3582,9.3082,9.3392,9.0862,165877211.05,0.0238,-0.1419,-0.2745,0.833,0.8168,0.8279,0.7259,18.3333,0.9286,False,False,False,False,False,,False,"https://web.ifzq.gtimg.cn/appstock/app/fqkline/get?param=sh600970,day,2020-01-01,2026-07-14,1000,qfq",2026-07-14T08:07:41+00:00
2026-07-14,002920,德赛西威,SZSE,L2,L2,core,中性,C-GARP成长型,wait_repair,,仅观察,,weakening,强势,,,80.8,83.38,79.5,-2.3801,692076240.0,85.416,84.318,84.1855,96.5043,106.7339,109.0923,112.0169,827522398.8,-0.0254,-0.0954,-0.2264,0.8723,1.0321,1.121,0.8743,46.6667,0.3351,False,False,False,False,False,,False,"https://web.ifzq.gtimg.cn/appstock/app/fqkline/get?param=sz002920,day,2020-01-01,2026-07-14,1000,qfq",2026-07-14T08:07:41+00:00
2026-07-14,002594,比亚迪,SZSE,L2,L2,core,中性,D-产业链爆发/关键瓶颈型,wait_repair,,仅观察,,neutral,强势,,,90.18,90.68,86.5,3.679,4933522350.0,88.366,86.833,85.46,93.316,95.1229,95.3785,99.3524,4466213835.1,0.0454,-0.007,-0.1247,1.0464,1.0718,0.9419,1.1598,69.1667,0.8804,False,False,False,False,False,,False,"https://web.ifzq.gtimg.cn/appstock/app/fqkline/get?param=sz002594,day,2020-01-01,2026-07-14,1000,qfq",2026-07-14T08:07:41+00:00
2026-07-14,300274,阳光电源,SZSE,L2,L2,core,中性,C-GARP成长型,wait_repair,,仅观察,,weakening,强势,,,108.29,109.26,100.73,0.2685,10399207819.0,115.916,122.621,138.173,146.5968,149.7221,154.3164,142.7741,10531943376.95,-0.1509,-0.2737,-0.187,1.2624,1.1592,0.9812,0.9489,83.3333,0.8863,False,False,False,False,False,,False,"https://web.ifzq.gtimg.cn/appstock/app/fqkline/get?param=sz300274,day,2020-01-01,2026-07-14,1000,qfq",2026-07-14T08:07:41+00:00
2026-07-14,603806,福斯特,SSE,L2,L2,core,中性,D-产业链爆发/关键瓶颈型,buy_candidate,A,等确认,弱,neutral,强势,8.7.3 缩量涨停,,14.91,14.91,14.2,10.0369,417985449.0,14.308,14.935,15.8825,16.9805,17.2372,16.5222,15.8244,717053034.8,0.0,-0.0853,-0.1528,0.6276,0.7576,0.8027,0.6356,4.1667,1.0,False,False,False,False,False,,False,"https://web.ifzq.gtimg.cn/appstock/app/fqkline/get?param=sh603806,day,2020-01-01,2026-07-14,1000,qfq",2026-07-14T08:07:41+00:00
2026-07-14,300037,新宙邦,SZSE,L2,L2,core,中性,C-GARP成长型,wait_repair,,仅观察,,weakening,强势,,,69.25,69.98,66.7,2.7296,1370152800.0,73.556,80.825,83.792,73.8919,64.668,61.8698,54.7393,2985333298.6,-0.1857,-0.1051,0.1076,0.5577,0.8718,0.8988,0.9229,24.1667,0.7774,False,False,False,False,True,,False,"https://web.ifzq.gtimg.cn/appstock/app/fqkline/get?param=sz300037,day,2020-01-01,2026-07-14,1000,qfq",2026-07-14T08:07:41+00:00
2026-07-14,600031,三一重工,SSE,L2,L2,core,较低估,C-GARP成长型,wait_repair,,仅观察,,weakening,强势,,,18.63,18.69,18.1,-0.4276,1519146090.0,18.724,18.571,18.3495,19.141,20.4037,20.5425,20.6364,1864431912.0,-0.0417,-0.0292,-0.0983,0.8023,0.7622,0.8137,0.8011,50.0,0.8983,False,False,False,False,False,,False,"https://web.ifzq.gtimg.cn/appstock/app/fqkline/get?param=sh600031,day,2020-01-01,2026-07-14,1000,qfq",2026-07-14T08:07:41+00:00
2026-07-14,000338,潍柴动力,SZSE,L2,L2,core,中性,C-GARP成长型,wait_repair,,仅观察,,neutral,强势,,,27.65,27.65,25.53,3.9474,2890876625.0,27.514,27.92,28.404,30.5385,27.7072,25.6759,21.4207,3162177390.55,-0.0697,-0.0589,0.0395,0.9395,0.853,0.8081,0.7367,29.1667,1.0,False,False,False,False,True,,False,"https://web.ifzq.gtimg.cn/appstock/app/fqkline/get?param=sz000338,day,2020-01-01,2026-07-14,1000,qfq",2026-07-14T08:07:41+00:00
2026-07-14,600066,宇通客车,SSE,L2,L2,core,低估,A-DCF/现金流复利型,wait_repair,,仅观察,,neutral,强势,,,28.65,28.77,27.92,-0.3478,662161665.0,28.556,28.575,27.652,30.929,30.6126,30.6629,28.8774,692313930.05,-0.0144,0.0138,-0.1684,0.9174,0.7487,0.7014,0.9405,71.6667,0.8588,False,False,False,False,False,,False,"https://web.ifzq.gtimg.cn/appstock/app/fqkline/get?param=sh600066,day,2020-01-01,2026-07-14,1000,qfq",2026-07-14T08:07:48+00:00
2026-07-14,002475,立讯精密,SZSE,L2,L2,core,中性,D-产业链爆发/关键瓶颈型,wait_repair,,仅观察,,weakening,强势,,,61.67,61.9,57.41,4.5609,8587701675.0,61.944,62.746,66.145,68.7563,60.1841,59.7653,55.5894,13797368636.9,-0.0254,-0.0951,0.0492,0.6787,0.6721,0.7137,0.7052,38.3333,0.9488,False,False,False,False,True,,False,"https://web.ifzq.gtimg.cn/appstock/app/fqkline/get?param=sz002475,day,2020-01-01,2026-07-14,1000,qfq",2026-07-14T08:07:47+00:00
2026-07-14,603259,药明康德,SSE,L2,L2,core,较低估,C-GARP成长型,buy_candidate,A,等确认,弱,neutral,强势,8.7.0 放量上涨,,127.51,127.75,117.92,6.0462,9575031924.0,121.504,121.941,116.6555,106.4366,101.3443,99.2633,97.1531,8274793922.95,0.0779,0.2832,0.2115,1.0778,0.9511,0.8844,1.3529,89.1667,0.9756,True,False,False,False,True,,False,"https://web.ifzq.gtimg.cn/appstock/app/fqkline/get?param=sh603259,day,2020-01-01,2026-07-14,1000,qfq",2026-07-14T08:07:47+00:00
2026-07-14,688235,百济神州,SSE,L2,L2,core,中性,C-GARP成长型,wait_breakout,,仅观察,,neutral,强势,,,269.0,270.59,253.2,3.2233,159223655500.0,262.968,263.732,247.9735,241.1008,249.9673,256.4006,262.4574,164504362821.6,0.0222,0.2409,0.0574,0.9072,0.9559,0.9147,1.513,84.1667,0.9086,False,False,False,False,True,,False,"https://web.ifzq.gtimg.cn/appstock/app/fqkline/get?param=sh688235,day,2020-01-01,2026-07-14,1000,qfq",2026-07-14T08:07:47+00:00
2026-07-14,300832,新产业,SZSE,L2,L2,core,较低估,C-GARP成长型,wait_repair,,仅观察,,neutral,强势,,,43.55,44.5,43.2,-1.5152,376829440.0,42.928,42.737,42.605,44.913,47.993,49.9521,53.9197,369767507.25,0.1039,-0.0025,-0.0271,0.9912,0.9902,1.0157,1.4096,89.1667,0.2692,True,False,False,False,False,,False,"https://web.ifzq.gtimg.cn/appstock/app/fqkline/get?param=sz300832,day,2020-01-01,2026-07-14,1000,qfq",2026-07-14T08:07:47+00:00
2026-07-14,688271,联影医疗,SSE,L2,L2,core,中性,C-GARP成长型,wait_repair,,仅观察,,neutral,强势,,,110.21,110.5,107.63,1.6791,79089241851.0,108.142,106.395,105.0265,111.4878,117.5744,120.0619,127.4438,83509586123.6,0.0618,-0.0269,-0.0332,0.9005,0.8909,0.8565,0.8227,65.8333,0.899,False,False,False,False,False,,False,"https://web.ifzq.gtimg.cn/appstock/app/fqkline/get?param=sh688271,day,2020-01-01,2026-07-14,1000,qfq",2026-07-14T08:07:48+00:00
2026-07-14,688617,惠泰医疗,SSE,L2,L2,core,中性,C-GARP成长型,wait_repair,,仅观察,,neutral,强势,,,204.0,208.5,201.37,-1.5492,43727808000.0,200.452,196.179,192.6485,214.2605,226.9663,230.864,254.9753,38966591969.95,0.1023,-0.0068,-0.2078,1.0613,1.0487,1.0792,1.7195,90.8333,0.3689,True,False,False,False,False,,False,"https://web.ifzq.gtimg.cn/appstock/app/fqkline/get?param=sh688617,day,2020-01-01,2026-07-14,1000,qfq",2026-07-14T08:07:48+00:00
2026-07-14,688301,奕瑞科技,SSE,L2,L2,core,中性,C-GARP成长型,wait_repair,,仅观察,,weakening,强势,,,100.38,101.5,96.05,3.7305,92907863370.0,106.762,112.105,113.293,107.5883,94.8039,90.4238,83.716,157615462323.0,-0.1173,-0.1347,0.3305,0.6686,0.8142,0.8323,1.5375,69.1667,0.7945,False,False,False,False,True,,False,"https://web.ifzq.gtimg.cn/appstock/app/fqkline/get?param=sh688301,day,2020-01-01,2026-07-14,1000,qfq",2026-07-14T08:07:47+00:00
2026-07-14,002223,鱼跃医疗,SZSE,L2,L2,core,中性,C-GARP成长型,buy_candidate,A,等确认,弱,neutral,强势,8.7.0 放量上涨,,26.9,27.44,26.33,2.2425,510954740.0,26.096,26.178,25.826,27.38,32.034,32.9506,33.9938,318623595.45,0.035,0.0287,-0.1713,1.5431,1.1913,0.9663,1.1312,95.8333,0.5135,True,False,False,False,False,,False,"https://web.ifzq.gtimg.cn/appstock/app/fqkline/get?param=sz002223,day,2020-01-01,2026-07-14,1000,qfq",2026-07-14T08:07:53+00:00
2026-07-14,300015,爱尔眼科,SZSE,L2,L2,core,中性,C-GARP成长型,wait_repair,,仅观察,,neutral,强势,,,8.4,8.4,8.22,1.8182,702842280.0,8.274,8.364,8.3495,9.2333,9.8391,10.1046,11.0656,800296876.1,0.0194,-0.0059,-0.1268,0.8761,0.9802,0.8615,0.79,56.6667,1.0,False,False,False,False,False,,False,"https://web.ifzq.gtimg.cn/appstock/app/fqkline/get?param=sz300015,day,2020-01-01,2026-07-14,1000,qfq",2026-07-14T08:07:53+00:00
2026-07-14,300896,爱美客,SZSE,L2,L2,core,中性,C-GARP成长型,wait_repair,,仅观察,,weakening,强势,,,86.46,87.56,85.66,-0.5178,256414422.0,87.118,88.582,89.0785,101.4658,118.4527,123.2866,143.925,324404515.1,-0.0094,-0.0764,-0.2477,0.8154,1.0339,0.8908,1.0486,48.3333,0.4211,False,False,False,False,False,,False,"https://web.ifzq.gtimg.cn/appstock/app/fqkline/get?param=sz300896,day,2020-01-01,2026-07-14,1000,qfq",2026-07-14T08:07:53+00:00
2026-07-14,920982,锦波生物,BSE,L2,L2,core,中性,C-GARP成长型,data_error,,仅观察,,,强势,,RuntimeError('empty kline response'),,,,,,,,,,,,,,,,,,,,,,,,,,,,,,,2026-07-14T08:07:51+00:00
2026-07-14,300573,兴齐眼药,SZSE,L2,L2,core,较低估,C-GARP成长型,wait_repair,,仅观察,,neutral,强势,,,41.43,41.79,40.32,1.569,334282098.0,40.42,41.169,39.87,41.9926,44.9356,45.6186,45.5515,387297265.8,0.01,0.0966,-0.1043,0.8373,0.8933,0.8286,1.2273,70.0,0.7551,False,False,False,False,False,,False,"https://web.ifzq.gtimg.cn/appstock/app/fqkline/get?param=sz300573,day,2020-01-01,2026-07-14,1000,qfq",2026-07-14T08:07:53+00:00
2026-07-14,300357,我武生物,SZSE,L2,L2,core,中性,C-GARP成长型,buy_candidate,A,等确认,弱,neutral,强势,8.7.0 放量上涨,,23.84,24.14,23.22,0.5907,304336672.0,23.432,23.623,22.779,23.5205,25.1332,26.035,27.1023,262371198.2,0.0479,0.1325,-0.0911,1.1232,1.1878,1.0088,1.2941,83.3333,0.6739,True,False,False,False,False,,False,"https://web.ifzq.gtimg.cn/appstock/app/fqkline/get?param=sz300357,day,2020-01-01,2026-07-14,1000,qfq",2026-07-14T08:07:53+00:00
2026-07-14,300685,艾德生物,SZSE,L2,L2,core,中性,C-GARP成长型,wait_repair,,仅观察,,neutral,强势,,,17.91,17.96,17.22,2.6361,179270145.0,17.384,17.561,17.2125,19.1094,20.1581,20.2758,21.3107,166317217.25,0.0407,0.0504,-0.1996,1.0375,1.0052,0.8969,0.795,65.8333,0.9324,False,False,False,False,False,,False,"https://web.ifzq.gtimg.cn/appstock/app/fqkline/get?param=sz300685,day,2020-01-01,2026-07-14,1000,qfq",2026-07-14T08:07:53+00:00
2026-07-14,688278,特宝生物,SSE,L2,L2,core,中性,C-GARP成长型,wait_repair,,仅观察,,neutral,强势,,,55.68,56.34,54.7,-0.1256,14607419712.0,55.322,56.477,55.541,57.0462,63.5403,67.2371,71.9326,21237176339.4,-0.0105,-0.023,-0.1351,0.6885,0.8244,0.7524,0.8052,46.6667,0.5976,False,False,False,False,False,,False,"https://web.ifzq.gtimg.cn/appstock/app/fqkline/get?param=sh688278,day,2020-01-01,2026-07-14,1000,qfq",2026-07-14T08:07:53+00:00
2026-07-14,600161,天坛生物,SSE,L2,L2,core,中性,C-GARP成长型,buy_candidate,A,等确认,弱,neutral,强势,8.7.0 放量上涨,,12.32,12.43,12.0,1.9868,236953024.0,12.03,12.051,12.0245,13.21,14.6139,15.0371,16.7664,178611427.15,0.0405,-0.0307,-0.1776,1.2954,1.1331,0.9433,1.2779,89.1667,0.7442,True,False,False,False,False,,False,"https://web.ifzq.gtimg.cn/appstock/app/fqkline/get?param=sh600161,day,2020-01-01,2026-07-14,1000,qfq",2026-07-14T08:07:58+00:00
2026-07-14,600426,华鲁恒升,SSE,L2,L2,core,较低估,F-垄断资源型,wait_repair,,仅观察,,neutral,强势,,,18.82,18.99,18.12,2.954,1049083260.0,18.6322,18.8523,19.2119,23.0356,25.7267,25.1588,22.7186,869034007.445,-0.0218,-0.1281,-0.3069,1.2351,1.1102,0.9684,1.4454,95.8333,0.8046,False,False,False,False,False,,False,"https://web.ifzq.gtimg.cn/appstock/app/fqkline/get?param=sh600426,day,2020-01-01,2026-07-14,1000,qfq",2026-07-14T08:07:59+00:00
2026-07-14,002648,卫星化学,SZSE,L2,L2,core,较低估,F-垄断资源型,wait_repair,,仅观察,,neutral,强势,,,23.67,23.86,22.62,7.2497,1868971365.0,22.816,23.613,23.7255,24.8733,24.5202,22.9499,21.001,2207643377.85,-0.0008,0.0172,-0.1368,0.8658,0.6678,0.6652,1.1266,69.1667,0.8468,False,False,False,False,True,,False,"https://web.ifzq.gtimg.cn/appstock/app/fqkline/get?param=sz002648,day,2020-01-01,2026-07-14,1000,qfq",2026-07-14T08:07:59+00:00
2026-07-14,600160,巨化股份,SSE,L2,L2,core,中性,F-垄断资源型,wait_breakout,,仅观察,,weakening,强势,,,42.85,43.09,41.11,2.1211,2239675230.0,43.99,47.561,48.44,40.0652,38.8396,38.2467,35.9798,5366449812.95,-0.0801,-0.0803,0.2592,0.4754,0.6883,0.6933,1.1993,68.3333,0.8788,False,False,False,False,True,,False,"https://web.ifzq.gtimg.cn/appstock/app/fqkline/get?param=sh600160,day,2020-01-01,2026-07-14,1000,qfq",2026-07-14T08:07:59+00:00
2026-07-14,600486,扬农化工,SSE,L2,L2,core,较低估,F-垄断资源型,wait_repair,,仅观察,,weakening,强势,,,49.47,50.0,48.48,1.9369,249769083.0,49.526,50.603,52.1893,59.7011,67.6256,67.314,66.8949,303239402.58,-0.0285,-0.1244,-0.3599,0.8714,0.8754,0.8397,0.7583,35.8333,0.6513,False,False,False,False,False,,False,"https://web.ifzq.gtimg.cn/appstock/app/fqkline/get?param=sh600486,day,2020-01-01,2026-07-14,1000,qfq",2026-07-14T08:07:59+00:00
2026-07-14,002001,新和成,SZSE,L2,L2,core,中性,C-GARP成长型,wait_repair,,仅观察,,neutral,强势,,,28.8,28.85,27.74,2.3818,813784320.0,28.646,29.407,29.2805,30.9569,31.1862,29.7322,26.8986,1138686103.8,-0.0257,-0.0476,-0.1953,0.7267,0.7486,0.7058,0.7427,14.1667,0.955,False,False,False,False,True,,False,"https://web.ifzq.gtimg.cn/appstock/app/fqkline/get?param=sz002001,day,2020-01-01,2026-07-14,1000,qfq",2026-07-14T08:08:00+00:00
2026-07-14,600298,安琪酵母,SSE,L2,L2,core,低估,A-DCF/现金流复利型,wait_breakout,,仅观察,,neutral,强势,,,37.46,37.75,36.82,0.7531,342429352.0,36.952,37.176,36.2485,36.5013,39.1485,39.7318,38.9767,390273013.8,-0.0061,0.0525,-0.0635,0.8504,0.9238,0.8479,1.0867,69.1667,0.6882,False,False,False,False,False,,False,"https://web.ifzq.gtimg.cn/appstock/app/fqkline/get?param=sh600298,day,2020-01-01,2026-07-14,1000,qfq",2026-07-14T08:07:59+00:00
2026-07-14,300487,蓝晓科技,SZSE,L2,L2,core,中性,C-GARP成长型,wait_breakout,,仅观察,,neutral,强势,,,74.0,78.49,70.68,-7.5924,1944579400.0,74.67,72.7624,65.3007,62.2174,66.0259,64.7222,60.3527,1005966110.77,0.064,0.3601,0.0747,1.8127,2.0183,1.5162,4.2709,97.5,0.4251,True,False,False,False,True,,False,"https://web.ifzq.gtimg.cn/appstock/app/fqkline/get?param=sz300487,day,2020-01-01,2026-07-14,1000,qfq",2026-07-14T08:07:59+00:00
2026-07-14,300910,瑞丰新材,SZSE,L2,L2,core,中性,C-GARP成长型,wait_repair,,仅观察,,weakening,强势,,,27.05,27.45,26.85,-1.133,103579860.0,27.724,28.543,28.63,32.4932,36.6922,38.1083,40.2036,189447533.6,-0.072,-0.2023,-0.2541,0.5856,0.5131,0.5165,0.5785,45.0,0.3333,False,False,False,False,False,,False,"https://web.ifzq.gtimg.cn/appstock/app/fqkline/get?param=sz300910,day,2020-01-01,2026-07-14,1000,qfq",2026-07-14T08:08:04+00:00
2026-07-14,600862,中航高科,SSE,L2,L2,core,中性,D-产业链爆发/关键瓶颈型,wait_confirmation,,等确认,,strong,强势,,均线突破但收盘位置不足,19.81,20.18,19.51,-1.049,534406446.0,19.64,19.021,18.6664,19.1411,21.6011,21.7688,22.65,445766414.36,0.0454,0.0483,-0.0887,1.1415,1.5693,1.3953,1.6439,65.0,0.4478,True,False,False,True,False,,False,"https://web.ifzq.gtimg.cn/appstock/app/fqkline/get?param=sh600862,day,2020-01-01,2026-07-14,1000,qfq",2026-07-14T08:08:08+00:00
2026-07-14,000786,北新建材,SZSE,L2,L2,core,较低估,A-DCF/现金流复利型,wait_repair,,仅观察,,neutral,强势,,,17.22,17.7,16.98,-1.431,328208034.0,17.22,17.698,18.3615,21.7853,24.0069,24.0744,24.3404,374535078.05,-0.026,-0.1765,-0.3097,0.9236,1.3912,1.3445,1.8813,65.8333,0.3333,True,False,False,False,False,,False,"https://web.ifzq.gtimg.cn/appstock/app/fqkline/get?param=sz000786,day,2020-01-01,2026-07-14,1000,qfq",2026-07-14T08:08:06+00:00
2026-07-14,002318,久立特材,SZSE,L2,L2,core,中性,C-GARP成长型,wait_repair,,仅观察,,weakening,强势,,,18.18,18.34,17.86,0.8879,213834978.0,19.092,21.179,22.5675,24.8553,28.0903,27.5979,25.705,287713608.6,-0.1664,-0.2251,-0.3725,0.91,1.188,1.2899,1.4133,57.5,0.6667,False,False,False,False,False,,False,"https://web.ifzq.gtimg.cn/appstock/app/fqkline/get?param=sz002318,day,2020-01-01,2026-07-14,1000,qfq",2026-07-14T08:08:06+00:00
2026-07-14,300395,菲利华,SZSE,L2,L2,core,中性,D-产业链爆发/关键瓶颈型,wait_repair,,仅观察,,weakening,强势,,,102.16,104.0,96.69,3.8,2300071104.0,102.702,108.584,121.2625,123.85,112.7335,108.6585,96.3812,4644644391.85,-0.0376,-0.1976,-0.0443,0.6097,0.6507,0.6196,0.5471,14.1667,0.7483,False,False,False,False,True,,False,"https://web.ifzq.gtimg.cn/appstock/app/fqkline/get?param=sz300395,day,2020-01-01,2026-07-14,1000,qfq",2026-07-14T08:08:07+00:00
2026-07-14,300699,光威复材,SZSE,L2,L2,core,中性,D-产业链爆发/关键瓶颈型,wait_repair,,仅观察,,weakening,强势,,,26.44,27.28,26.0,-3.1147,495551700.0,27.346,28.079,28.0999,30.8451,34.1206,33.8996,32.2379,638212821.74,-0.0462,-0.0678,-0.2337,0.8297,1.1887,1.0228,1.0152,34.1667,0.3438,False,False,False,False,False,,False,"https://web.ifzq.gtimg.cn/appstock/app/fqkline/get?param=sz300699,day,2020-01-01,2026-07-14,1000,qfq",2026-07-14T08:08:06+00:00
2026-07-14,688122,西部超导,SSE,L2,L2,core,中性,D-产业链爆发/关键瓶颈型,wait_repair,,仅观察,,weakening,强势,,,50.92,52.77,49.83,-3.4509,80548682916.0,53.608,55.445,56.802,62.7962,71.9112,72.2339,68.1272,113083932943.75,-0.0655,-0.1126,-0.3053,0.8047,0.9938,0.8991,0.9746,45.8333,0.3707,False,False,False,False,False,,False,"https://web.ifzq.gtimg.cn/appstock/app/fqkline/get?param=sh688122,day,2020-01-01,2026-07-14,1000,qfq",2026-07-14T08:08:06+00:00
2026-07-14,688190,云路股份,SSE,L2,L2,core,中性,C-GARP成长型,wait_repair,,仅观察,,weakening,强势,,,71.78,71.88,69.28,0.9564,10151486500.0,74.382,79.945,91.0415,95.0628,98.4496,98.3216,100.1897,20630752280.75,-0.1167,-0.3018,-0.1797,0.6398,0.791,0.8417,0.665,21.6667,0.9615,False,False,False,False,False,,False,"https://web.ifzq.gtimg.cn/appstock/app/fqkline/get?param=sh688190,day,2020-01-01,2026-07-14,1000,qfq",2026-07-14T08:08:06+00:00
2026-07-14,688281,华秦科技,SSE,L2,L2,core,中性,D-产业链爆发/关键瓶颈型,wait_repair,,仅观察,,weakening,强势,,,46.18,46.46,43.03,3.892,24527768120.0,47.482,48.742,49.51,53.1487,57.8783,56.3705,53.0812,23096583499.65,-0.0474,-0.0963,-0.1475,1.1336,1.2339,1.0458,1.2432,88.3333,0.9184,False,False,False,False,False,,False,"https://web.ifzq.gtimg.cn/appstock/app/fqkline/get?param=sh688281,day,2020-01-01,2026-07-14,1000,qfq",2026-07-14T08:08:11+00:00
2026-07-14,688708,佳驰科技,SSE,L2,L2,core,中性,D-产业链爆发/关键瓶颈型,wait_repair,,仅观察,,weakening,强势,,,46.75,46.85,45.16,-0.5107,6816360375.0,49.164,50.824,51.1025,51.0683,54.9536,56.0231,61.6782,11997757814.65,-0.1022,-0.0942,-0.1063,0.6232,0.9052,0.8593,0.9659,37.5,0.9408,False,False,False,False,False,,False,"https://web.ifzq.gtimg.cn/appstock/app/fqkline/get?param=sh688708,day,2020-01-01,2026-07-14,1000,qfq",2026-07-14T08:08:11+00:00
2026-07-14,688563,航材股份,SSE,L2,L2,core,中性,D-产业链爆发/关键瓶颈型,wait_repair,,仅观察,,weakening,强势,,,49.11,49.54,47.7,0.0204,10932475320.0,49.4164,50.0857,49.9524,53.8849,59.6056,58.9377,57.3094,14134647436.74,-0.0048,-0.0435,-0.1972,0.7875,1.0371,0.8632,0.7082,16.6667,0.7663,False,False,False,False,False,,False,"https://web.ifzq.gtimg.cn/appstock/app/fqkline/get?param=sh688563,day,2020-01-01,2026-07-14,1000,qfq",2026-07-14T08:08:11+00:00
2026-07-14,002714,牧原股份,SZSE,L2,L2,core,较低估,F-垄断资源型,wait_repair,,仅观察,,neutral,强势,,,38.08,38.36,37.52,-1.2192,2106341888.0,37.736,37.708,35.841,38.6423,42.2198,43.5521,45.7135,2714881427.65,-0.0107,0.0794,-0.1654,0.737,1.0025,0.9621,1.5958,69.1667,0.6667,False,False,False,False,False,,False,"https://web.ifzq.gtimg.cn/appstock/app/fqkline/get?param=sz002714,day,2020-01-01,2026-07-14,1000,qfq",2026-07-14T08:08:11+00:00
2026-07-14,002352,顺丰控股,SZSE,L2,L2,core,较低估,C-GARP成长型,wait_repair,,仅观察,,neutral,强势,,,32.67,32.8,31.76,2.2215,874360278.0,32.232,32.397,31.9535,34.4378,35.8939,36.2692,38.84,782906679.5,-0.0037,-0.0274,-0.1227,1.0933,0.811,0.7789,0.8902,66.6667,0.875,False,False,False,False,False,,False,"https://web.ifzq.gtimg.cn/appstock/app/fqkline/get?param=sz002352,day,2020-01-01,2026-07-14,1000,qfq",2026-07-14T08:08:11+00:00
2026-07-14,002027,分众传媒,SZSE,L2,L2,core,较低估,A-DCF/现金流复利型,wait_repair,,仅观察,,weakening,强势,,,4.74,4.77,4.68,-0.2105,757733082.0,4.752,4.749,4.7475,5.3382,6.0506,6.2601,6.736,876173428.1,-0.0063,-0.0814,-0.2242,0.8666,0.9397,0.9008,1.0696,64.1667,0.6667,False,False,False,False,False,,False,"https://web.ifzq.gtimg.cn/appstock/app/fqkline/get?param=sz002027,day,2020-01-01,2026-07-14,1000,qfq",2026-07-14T08:08:11+00:00
2026-07-14,600415,小商品城,SSE,L2,L2,core,低估,C-GARP成长型,wait_repair,,仅观察,,weakening,强势,,,9.85,10.07,9.71,-1.3026,556793905.0,9.992,10.222,10.3075,11.6418,12.9172,13.4934,15.5502,688565023.25,-0.039,-0.0938,-0.1596,0.8482,0.8514,0.7736,0.4745,29.1667,0.3889,False,False,False,False,False,,False,"https://web.ifzq.gtimg.cn/appstock/app/fqkline/get?param=sh600415,day,2020-01-01,2026-07-14,1000,qfq",2026-07-14T08:08:11+00:00
2026-07-14,300012,华测检测,SZSE,L2,L2,core,较低估,C-GARP成长型,wait_repair,,仅观察,,weakening,强势,,,13.31,13.34,13.01,1.7584,332391961.0,13.382,13.852,13.9725,14.9087,15.0543,14.7531,14.05,487337150.4,-0.0466,-0.0763,-0.1261,0.7179,1.0932,1.0483,1.2486,44.1667,0.9091,False,False,False,False,False,,False,"https://web.ifzq.gtimg.cn/appstock/app/fqkline/get?param=sz300012,day,2020-01-01,2026-07-14,1000,qfq",2026-07-14T08:08:12+00:00
2026-07-14,601965,中国汽研,SSE,L2,L2,core,较低估,C-GARP成长型,wait_repair,,仅观察,,neutral,强势,,,12.5,12.85,12.37,-0.7149,96296250.0,12.382,12.232,12.224,14.667,16.4195,16.4958,17.0822,124339747.2,0.0504,-0.0962,-0.2586,0.7575,1.1479,0.9384,0.8284,37.5,0.2708,False,False,False,False,False,,False,"https://web.ifzq.gtimg.cn/appstock/app/fqkline/get?param=sh601965,day,2020-01-01,2026-07-14,1000,qfq",2026-07-14T08:08:18+00:00
2026-07-14,002311,海大集团,SZSE,L2,L2,core,较低估,C-GARP成长型,wait_repair,,仅观察,,weakening,强势,,,44.89,45.08,44.02,0.47,498754834.0,44.936,45.63,44.071,45.0068,48.3453,49.2978,52.8544,471150756.7,-0.0479,0.0372,-0.0737,1.0391,0.8453,0.8408,0.8111,68.3333,0.8208,False,False,False,False,False,,False,"https://web.ifzq.gtimg.cn/appstock/app/fqkline/get?param=sz002311,day,2020-01-01,2026-07-14,1000,qfq",2026-07-14T08:08:18+00:00
2026-07-14,002304,洋河股份,SZSE,L3,L3,watch_only,中性,E-落难白马型,wait_repair,,仅观察,,neutral,强势,,,38.08,38.24,37.75,-0.0525,199531584.0,38.136,38.349,38.784,42.8263,47.6618,50.3628,57.4662,269612375.7,0.0042,-0.0851,-0.2236,0.7539,0.9614,0.8718,0.9603,30.8333,0.6735,False,False,False,False,False,,False,"https://web.ifzq.gtimg.cn/appstock/app/fqkline/get?param=sz002304,day,2020-01-01,2026-07-14,1000,qfq",2026-07-14T08:08:18+00:00
2026-07-14,002032,苏泊尔,SZSE,L3,L3,tactical,较低估,G-股东回报型低估,wait_repair,,仅观察,,weakening,强势,,,42.95,43.8,42.51,0.6798,81875585.0,42.962,42.547,41.6295,43.8232,42.8092,43.0799,44.9412,68152749.4,-0.0106,0.013,-0.0002,1.1652,0.9449,0.9499,0.7077,60.0,0.3411,False,False,False,False,True,,False,"https://web.ifzq.gtimg.cn/appstock/app/fqkline/get?param=sz002032,day,2020-01-01,2026-07-14,1000,qfq",2026-07-14T08:08:18+00:00
2026-07-14,603031,安孚科技,SSE,L3,L3,watch_only,中性,A-DCF/现金流复利型,wait_breakout,,仅观察,,neutral,强势,,,50.88,51.03,48.27,0.2759,839072256.0,48.538,49.529,51.23,50.3383,43.1991,40.5386,34.1752,1167421023.1,0.0956,-0.0552,0.4289,0.7327,0.915,0.7826,0.8363,60.8333,0.9457,False,False,False,False,True,,False,"https://web.ifzq.gtimg.cn/appstock/app/fqkline/get?param=sh603031,day,2020-01-01,2026-07-14,1000,qfq",2026-07-14T08:08:18+00:00
2026-07-14,000960,锡业股份,SZSE,L3,L3,watch_only,中性,F-垄断资源型,wait_repair,,仅观察,,neutral,强势,,,36.43,36.49,33.43,6.5828,2229894872.0,36.066,38.206,40.8175,39.0718,37.9411,35.8166,29.6292,4350139362.8,-0.0236,-0.1205,0.0769,0.5875,0.5662,0.6071,0.7398,35.8333,0.9804,False,False,False,False,True,,False,"https://web.ifzq.gtimg.cn/appstock/app/fqkline/get?param=sz000960,day,2020-01-01,2026-07-14,1000,qfq",2026-07-14T08:08:18+00:00
2026-07-14,002460,赣锋锂业,SZSE,L3,L3,watch_only,中性,F-垄断资源型,wait_repair,,仅观察,,weakening,强势,,,52.55,52.67,50.2,2.7772,2156420780.0,53.894,58.662,63.5815,72.8773,72.2571,70.5423,62.4498,3739735375.1,-0.1447,-0.2632,-0.3605,0.7032,0.8456,0.9913,0.8956,16.6667,0.9514,False,False,False,False,False,,False,"https://web.ifzq.gtimg.cn/appstock/app/fqkline/get?param=sz002460,day,2020-01-01,2026-07-14,1000,qfq",2026-07-14T08:08:19+00:00
2026-07-14,002466,天齐锂业,SZSE,L3,L3,tactical,较低估,F-垄断资源型,wait_repair,,仅观察,,weakening,强势,,,47.35,47.37,44.75,3.815,2488162005.0,48.764,54.288,58.513,64.7353,60.1204,59.0171,53.5043,4095662615.8,-0.2,-0.2569,-0.2338,0.7558,0.8692,0.9901,0.8716,36.6667,0.9924,False,False,False,False,False,,False,"https://web.ifzq.gtimg.cn/appstock/app/fqkline/get?param=sz002466,day,2020-01-01,2026-07-14,1000,qfq",2026-07-14T08:08:18+00:00
2026-07-14,002738,中矿资源,SZSE,L3,L3,tactical,较低估,F-垄断资源型,wait_repair,,仅观察,,weakening,强势,,,52.56,53.88,49.19,3.0588,2186427672.0,53.04,58.436,58.7435,68.2128,74.2816,73.6481,62.233,2447317109.7,-0.1391,-0.159,-0.3436,1.0052,0.9209,0.9765,1.3199,85.8333,0.7186,False,False,False,False,False,,False,"https://web.ifzq.gtimg.cn/appstock/app/fqkline/get?param=sz002738,day,2020-01-01,2026-07-14,1000,qfq",2026-07-14T08:08:24+00:00
2026-07-14,002414,高德红外,SZSE,L3,L3,tactical,较低估,D-产业链爆发/关键瓶颈型,wait_breakout,,仅观察,,neutral,强势,,,13.6,13.9,12.61,-2.7877,2674472640.0,13.528,13.073,13.292,13.5785,14.4022,14.3117,13.3973,1073219590.0,0.0692,-0.0058,0.0398,2.4787,2.7568,1.8605,1.8419,97.5,0.7674,True,False,False,False,True,,False,"https://web.ifzq.gtimg.cn/appstock/app/fqkline/get?param=sz002414,day,2020-01-01,2026-07-14,1000,qfq",2026-07-14T08:08:24+00:00
2026-07-14,300373,扬杰科技,SZSE,L3,L3,watch_only,中性,D-产业链爆发/关键瓶颈型,wait_breakout,,仅观察,,weakening,强势,,,113.3,115.44,105.27,-0.0088,3459105650.0,121.988,129.333,130.6905,102.9803,90.1357,85.2932,76.2371,4320497510.8,-0.1601,0.0775,0.49,0.9249,0.9961,0.8997,1.1626,80.0,0.7896,False,False,False,False,True,,False,"https://web.ifzq.gtimg.cn/appstock/app/fqkline/get?param=sz300373,day,2020-01-01,2026-07-14,1000,qfq",2026-07-14T08:08:29+00:00
2026-07-14,000725,京东方A,SZSE,L3,L3,watch_only,中性,D-产业链爆发/关键瓶颈型,signal_watch_only,,池外信号：24小时异动响应+事件复核（默认不可买；L2×可接受较高估/L3×中性强信号可核对§6.2.1事件通道）,弱,weakening,强势,8.7.0 放量上涨,,7.02,7.17,6.66,2.7818,20615862852.0,7.444,7.881,7.5384,5.7173,4.9585,4.7855,4.4702,28517425592.41,-0.0739,0.1971,0.7799,0.7917,0.8912,0.9184,1.6361,74.1667,0.7059,True,False,False,False,True,,False,"https://web.ifzq.gtimg.cn/appstock/app/fqkline/get?param=sz000725,day,2020-01-01,2026-07-14,1000,qfq",2026-07-14T08:08:24+00:00
2026-07-14,000100,TCL科技,SZSE,L3,L3,watch_only,中性,D-产业链爆发/关键瓶颈型,wait_breakout,,仅观察,,neutral,强势,,,5.13,5.16,4.91,6.6528,5782907412.0,5.092,5.36,5.2455,4.6423,4.6171,4.578,4.4678,8528571677.9,-0.0247,0.1104,0.2042,0.7032,0.7349,0.7598,1.3441,76.6667,0.88,False,False,False,False,True,,False,"https://web.ifzq.gtimg.cn/appstock/app/fqkline/get?param=sz000100,day,2020-01-01,2026-07-14,1000,qfq",2026-07-14T08:08:25+00:00
2026-07-14,002236,大华股份,SZSE,L3,L3,watch_only,中性,C-GARP成长型,wait_repair,,仅观察,,weakening,强势,,,16.32,16.9,16.04,-2.7993,873859296.0,16.922,16.757,16.524,17.1363,17.6213,17.8266,17.8452,726471366.45,-0.0067,0.0124,-0.1175,1.2218,1.3011,1.2838,1.3277,79.1667,0.3256,False,False,False,False,False,,False,"https://web.ifzq.gtimg.cn/appstock/app/fqkline/get?param=sz002236,day,2020-01-01,2026-07-14,1000,qfq",2026-07-14T08:08:24+00:00
2026-07-14,300454,深信服,SZSE,L3,L3,watch_only,中性,C-GARP成长型,wait_repair,,仅观察,,neutral,强势,,,105.97,109.0,101.5,-0.9811,1618744735.0,107.614,99.954,98.3876,108.9282,119.0017,118.3222,115.5618,1293164462.69,0.1934,0.0409,-0.0067,1.1914,1.5265,1.7237,1.5823,70.0,0.596,True,False,False,False,False,,False,"https://web.ifzq.gtimg.cn/appstock/app/fqkline/get?param=sz300454,day,2020-01-01,2026-07-14,1000,qfq",2026-07-14T08:08:24+00:00
2026-07-14,300496,中科创达,SZSE,L3,L3,watch_only,中性,C-GARP成长型,wait_repair,,仅观察,,weakening,强势,,,53.72,56.3,51.91,-3.7276,844263520.0,57.374,59.022,60.669,63.726,66.3181,66.465,66.2477,978103509.9,-0.0727,-0.1245,-0.1096,0.9808,1.0019,0.9046,0.7263,50.8333,0.4123,False,False,False,False,False,,False,"https://web.ifzq.gtimg.cn/appstock/app/fqkline/get?param=sz300496,day,2020-01-01,2026-07-14,1000,qfq",2026-07-14T08:08:24+00:00
2026-07-14,000938,紫光股份,SZSE,L3,L3,watch_only,中性,C-GARP成长型,wait_confirmation,,等确认,,strong,强势,,均线突破但收盘位置不足,36.98,39.2,34.56,-3.6979,17155536022.0,36.618,33.712,30.5065,29.8932,27.7495,27.1893,26.9742,8488760891.75,0.1747,0.3965,0.3489,1.7749,1.8373,1.8029,2.4571,97.5,0.5216,True,True,True,True,True,,False,"https://web.ifzq.gtimg.cn/appstock/app/fqkline/get?param=sz000938,day,2020-01-01,2026-07-14,1000,qfq",2026-07-14T08:08:30+00:00
2026-07-14,002158,汉钟精机,SZSE,L3,L3,watch_only,中性,C-GARP成长型,wait_breakout,,仅观察,,weakening,强势,,,33.24,34.19,32.2,0.1205,560758800.0,34.258,35.166,34.5755,30.9252,27.6584,26.885,25.0251,845030866.9,-0.0535,0.1602,0.3821,0.6975,1.1372,0.9435,1.5304,75.0,0.5226,False,False,False,False,True,,False,"https://web.ifzq.gtimg.cn/appstock/app/fqkline/get?param=sz002158,day,2020-01-01,2026-07-14,1000,qfq",2026-07-14T08:08:30+00:00
2026-07-14,002273,水晶光电,SZSE,L3,L3,watch_only,中性,D-产业链爆发/关键瓶颈型,wait_repair,,仅观察,,weakening,强势,,,31.26,31.34,28.79,5.3945,2177287134.0,31.35,34.15,34.7795,35.3757,30.6293,29.4237,27.1065,3030344470.35,-0.0852,-0.0929,0.0843,0.809,0.7936,0.83,0.8527,53.3333,0.9686,False,False,False,False,True,,False,"https://web.ifzq.gtimg.cn/appstock/app/fqkline/get?param=sz002273,day,2020-01-01,2026-07-14,1000,qfq",2026-07-14T08:08:30+00:00
2026-07-14,002430,杭氧股份,SZSE,L3,L3,watch_only,中性,G-股东回报型低估,wait_repair,,仅观察,,weakening,强势,,,25.33,26.3,24.8,-8.0914,1026812342.0,25.886,27.147,27.6835,27.854,29.0433,29.134,27.0875,992605543.75,-0.0284,-0.0387,-0.0892,1.1491,1.1017,0.8898,1.2948,91.6667,0.3533,False,False,False,False,False,,False,"https://web.ifzq.gtimg.cn/appstock/app/fqkline/get?param=sz002430,day,2020-01-01,2026-07-14,1000,qfq",2026-07-14T08:08:30+00:00
2026-07-14,002438,江苏神通,SZSE,L3,L3,watch_only,中性,D-产业链爆发/关键瓶颈型,wait_repair,,仅观察,,weakening,强势,,,12.76,12.78,12.23,0.6309,86336712.0,13.12,13.721,14.4225,15.7908,16.409,16.1461,15.093,145623217.6,-0.082,-0.166,-0.2186,0.6795,0.6834,0.774,0.7056,9.1667,0.9636,False,False,False,False,False,,False,"https://web.ifzq.gtimg.cn/appstock/app/fqkline/get?param=sz002438,day,2020-01-01,2026-07-14,1000,qfq",2026-07-14T08:08:30+00:00
2026-07-14,300360,炬华科技,SZSE,L3,L3,watch_only,中性,C-GARP成长型,wait_repair,,仅观察,,neutral,强势,,,11.43,11.51,11.22,1.1504,56373903.0,11.41,11.625,11.86,13.5285,15.3085,15.5664,15.5523,61373356.9,-0.0112,-0.1063,-0.2901,0.9548,0.9851,0.9107,0.711,16.6667,0.7241,False,False,False,False,False,,False,"https://web.ifzq.gtimg.cn/appstock/app/fqkline/get?param=sz300360,day,2020-01-01,2026-07-14,1000,qfq",2026-07-14T08:08:30+00:00
2026-07-14,300415,伊之密,SZSE,L3,L3,tactical,较低估,C-GARP成长型,wait_repair,,仅观察,,weakening,强势,,,19.66,19.95,19.42,0.0509,123846204.0,20.096,20.608,20.2865,22.3785,23.9096,24.1162,23.8107,174785890.85,-0.077,-0.0834,-0.2145,0.7406,0.9397,0.978,0.8789,28.3333,0.4528,False,False,False,False,False,,False,"https://web.ifzq.gtimg.cn/appstock/app/fqkline/get?param=sz300415,day,2020-01-01,2026-07-14,1000,qfq",2026-07-14T08:08:31+00:00
2026-07-14,300435,中泰股份,SZSE,L3,L3,watch_only,中性,G-股东回报型低估,wait_repair,,仅观察,,weakening,强势,,,18.98,19.82,18.55,-3.4588,344862804.0,20.216,21.835,22.9955,21.9118,25.3958,24.6528,22.0894,625999568.45,-0.1377,-0.0759,-0.2875,0.6828,0.7953,0.6928,1.1504,55.0,0.3386,False,False,False,False,False,,False,"https://web.ifzq.gtimg.cn/appstock/app/fqkline/get?param=sz300435,day,2020-01-01,2026-07-14,1000,qfq",2026-07-14T08:08:36+00:00
2026-07-14,688516,奥特维,SSE,L3,L3,watch_only,中性,D-产业链爆发/关键瓶颈型,wait_repair,,仅观察,,weakening,强势,,,44.36,46.25,43.14,-2.2907,35571370184.0,47.134,50.1,53.7365,66.1933,74.8652,68.7545,57.1535,72300938737.9,-0.1133,-0.2054,-0.4031,0.6109,0.7625,0.672,0.7055,2.5,0.3923,False,False,False,False,False,,False,"https://web.ifzq.gtimg.cn/appstock/app/fqkline/get?param=sh688516,day,2020-01-01,2026-07-14,1000,qfq",2026-07-14T08:08:37+00:00
2026-07-14,603556,海兴电力,SSE,L3,L3,watch_only,中性,C-GARP成长型,wait_repair,,仅观察,,neutral,强势,,,22.43,22.6,21.57,-0.0446,178630277.0,21.992,21.9002,21.7201,25.4952,31.1464,31.6846,30.3923,154551673.84,0.0496,-0.0348,-0.3736,1.1197,1.3497,1.1374,1.4066,84.1667,0.835,True,False,False,False,False,,False,"https://web.ifzq.gtimg.cn/appstock/app/fqkline/get?param=sh603556,day,2020-01-01,2026-07-14,1000,qfq",2026-07-14T08:08:36+00:00
2026-07-14,002906,华阳集团,SZSE,L3,L3,tactical,较低估,C-GARP成长型,wait_repair,,仅观察,,weakening,强势,,,23.26,23.45,23.01,0.6055,99945894.0,24.13,24.831,25.6255,28.6163,29.5016,29.6445,30.1027,258974316.75,-0.0659,-0.1095,-0.2406,0.4345,0.6613,0.6583,0.6771,1.6667,0.5682,False,False,False,False,False,,False,"https://web.ifzq.gtimg.cn/appstock/app/fqkline/get?param=sz002906,day,2020-01-01,2026-07-14,1000,qfq",2026-07-14T08:08:36+00:00
2026-07-14,300470,中密控股,SZSE,L3,L3,watch_only,中性,C-GARP成长型,wait_repair,,仅观察,,weakening,强势,,,28.23,28.25,27.8,0.8214,36651009.0,28.42,29.279,29.406,31.4802,34.4067,34.7495,35.4847,64236946.0,-0.0345,-0.0929,-0.2141,0.5974,0.7262,0.73,0.4997,0.8333,0.9556,False,False,False,False,False,,False,"https://web.ifzq.gtimg.cn/appstock/app/fqkline/get?param=sz300470,day,2020-01-01,2026-07-14,1000,qfq",2026-07-14T08:08:36+00:00
2026-07-14,300014,亿纬锂能,SZSE,L3,L3,tactical,较低估,C-GARP成长型,wait_repair,,仅观察,,weakening,强势,,,52.26,52.42,50.33,1.005,2434349190.0,54.382,57.545,62.007,64.5615,64.9225,65.8433,65.1475,5097116908.0,-0.1065,-0.1108,-0.2543,0.5828,0.6579,0.6486,0.715,19.1667,0.9234,False,False,False,False,False,,False,"https://web.ifzq.gtimg.cn/appstock/app/fqkline/get?param=sz300014,day,2020-01-01,2026-07-14,1000,qfq",2026-07-14T08:08:37+00:00
2026-07-14,300073,当升科技,SZSE,L3,L3,watch_only,中性,D-产业链爆发/关键瓶颈型,wait_repair,,仅观察,,weakening,强势,,,41.24,41.33,39.88,0.9794,484524636.0,42.798,45.142,47.648,54.098,54.914,55.5784,54.781,773616234.25,-0.1296,-0.1906,-0.2625,0.7266,0.8168,0.9035,0.7421,15.0,0.9379,False,False,False,False,False,,False,"https://web.ifzq.gtimg.cn/appstock/app/fqkline/get?param=sz300073,day,2020-01-01,2026-07-14,1000,qfq",2026-07-14T08:08:40+00:00
2026-07-14,000425,徐工机械,SZSE,L3,L3,watch_only,中性,C-GARP成长型,wait_repair,,仅观察,,weakening,强势,,,8.22,8.22,7.96,1.2315,570422790.0,8.316,8.3372,8.4046,9.2034,10.0763,10.2415,9.9468,1116338254.31,-0.0638,-0.0938,-0.2043,0.5215,0.6392,0.6904,0.6134,4.1667,1.0,False,False,False,False,False,,False,"https://web.ifzq.gtimg.cn/appstock/app/fqkline/get?param=sz000425,day,2020-01-01,2026-07-14,1000,qfq",2026-07-14T08:08:36+00:00
2026-07-14,000157,中联重科,SZSE,L3,L3,watch_only,中性,C-GARP成长型,wait_repair,,仅观察,,neutral,强势,,,7.13,7.13,6.94,2.0029,359543084.0,7.126,7.149,7.275,7.5263,8.2894,8.2931,7.973,559225927.3,-0.0391,-0.0655,-0.1786,0.6566,0.8078,0.8427,0.6588,3.3333,1.0,False,False,False,False,False,,False,"https://web.ifzq.gtimg.cn/appstock/app/fqkline/get?param=sz000157,day,2020-01-01,2026-07-14,1000,qfq",2026-07-14T08:08:43+00:00
2026-07-14,000951,中国重汽,SZSE,L3,L3,tactical,较低估,C-GARP成长型,wait_repair,,仅观察,,neutral,强势,,,21.57,21.68,20.32,5.2195,252765888.0,21.304,21.556,21.0178,21.6449,20.9905,20.0774,18.8851,282926317.15,-0.0332,-0.0235,-0.06,0.8701,0.7469,0.684,0.58,21.6667,0.9191,False,False,False,False,True,,False,"https://web.ifzq.gtimg.cn/appstock/app/fqkline/get?param=sz000951,day,2020-01-01,2026-07-14,1000,qfq",2026-07-14T08:08:43+00:00
2026-07-14,600150,中国船舶,SSE,L3,L3,tactical,较低估,D-产业链爆发/关键瓶颈型,wait_repair,,仅观察,,weakening,强势,,,33.77,34.68,33.08,-1.2862,5093836407.0,35.412,35.873,35.6305,37.1188,35.8584,35.4874,35.513,4541233584.3,-0.0954,-0.0596,0.0324,1.1857,1.4728,1.2811,1.3843,89.1667,0.4313,False,False,False,False,False,,False,"https://web.ifzq.gtimg.cn/appstock/app/fqkline/get?param=sh600150,day,2020-01-01,2026-07-14,1000,qfq",2026-07-14T08:08:43+00:00
2026-07-14,688114,华大智造,SSE,L3,L3,watch_only,中性,C-GARP成长型,wait_breakout,,仅观察,,weakening,强势,,,52.04,53.38,51.25,-1.0646,28597218552.0,54.28,54.504,52.213,51.2488,55.3429,57.0595,61.1467,34716011278.4,-0.0379,0.0528,0.0188,0.8417,1.0568,0.9877,1.2353,73.3333,0.3709,False,False,False,False,False,,False,"https://web.ifzq.gtimg.cn/appstock/app/fqkline/get?param=sh688114,day,2020-01-01,2026-07-14,1000,qfq",2026-07-14T08:08:43+00:00
2026-07-14,300529,健帆生物,SZSE,L3,L3,watch_only,中性,C-GARP成长型,wait_repair,,仅观察,,neutral,强势,,,16.55,17.14,16.15,1.9717,164607955.0,16.226,16.29,15.964,17.2946,17.9886,18.2932,19.7343,105168043.3,0.021,0.0012,-0.0392,1.5127,1.2622,1.075,1.123,94.1667,0.404,False,False,False,False,False,,False,"https://web.ifzq.gtimg.cn/appstock/app/fqkline/get?param=sz300529,day,2020-01-01,2026-07-14,1000,qfq",2026-07-14T08:08:43+00:00
2026-07-14,002262,恩华药业,SZSE,L3,L3,watch_only,中性,C-GARP成长型,signal_watch_only,,池外信号：24小时异动响应+事件复核（默认不可买；L2×可接受较高估/L3×中性强信号可核对§6.2.1事件通道）,强,neutral,强势,8.7.2 放量突破关键均线/趋势启动; 8.7.0 放量上涨,,20.57,20.63,19.76,2.7473,313527940.0,19.936,19.92,19.385,20.2052,21.4744,22.0307,22.9023,230959026.45,0.0405,0.056,-0.0854,1.2854,1.0662,0.933,1.0221,93.3333,0.931,True,False,False,True,False,,False,"https://web.ifzq.gtimg.cn/appstock/app/fqkline/get?param=sz002262,day,2020-01-01,2026-07-14,1000,qfq",2026-07-14T08:08:43+00:00
2026-07-14,002821,凯莱英,SZSE,L3,L3,watch_only,中性,C-GARP成长型,signal_watch_only,,池外信号：24小时异动响应+事件复核（默认不可买；L2×可接受较高估/L3×中性强信号可核对§6.2.1事件通道）,强,strong,强势,8.7.2 放量突破关键均线/趋势启动; 8.7.4 连续上涨; 8.7.0 放量上涨,,177.95,181.51,158.4,7.6332,3211588215.0,163.89,161.844,149.5027,128.6076,115.5005,111.0954,107.5138,2131341411.975,0.1623,0.5711,0.5267,1.3211,1.1479,1.1008,2.0986,93.3333,0.846,True,True,True,True,True,,False,"https://web.ifzq.gtimg.cn/appstock/app/fqkline/get?param=sz002821,day,2020-01-01,2026-07-14,1000,qfq",2026-07-14T08:08:43+00:00
2026-07-14,300759,康龙化成,SZSE,L3,L3,watch_only,中性,C-GARP成长型,wait_pullback,,等回踩,,strong,强势,"8.7.1 放量突破前高(60,120日); 8.7.2 放量突破关键均线/趋势启动; 8.7.0 放量上涨",,36.93,37.2,32.15,8.3627,4651407360.0,33.248,31.546,28.0965,26.905,28.0015,28.2554,29.1222,2070509290.5,0.208,0.6583,0.1875,1.7883,1.464,1.2708,2.9045,100.0,0.9465,True,True,False,True,True,"60,120",True,"https://web.ifzq.gtimg.cn/appstock/app/fqkline/get?param=sz300759,day,2020-01-01,2026-07-14,1000,qfq",2026-07-14T08:08:43+00:00
2026-07-14,300347,泰格医药,SZSE,L3,L3,watch_only,中性,C-GARP成长型,signal_watch_only,,池外信号：24小时异动响应+事件复核（默认不可买；L2×可接受较高估/L3×中性强信号可核对§6.2.1事件通道）,弱,neutral,强势,8.7.0 放量上涨,,48.7,48.8,44.39,6.0771,1341324620.0,45.6656,46.2793,44.6492,46.2649,52.1044,52.2627,55.2805,1167619210.995,0.0546,0.2398,-0.1736,1.0622,1.0726,0.9809,1.5168,90.8333,0.9773,True,False,False,False,False,,False,"https://web.ifzq.gtimg.cn/appstock/app/fqkline/get?param=sz300347,day,2020-01-01,2026-07-14,1000,qfq",2026-07-14T08:08:49+00:00
2026-07-14,002007,华兰生物,SZSE,L3,L3,watch_only,中性,C-GARP成长型,signal_watch_only,,池外信号：24小时异动响应+事件复核（默认不可买；L2×可接受较高估/L3×中性强信号可核对§6.2.1事件通道）,弱,neutral,强势,8.7.0 放量上涨,,13.1,13.23,12.77,1.3932,213928240.0,12.84,12.82,12.738,13.3118,14.0169,14.1867,14.7454,158620896.75,0.0331,-0.0023,-0.0978,1.311,1.1294,0.9857,1.2548,86.6667,0.7174,True,False,False,False,False,,False,"https://web.ifzq.gtimg.cn/appstock/app/fqkline/get?param=sz002007,day,2020-01-01,2026-07-14,1000,qfq",2026-07-14T08:08:50+00:00
2026-07-14,002252,上海莱士,SZSE,L3,L3,watch_only,中性,C-GARP成长型,signal_watch_only,,池外信号：24小时异动响应+事件复核（默认不可买；L2×可接受较高估/L3×中性强信号可核对§6.2.1事件通道）,弱,neutral,强势,8.7.0 放量上涨,,4.81,4.87,4.62,2.7778,441788399.0,4.618,4.581,4.5518,5.0844,5.5979,5.7622,6.1741,296453951.765,0.0761,-0.0178,-0.1497,1.4134,1.2324,1.1429,1.9703,97.5,0.76,True,False,False,False,False,,False,"https://web.ifzq.gtimg.cn/appstock/app/fqkline/get?param=sz002252,day,2020-01-01,2026-07-14,1000,qfq",2026-07-14T08:08:49+00:00
2026-07-14,000403,派林生物,SZSE,L3,L3,watch_only,中性,C-GARP成长型,wait_repair,,仅观察,,neutral,强势,,,9.27,9.44,9.12,0.6515,103499550.0,9.15,9.211,9.55,11.2407,12.4567,12.7687,14.5234,160667203.3,0.0164,-0.2164,-0.2752,0.6675,0.7699,0.7017,0.9189,61.6667,0.4688,False,False,False,False,False,,False,"https://web.ifzq.gtimg.cn/appstock/app/fqkline/get?param=sz000403,day,2020-01-01,2026-07-14,1000,qfq",2026-07-14T08:08:50+00:00
2026-07-14,002675,东诚药业,SZSE,L3,L3,watch_only,中性,C-GARP成长型,wait_breakout,,仅观察,,neutral,强势,,,13.06,13.22,12.7,1.7927,177153676.0,12.73,12.775,12.7105,12.8578,13.2249,13.3811,14.2962,132477355.25,0.0349,0.0507,-0.1036,1.3035,1.2374,1.0645,1.0654,75.0,0.6923,False,False,False,False,False,,False,"https://web.ifzq.gtimg.cn/appstock/app/fqkline/get?param=sz002675,day,2020-01-01,2026-07-14,1000,qfq",2026-07-14T08:08:49+00:00
2026-07-14,000998,隆平高科,SZSE,L3,L3,watch_only,中性,C-GARP成长型,wait_repair,,仅观察,,neutral,强势,,,8.02,8.18,7.88,0.7538,178707254.0,7.876,7.818,7.7955,8.5224,9.2285,9.2714,9.5013,121739668.05,0.0362,-0.043,-0.1831,1.4237,1.2008,1.0453,0.917,59.1667,0.4667,False,False,False,False,False,,False,"https://web.ifzq.gtimg.cn/appstock/app/fqkline/get?param=sz000998,day,2020-01-01,2026-07-14,1000,qfq",2026-07-14T08:08:49+00:00
2026-07-14,300034,钢研高纳,SZSE,L3,L3,watch_only,中性,D-产业链爆发/关键瓶颈型,wait_repair,,仅观察,,weakening,强势,,,15.78,15.96,15.35,-1.1278,221855754.0,16.138,16.663,17.179,18.4895,19.4813,19.2986,18.2877,282343044.65,-0.0528,-0.1075,-0.1723,0.8575,1.2286,1.0661,0.9755,23.3333,0.7049,False,False,False,False,False,,False,"https://web.ifzq.gtimg.cn/appstock/app/fqkline/get?param=sz300034,day,2020-01-01,2026-07-14,1000,qfq",2026-07-14T08:08:50+00:00
2026-07-14,300413,芒果超媒,SZSE,L3,L3,watch_only,中性,E-落难白马型,wait_repair,,仅观察,,neutral,强势,,,14.58,14.79,14.39,-1.0183,241940520.0,14.782,14.74,14.838,17.2588,20.3657,21.1276,23.2133,264243268.4,0.009,-0.0824,-0.2957,0.9317,1.2226,1.0494,1.156,50.8333,0.475,False,False,False,False,False,,False,"https://web.ifzq.gtimg.cn/appstock/app/fqkline/get?param=sz300413,day,2020-01-01,2026-07-14,1000,qfq",2026-07-14T08:08:49+00:00
2026-07-14,300226,上海钢联,SZSE,L3,L3,watch_only,中性,C-GARP成长型,wait_repair,,仅观察,,neutral,强势,,,15.35,15.94,14.73,-0.1951,183352680.0,15.49,15.601,15.988,18.3288,20.6215,20.6225,21.2339,131471801.5,0.0112,-0.1122,-0.2567,1.4587,1.4868,1.1691,1.1907,67.5,0.5124,False,False,False,False,False,,False,"https://web.ifzq.gtimg.cn/appstock/app/fqkline/get?param=sz300226,day,2020-01-01,2026-07-14,1000,qfq",2026-07-14T08:09:00+00:00
2026-07-14,688334,西高院,SSE,L3,L3,watch_only,中性,C-GARP成长型,wait_repair,,仅观察,,weakening,强势,,,17.52,17.54,17.06,0.6318,3157650624.0,17.746,18.124,18.4535,19.6352,21.4136,20.9562,20.1872,5698810292.95,-0.0326,-0.075,-0.2056,0.5962,0.5804,0.5626,0.6307,7.5,0.9583,False,False,False,False,False,,False,"https://web.ifzq.gtimg.cn/appstock/app/fqkline/get?param=sh688334,day,2020-01-01,2026-07-14,1000,qfq",2026-07-14T08:08:56+00:00
2026-07-14,600085,同仁堂,SSE,L4,L4,watch_only,中性,A-DCF/现金流复利型,signal_watch_only,,池外信号：24小时异动响应+事件复核（默认不可买；L2×可接受较高估/L3×中性强信号可核对§6.2.1事件通道）,弱,neutral,强势,8.7.0 放量上涨,,24.75,24.97,24.06,0.8969,439569900.0,23.896,23.617,23.251,25.0063,27.1967,28.1875,30.7973,245618837.65,0.0719,0.0173,-0.1016,1.6912,1.6809,1.3228,2.0766,93.3333,0.7582,True,False,False,False,False,,False,"https://web.ifzq.gtimg.cn/appstock/app/fqkline/get?param=sh600085,day,2020-01-01,2026-07-14,1000,qfq",2026-07-14T08:08:56+00:00
2026-07-14,300146,汤臣倍健,SZSE,L4,L4,watch_only,中性,E-落难白马型,wait_repair,,仅观察,,neutral,强势,,,9.38,9.45,9.22,1.5152,111593860.0,9.246,9.248,9.472,9.9309,10.6203,10.8145,11.1524,131952487.15,0.0308,-0.0639,-0.127,0.8631,0.7974,0.7408,0.707,33.3333,0.6957,False,False,False,False,False,,False,"https://web.ifzq.gtimg.cn/appstock/app/fqkline/get?param=sz300146,day,2020-01-01,2026-07-14,1000,qfq",2026-07-14T08:08:56+00:00
2026-07-14,300296,利亚德,SZSE,L4,L4,watch_only,中性,D-产业链爆发/关键瓶颈型,wait_repair,,仅观察,,weakening,强势,,,5.07,5.09,4.95,1.1976,230927346.0,5.15,5.315,5.7395,6.4507,6.988,6.8455,6.7292,546222755.1,-0.0506,-0.2364,-0.332,0.49,0.6503,0.6249,0.4199,0.8333,0.8571,False,False,False,False,False,,False,"https://web.ifzq.gtimg.cn/appstock/app/fqkline/get?param=sz300296,day,2020-01-01,2026-07-14,1000,qfq",2026-07-14T08:08:56+00:00
2026-07-14,300232,洲明科技,SZSE,L4,L4,watch_only,中性,D-产业链爆发/关键瓶颈型,wait_repair,,仅观察,,weakening,强势,,,4.93,4.93,4.74,2.4948,69496731.0,5.006,5.278,5.558,6.0208,6.816,6.8805,7.1432,124619810.05,-0.0627,-0.1851,-0.2845,0.6353,0.7636,0.7965,0.575,0.8333,1.0,False,False,False,False,False,,False,"https://web.ifzq.gtimg.cn/appstock/app/fqkline/get?param=sz300232,day,2020-01-01,2026-07-14,1000,qfq",2026-07-14T08:08:56+00:00
2026-07-14,002180,奔图科技,SZSE,L4,L4,watch_only,中性,E-落难白马型,wait_repair,,仅观察,,weakening,强势,,,15.22,16.13,14.78,-3.6709,376223180.0,15.942,16.175,15.369,16.578,18.085,18.3649,20.2095,476389402.7,-0.0826,0.0614,-0.1253,0.8058,0.75,0.7548,1.2481,78.3333,0.3259,False,False,False,False,False,,False,"https://web.ifzq.gtimg.cn/appstock/app/fqkline/get?param=sz002180,day,2020-01-01,2026-07-14,1000,qfq",2026-07-14T08:08:56+00:00
2026-07-14,300341,麦克奥迪,SZSE,L4,L4,watch_only,中性,C-GARP成长型,wait_repair,,仅观察,,weakening,强势,,,12.08,12.18,11.81,0.7506,62039256.0,12.344,12.727,13.6115,14.566,15.3761,15.7058,16.327,112061700.85,-0.042,-0.1871,-0.1871,0.6313,0.7991,0.8005,0.9291,33.3333,0.7297,False,False,False,False,False,,False,"https://web.ifzq.gtimg.cn/appstock/app/fqkline/get?param=sz300341,day,2020-01-01,2026-07-14,1000,qfq",2026-07-14T08:08:56+00:00
2026-07-14,000661,长春高新,SZSE,L4,L4,watch_only,中性,E-落难白马型,signal_watch_only,,池外信号：24小时异动响应+事件复核（默认不可买；L2×可接受较高估/L3×中性强信号可核对§6.2.1事件通道）,弱,neutral,强势,8.7.0 放量上涨,,71.6,73.4,68.56,3.1255,978363880.0,68.376,68.574,66.878,75.1566,83.1409,85.7147,95.7614,656720717.85,0.0839,0.0928,-0.1733,1.4028,1.2825,1.0325,1.7064,91.6667,0.6281,True,False,False,False,False,,False,"https://web.ifzq.gtimg.cn/appstock/app/fqkline/get?param=sz000661,day,2020-01-01,2026-07-14,1000,qfq",2026-07-14T08:09:04+00:00
