security_code,security_name,industry,round1_reason,cap_note,prior_tier,prior_strategy,roe,gm,nm,cf_rev,debt,rev_yoy,profit_yoy,report_date
600519,贵州茅台,制造业,全国超高端白酒龙头，品牌/赤水河产区/年份基酒/定价权穿越周期已验证,茅台品牌与产区、陈年基酒储备资金无法复制,L2,A-DCF/现金流复利型,32.53,91.179552,50.527887,0.364386,16.415362,-1.200097,-4.532255,2026-03-31
000858,五粮液,C 制造业,全国浓香高端龙头，明代老窖池+品牌+全国渠道，穿越周期验证,老窖池与高端品牌不可资本复制,L2,A-DCF/现金流复利型,6.89,77.541842,22.989035,0.732972,35.689053,-54.551804,-71.888963,2026-03-31
600809,山西汾酒,制造业,全国清香龙头，杏花村品牌，全国化扩张显示周期韧性,清香龙头品牌与历史不可复制,L2,A-DCF/现金流复利型,33.48,74.852505,31.755704,0.232798,28.742909,7.517886,0.028139,2026-03-31
000568,泸州老窖,C 制造业,国窖1573全国高端 + 400年连续使用老窖池（不可替代）,连续使用老窖池物理与时间不可复制,,,22.66,86.624118,42.205535,0.276834,22.997012,-17.518894,-19.611632,2026-03-31
002304,洋河股份,C 制造业,绵柔品类创建+海量基酒产能；当前渠道困难属落难白马，护城河未损,绵柔品类心智+基酒产能资本难快速复制,,,4.62,71.602173,11.404824,-0.039719,19.971602,-33.471187,-66.942448,2026-03-31
000725,京东方A,C 制造业,全球LCD龙头+OLED#2；韩国不可逆退出LCD的寡头整合+$10B级资本壁垒+OLED前沿，护城河客观难复制,领先世代产线$10B+、规模/良率/客户认证客观难复制；整合不可逆,L3,D-产业链爆发/关键瓶颈型,4.39,15.635243,2.457289,0.238646,52.455073,3.130153,10.026166,2026-03-31
000100,TCL科技,C 制造业,TCL华星LCD#2；同属不可逆寡头整合+巨额资本壁垒，OLED/印刷OLED布局,规模+资本+整合壁垒客观难复制,,,7.98,13.150852,0.116181,0.239166,64.226114,11.668129,188.776123,2026-03-31
000063,中兴通讯,C 制造业,电信设备全球前四（华为/爱立信/诺基亚/中兴/三星），研发/IP/运营商/规模护城河,5G专利/研发规模/运营商关系/算力布局难以资本快速复制,L2,D-产业链爆发/关键瓶颈型,7.58,30.250572,4.156282,0.029267,65.260651,10.384862,-33.318888,2026-03-31
000157,中联重科,C 制造业,工程机械大三龙头之一，全球化+高机领先，地产下行中靠出口/高机验证韧性,规模/品牌/全球渠道/技术，工程机械龙头地位难复制,L4,C-GARP成长型,8.34,28.039008,9.800716,0.093536,55.030587,14.576098,38.010397,2026-03-31
000333,美的集团,C 制造业,全球白电龙头+ToB多元化（KUKA/楼宇），强现金流，护城河明确,品牌/规模/渠道/成本/全球化难复制,L1,A-DCF/现金流复利型,19.7,26.391006,9.753539,0.116871,61.16501,12.080186,14.033632,2026-03-31
000338,潍柴动力,C 制造业,中国重卡发动机第一+全球叉车第一（KION/林德液压），护城河明确,发动机规模/技术/配套+全球叉车，资本难复制,L3,C-GARP成长型,12.08,21.475388,5.901541,0.123729,64.334498,7.473104,-4.146037,2026-03-31
000408,藏格矿业,C 制造业,稀缺盐湖钾肥（察尔汗）+低成本盐湖锂+巨龙铜权益，垄断资源型护城河,察尔汗钾/低成本锂/巨龙铜资源不可复制,L2,F-垄断资源型,24.71,59.239091,107.283453,0.587198,8.347272,10.02683,49.316831,2026-03-31
000423,东阿阿胶,C 制造业,阿胶品类龙头，传承品牌护城河+定价权，2019去库存危机后恢复验证,阿胶品类=东阿阿胶，传承品牌资本难复制,L2,C-GARP成长型,16.66,73.469746,25.948495,0.341649,22.553757,8.832092,11.663027,2026-03-31
000425,徐工机械,C 制造业,工程机械大三龙头之一，全球起重机第一，下行周期出口验证韧性,规模/品牌/全球渠道/技术，工程机械龙头地位难复制,L4,C-GARP成长型,11,22.607968,6.631318,0.140269,64.009931,8.368128,8.959353,2026-03-31
000538,云南白药,C 制造业,国家保密配方（法律保护）+牙膏龙头+传承品牌，护城河明确,保密配方+牙膏龙头+传承品牌不可复制,L2,C-GARP成长型,13.02,29.509496,12.60092,0.111678,26.020729,2.881846,8.507812,2026-03-31
000651,格力电器,C 制造业,空调龙头，品牌/渠道/自有压缩机电机技术，护城河明确,空调龙头品牌/技术/渠道难复制,L3,A-DCF/现金流复利型,20.3,29.807323,16.933555,0.272126,61.726623,-9.955853,-9.885069,2026-03-31
000661,长春高新,C 制造业,金赛生长激素近垄断（~70%份额）+生物药壁垒，franchise明确,生长激素龙头+生物药壁垒难复制（集采属分层）,L4,C-GARP成长型,0.69,82.114496,-0.194777,0.066384,17.323509,-10.266784,-94.000467,2026-03-31
000733,振华科技,C 制造业,军工高可靠电子元器件平台龙头，资质/认证/多年配套壁垒,军工元器件资质与配套难复制,L4,D-产业链爆发/关键瓶颈型,6.74,45.950109,17.819946,0.242272,18.341649,10.263694,5.693013,2026-03-31
000792,盐湖股份,C 制造业,察尔汗盐湖钾肥龙头(~60%国内)+低成本盐湖锂，垄断资源,察尔汗钾/盐湖锂资源不可复制,L2,F-垄断资源型,22.3,57.855135,57.715184,0.655487,17.489351,2.425805,81.756883,2026-03-31
000895,双汇发展,C 制造业,中国肉制品/屠宰第一，双汇品牌+规模+渠道+冷链,双汇品牌+全国屠宰冷链渠道难复制,L2,A-DCF/现金流复利型,24.1,18.051685,8.705384,0.124041,45.323375,-0.427916,2.316312,2026-03-31
000938,紫光股份,C 制造业,新华三(H3C)企业网络(交换/路由China前二)+服务器+ICT龙头,企业网络技术/生态/客户壁垒难复制,L3,C-GARP成长型,12.03,14.590941,2.244054,0.036039,81.84919,22.428937,7.191859,2026-03-31
000951,中国重汽,C 制造业,重卡oligopoly前二+HOWO出口龙头，规模/品牌/技术+下行周期出口韧性,重卡龙头地位+出口/品牌难复制,L4,C-GARP成长型,10.58,7.796713,4.152878,0.009744,65.349167,28.507391,12.579717,2026-03-31
000960,锡业股份,C 制造业,全球锡龙头(全球第一)，锡资源稀缺，垄断资源,全球锡资源稀缺不可复制,L2,F-垄断资源型,9.77,11.374757,4.84708,0.029757,42.898298,3.72126,36.139951,2026-03-31
000998,隆平高科,A 农林牧渔,种业China第一(杂交稻/玉米)+转基因先发，品种库/研发/牌照壁垒,种业研发/品种/转基因牌照难复制（财务弱属分层）,L4,C-GARP成长型,2.88,39.300872,1.281765,0.088693,59.503322,-1.031407,45.628332,2026-03-31
000999,华润三九,C 制造业,999 OTC品牌组合(感冒/胃/皮肤)+中药配方颗粒+华润系,999品牌+配方颗粒牌照难复制,L3,C-GARP成长型,16.07,54.029992,13.182349,0.17445,34.576464,14.433218,1.577019,2026-03-31
002001,新和成,C 制造业,维生素全球寡头(VA/VE)+香精香料/蛋氨酸，工艺/规模/成本壁垒,维生素寡头工艺/规模/环保壁垒难复制,L2,C-GARP成长型,21.87,44.673912,30.569305,0.395366,27.727513,2.969837,15.261928,2026-03-31
002007,华兰生物,C 制造业,血液制品(白蛋白/球蛋白)+疫苗，采浆站牌照严格限批,浆站牌照资源不可复制,L3,C-GARP成长型,8.19,57.529268,21.762546,0.191067,12.260777,4.928326,-13.554275,2026-03-31
002008,大族激光,C 制造业,China第一激光加工设备(消费电子/PCB/显示/动力电池),激光设备技术/客户/规模难复制,L2,D-产业链爆发/关键瓶颈型,7.19,33.280155,7.025032,0.078321,50.518252,26.996091,-29.766565,2026-03-31
002025,航天电器,C 制造业,军工连接器/继电器/微电机龙头，资质/认证/配套壁垒(航天科工系),军工器件资质与配套难复制,L4,D-产业链爆发/关键瓶颈型,2.81,30.597566,4.044893,-0.105454,34.999859,15.820345,-47.320458,2026-03-31
002027,分众传媒,L 商务服务,电梯广告近垄断点位网络(~80%)，规模+点位覆盖难复制(新潮资本挑战失败已证),电梯点位网络资本难复制,L2,E-落难白马/反转型,18.28,70.484028,22.886465,0.565012,27.706804,4.049825,-42.84952,2026-03-31
002032,苏泊尔,C 制造业,炊具China第一品牌+渠道+SEB技术+小家电,炊具品牌/渠道难复制,L4,A-DCF/现金流复利型,35.08,24.866796,9.196977,0.116187,52.904939,1.535695,-6.581775,2026-03-31
002049,紫光国微,C 制造业,特种集成电路/军工FPGA龙头+安全芯片，技术/资质壁垒,军工FPGA/特种IC难复制,L3,D-产业链爆发/关键瓶颈型,11.1,55.558975,23.365149,0.124722,27.40436,11.517704,21.860611,2026-03-31
002050,三花智控,C 制造业,全球制冷元件+EV热管理第一(技术/客户/规模)+机器人执行器option,制冷/热管理全球第一难复制,L3,C-GARP成长型,15.8,28.776993,13.24237,0.164156,35.149284,10.96562,31.096319,2026-03-31
002130,沃尔核材,C 制造业,热缩材料基本盘+AI高速铜连接增量，高速线缆客户认证、材料工艺和产能爬坡形成中高壁垒,高速铜缆认证、材料配方和可靠性验证资金不能短期复制；但需跟踪技术路线风险,L2,D-产业链爆发/关键瓶颈型,19.05,31.653107,14.44448,0.137274,44.764029,22.004211,34.961627,2026-03-31
002138,顺络电子,C 制造业,片式电感/磁性元件平台，材料配方、精密制造、车规和AI服务器客户认证形成可持续niche壁垒,高端电感材料体系、工艺积累和客户认证不能靠资金快速复制,L3,D-产业链爆发/关键瓶颈型,16.06,36.636126,16.911989,0.251879,44.159926,14.386877,22.705893,2026-03-31
002142,宁波银行,J 金融业,优质城商行，区域经济、风控、存款客户基础和中小企业/财富管理能力构成银行业差异化护城河,银行牌照、低成本客户基础、风控体系和区域深耕不可短期复制,L2,G-股东回报型低估/稳健资产,13.11,,41.030166,3.272465,93.148208,8.011286,8.132119,2026-03-31
002153,石基信息,I 信息技术,酒店/餐饮信息系统垂直龙头，客户系统切换成本、行业数据接口和全球酒店客户积累形成软件粘性,垂直行业软件的客户迁移、系统接口和历史部署网络难以靠资金短期复制,L3,C-GARP成长型,-2.39,36.174647,-3.943184,0.114175,17.083079,-5.347004,16.437728,2026-03-31
002156,通富微电,C 制造业,国内先进封测核心厂商，AMD等大客户协同、先进封装产能和客户认证形成半导体产业链壁垒,先进封装设备、工艺良率、客户认证和资本开支周期资金难以快速复制,L3,D-产业链爆发/关键瓶颈型,8.08,14.585728,4.932519,0.249475,63.734781,16.91566,79.859676,2026-03-31
002158,汉钟精机,C 制造业,螺杆压缩机和真空泵niche龙头，半导体真空泵/工业压缩机工艺、可靠性和客户验证有壁垒,高可靠压缩机/真空泵制造经验、客户验证和售后体系不可短期复制,L3,C-GARP成长型,10.98,34.110471,16.052234,0.266001,29.645858,-20.345752,-45.65925,2026-03-31
002179,中航光电,C 制造业,军工及高端连接器龙头，高可靠连接器客户认证、军工体系、平台化产品和长期配套关系形成强壁垒,军工资质、客户认证、高可靠产品谱系和配套关系资金无法快速复制,L3,D-产业链爆发/关键瓶颈型,9.16,29.190677,10.987275,0.073031,38.540049,3.386575,-35.559454,2026-03-31
002180,奔图科技,C 制造业,国产打印机整机+耗材+打印控制芯片生态，政企渠道、耗材闭环和国产替代形成差异化壁垒,整机生态、耗材适配、打印芯片和政企渠道认证难以由新玩家短期搭建,L4,C-GARP成长型,-7.68,29.3665,-4.645866,0.072527,45.709285,-37.478381,-195.864679,2026-03-31
002222,福晶科技,C 制造业,非线性光学晶体和激光晶体niche龙头，晶体生长工艺、客户认证和科研产业化积累形成高壁垒,高质量光学晶体生长、良率、客户认证和产品谱系无法靠资金快速复制,L3,D-产业链爆发/关键瓶颈型,16.45,51.182011,27.285787,0.30317,21.417541,32.209413,27.324913,2026-03-31
002223,鱼跃医疗,C 制造业,家用医疗器械龙头，品牌、渠道、注册体系、售后和多品类平台形成中高壁垒,医疗器械注册、渠道品牌、售后体系和多品类平台不能短期复制,L2,C-GARP成长型,11.42,50.596718,18.656594,0.188927,16.967263,5.144236,-17.937955,2026-03-31
002236,大华股份,C 制造业,全球视频安防/AIoT龙头之一，渠道、算法、硬件供应链和行业解决方案形成较强规模壁垒,全球安防渠道、软硬件平台和行业客户积累难由新进入者短期复制；需折价考虑制裁与强同行竞争,L2,C-GARP成长型,10.42,40.622146,11.856473,0.119345,26.797676,1.749022,32.769575,2026-03-31
002252,上海莱士,C 制造业,血液制品龙头之一，浆站资源、监管牌照、血制品工艺和渠道形成稀缺壁垒,浆站牌照、采浆网络、血制品生产质量体系和渠道不可由资金快速复制,L4,C-GARP成长型,4.9,37.367082,21.455575,-0.044731,14.095017,-10.13002,-28.098362,2026-03-31
002262,恩华药业,C 制造业,中枢神经/麻醉精神药专科龙头，专科药品注册、管制品类渠道和医生用药习惯形成壁垒,麻醉精神类药品准入、专科渠道、研发和临床推广积累难以短期复制,L3,C-GARP成长型,13.88,72.127169,17.845848,0.182432,12.960055,3.74815,-7.540465,2026-03-31
002270,华明装备,C 制造业,有载分接开关全球niche龙头，电力设备可靠性、客户认证和长期运行数据构成高壁垒,变压器分接开关可靠性验证、全球客户认证和长期运维数据资金难以快速复制,L3,D-产业链爆发/关键瓶颈型,22.04,54.489396,29.653392,0.248901,39.091728,4.503984,15.536192,2026-03-31
002273,水晶光电,C 制造业,精密光学薄膜/滤光片/车载与AR光学平台，镀膜工艺、良率和大客户认证形成局部高壁垒,高良率镀膜、光学工艺和头部客户认证不能靠资金短期复制；需跟踪终端周期与客户议价,L2,D-产业链爆发/关键瓶颈型,12.45,31.28695,16.889338,0.194436,20.428962,10.366552,13.843987,2026-03-31
002281,光迅科技,C 制造业,光器件/光模块/光芯片平台，AI光互连中光芯片、器件和客户验证构成产业链壁垒,光芯片、器件平台、高速封装和客户可靠性验证难以由新进入者短期复制,L3,D-产业链爆发/关键瓶颈型,9.88,23.430271,7.811893,0.13647,37.92184,44.200312,43.096734,2026-03-31
002311,海大集团,C 制造业,饲料和养殖服务平台龙头，配方研发、渠道服务网络、规模采购和养殖技术服务形成复合壁垒,全国服务网络、配方/品控体系、客户粘性和规模采购难由新进入者短期复制,L3,C-GARP成长型,17.42,10.333206,3.538146,0.048731,46.418539,12.10039,-4.965919,2026-03-31
002338,奥普光电,C 制造业,光机电精密仪器和军工光电测控平台，长光所背景、精密制造和军工客户认证形成高壁垒,高端光机电设计、军工可靠性验证、科研体系和客户关系资金难以快速复制,L4,C-GARP成长型,5.9,33.702958,15.669594,0.242702,33.717257,7.265131,21.23601,2026-03-31
002352,顺丰控股,G 运输仓储,中国稀缺直营时效物流和综合供应链平台，品牌、服务标准、航空/干支线网络和履约体系构成物流行业差异化壁垒,直营网络、航空资源、仓配干支线协同、品牌心智和服务质量体系需要长期资本开支与组织能力沉淀，资金难以短期复制,L3,C-GARP成长型,11.51,13.317593,3.79098,0.089399,49.034397,8.370221,9.309235,2026-03-31
002371,北方华创,C 制造业,半导体设备国产化核心平台，刻蚀、薄膜沉积、清洗等多品类设备验证和客户覆盖形成系统性高壁垒,半导体设备工艺know-how、可靠性迭代、客户验证和供应链协同周期极长，不是单纯资金投入可快速复制,L1,D-产业链爆发/关键瓶颈型,16.41,40.103743,13.744548,0.054213,51.083222,30.850525,-1.774594,2026-03-31
002384,东山精密,C 制造业,FPC、精密制造、AI PCB和光模块制造平台具备客户认证、良率、交付和资本开支壁垒，受益AI硬件链条,高端FPC/AI PCB/光模块制造需要长期大客户认证、良率爬坡、工艺管理和交付能力，资金进入难以快速替代头部供应商,L2,D-产业链爆发/关键瓶颈型,6.89,14.086502,3.471582,0.132266,63.980673,9.122791,27.672557,2026-03-31
002409,雅克科技,C 制造业,半导体前驱体、电子材料和LNG保温材料处于关键材料环节，客户认证、配方工艺和产业化经验形成壁垒,电子材料/前驱体材料需要长期晶圆厂验证、配方know-how和稳定量产记录，资金难以短期复制客户信任与良率,L3,D-产业链爆发/关键瓶颈型,12.59,30.957484,11.955906,0.119773,42.604857,25.489252,14.770105,2026-03-31
002410,广联达,I 信息技术,造价软件行业标准+高切换成本的垂直软件龙头；当前地产链周期承压(落难白马)，护城河未失,造价软件行业标准与客户工作流锁定难复制,L2,C-GARP成长型,6.8,85.882504,7.271458,0.174179,39.048009,-2.280586,61.771059,2026-03-31
002414,高德红外,C 制造业,红外探测器、热成像产品和高端光电/先进装备系统平台，军工资质、芯片/系统集成和客户认证形成高壁垒,红外芯片、算法、系统集成、军工资质和装备客户验证均需长期积累，资金难以短期复制完整链条,L4,D-产业链爆发/关键瓶颈型,10.27,56.325661,14.856421,0.348253,35.547996,72.499766,253.446554,2026-03-31
002415,海康威视,C 制造业,全球视频安防和AIoT龙头，渠道、算法、硬件供应链、行业解决方案和装机基础构成规模壁垒,全球渠道、海量行业场景、视觉AI算法、硬件平台和售后交付体系需要长期复合投入，资金难以快速复制,L2,C-GARP成长型,17.3,45.877603,16.683627,0.273916,33.924599,0.013267,18.518697,2026-03-31
002422,科伦药业,C 制造业,大输液主业现金流、规模渠道和创新药/ADC管线形成复合医药平台，传统业务与创新商业化均有可研究价值,输液规模渠道、生产体系、管线研发、临床推进和海外授权合作需要多年积累，不易被资金快速复制,L3,C-GARP成长型,7.24,47.845948,10.140007,0.142715,26.461595,-15.126687,-42.030039,2026-03-31
002430,杭氧股份,C 制造业,国内空分设备和工业气体运营龙头，设备工程经验、现场供气客户粘性和长期项目运营相互强化,大型空分设备、工程项目经验、现场制气长约和客户安全可靠性验证需要长期积累，资金难以短期复制综合地位,L4,G-股东回报型低估/稳健资产,9.95,21.003489,7.060152,0.147215,54.300552,9.959172,2.871898,2026-03-31
002438,江苏神通,C 制造业,核电阀门、冶金特种阀门和苛刻工况阀门具备资质、工况经验、客户认证和长期运行数据壁垒,核级和苛刻工况阀门需要资质认证、可靠性记录和客户工况经验，资金不能快速建立同等信任,L3,C-GARP成长型,7.9,35.20925,13.318048,0.197428,40.173852,-0.650646,-3.212366,2026-03-31
002460,赣锋锂业,C 制造业,全球锂资源权益和锂盐加工平台具备资源获取、项目管理、加工工艺和客户认证壁垒，属于锂资源核心观察对象,优质锂资源权益、全球项目开发、锂盐加工经验和客户认证长期积累，难以由资金短期复制完整一体化平台,L2,F-垄断资源型,3.8,15.721716,5.469899,0.127583,54.230576,22.08421,177.771002,2026-03-31
002463,沪电股份,C 制造业,高端PCB与AI高速交换机PCB核心公司，客户认证、阻抗控制、良率管理和产能扩张能力构成AI硬件链条壁垒,高多层高速PCB需要材料体系、工艺窗口、良率、客户认证和批量交付经验，资金难以短期复制头部供应地位,L2,D-产业链爆发/关键瓶颈型,28.57,35.475561,20.156393,0.204377,46.457351,42.001737,47.737015,2026-03-31
002465,海格通信,C 制造业,军工通信、北斗导航和无线通信设备具备军工资质、型号配套、客户验证和长期项目关系,军工资质、型号定型、可靠性验证、北斗通信技术和军工客户关系均需要长期沉淀，资金难以快速复制,L4,D-产业链爆发/关键瓶颈型,-6.53,23.736045,-17.675556,-0.146924,43.760337,-10.806757,-1579.919693,2026-03-31
002466,天齐锂业,C 制造业,拥有优质锂资源权益和锂化工能力，资源禀赋和长期客户关系构成锂资源核心观察对象,顶级锂资源权益、开发经验、锂化工能力和客户关系无法由资金短期复制，但周期波动留待后续分层和估值折价,L2,F-垄断资源型,1.1,39.473337,29.021157,0.286139,28.037464,-20.799305,105.852625,2026-03-31
002475,立讯精密,C 制造业,精密制造和消费电子/AI硬件平台，复杂供应链、快速爬坡、大客户认证和多品类制造能力形成强制造壁垒,大客户认证、复杂制程、供应链组织、快速量产和交付体系需要多年积累，资金不能短期复制同等平台能力,L2,D-产业链爆发/关键瓶颈型,21.1,11.911898,5.467291,0.052131,66.066086,23.642466,24.197241,2026-03-31
002484,江海股份,C 制造业,铝电解电容、薄膜电容和超级电容平台，材料工艺、产品谱系和客户认证形成关键电子元件niche壁垒,高可靠电容器材料、工艺、寿命验证和客户认证需要长期积累，资金难以快速复制稳定批量供货能力,L4,D-产业链爆发/关键瓶颈型,11.15,24.11424,12.413663,0.158178,26.487721,14.063209,3.044298,2026-03-31
002532,天山铝业,C 制造业,低成本一体化电解铝龙头；产能红线让产能指标成稀缺牌照+自备电/一体化低成本，类资源护城河,电解铝产能指标稀缺牌照+一体化低成本曲线，难复制,L3,F-垄断资源型,17,24.401834,16.308047,0.272958,45.404476,5.029393,8.134823,2026-03-31
002594,比亚迪,C 制造业,新能源车、磷酸铁锂电池和三电垂直平台，刀片电池、DM混动、整车制造、供应链和渠道一体化构成顶级复合壁垒,资金难以复制比亚迪的电池、三电、整车、供应链、成本控制、渠道和工程量产体系的一体化优势,L2,D-产业链爆发/关键瓶颈型,15.31,17.744529,4.199282,0.073555,70.744546,3.456752,-18.967701,2026-03-31
002595,豪迈科技,C 制造业,轮胎模具和大型机械零部件全球细分龙头，工艺、客户、装备自制和成本效率构成制造业niche高壁垒,轮胎模具工艺、客户粘性、自制装备、成本效率和全球交付记录需要长期积累，资金难以短期复制,L3,C-GARP成长型,21.8,33.559658,21.617253,0.093309,18.492131,25.70042,18.98685,2026-03-31
002675,东诚药业,C 制造业,核药和放射性药物具备牌照、短半衰期配送、医院准入、核素供应和研发管线壁垒，细分赛道稀缺,放射性药品资质、生产配送网络、医院准入、核素供应和临床管线不能被资金短期复制,L2,C-GARP成长型,4.46,50.966343,5.634334,0.211541,40.764895,-4.456786,6.420859,2026-03-31
002690,美亚光电,C 制造业,色选机品类垄断(全球领先)+口腔CBCT，已验证穿越周期高毛利(~50%)/高ROE/定价权,色选机技术/品牌/渠道品类垄断，已转化为超额回报，难复制,L2,C-GARP成长型,26.05,53.920542,29.877793,0.399736,18.879499,4.158481,10.774336,2026-03-31
002738,中矿资源,C 制造业,具备锂、铯铷等资源和加工布局，小金属差异化资源、矿权和选冶加工构成资源型壁垒,优质矿权、小金属资源、全球项目获取和选冶加工能力不能仅靠资金短期复制，但锂价周期留待后续分层与估值处理,L2,F-垄断资源型,3.77,25.453811,7.018463,0.244724,31.399654,22.024071,-39.543577,2026-03-31
002821,凯莱英,C 制造业,CDMO/CXO公司具备小分子工艺开发、连续反应、客户验证、合规体系和商业化放大能力，属于医药外包高壁垒环节,工艺开发、GMP合规体系、海外客户审计、商业化生产记录和复杂项目管理需要长期积累，资金难以快速复制客户信任,L2,C-GARP成长型,6.58,41.991071,16.890727,0.211027,12.976602,14.910849,19.34978,2026-03-31
002837,英维克,C 制造业,精密温控和液冷公司，数据中心、储能、通信温控客户积累强，AI液冷带来AIDC热管理瓶颈机会,精密温控可靠性、液冷系统设计、客户认证、工程交付和售后体系需要长期积累，资金难以短期复制成熟客户基础,L3,C-GARP成长型,16.58,27.862565,8.943664,0.025919,55.303767,32.229196,15.298399,2026-03-31
002906,华阳集团,C 制造业,智能座舱、HUD和汽车电子有主机厂定点、车规认证、显示光学和系统集成壁垒，差异化清晰,车规认证、主机厂定点、HUD光学、座舱软件集成和量产可靠性需要长期客户验证，资金难以快速复制,L4,C-GARP成长型,11.66,18.356846,6.032158,0.081032,51.109265,28.457977,19.995178,2026-03-31
002916,深南电路,C 制造业,PCB和封装基板龙头，AI算力、高端PCB、封装基板客户认证、良率和产能经验形成高壁垒,高多层PCB、封装基板、客户认证、良率爬坡和资本开支经验需要长期积累，资金难以短期复制头部地位,L2,D-产业链爆发/关键瓶颈型,20.79,28.316343,13.864415,0.162319,43.823148,32.051092,74.467319,2026-03-31
002920,德赛西威,C 制造业,智能座舱和智能驾驶域控龙头，车企定点、域控平台、软件算法和量产交付构成智能汽车电子壁垒,车企定点、车规软件、域控平台、智驾系统集成和量产交付记录需要长期积累，资金难以快速复制客户覆盖,L3,C-GARP成长型,21.67,19.068611,7.595625,0.088575,47.855545,17.883638,22.380918,2026-03-31
002938,鹏鼎控股,C 制造业,全球PCB龙头，HDI、软板、高多层PCB和AI服务器PCB制造能力，客户认证和规模交付形成高端电子制造壁垒,高端PCB良率、材料体系、客户认证、大规模交付和资本开支经验需要长期积累，资金难以短期复制头部地位,L2,D-产业链爆发/关键瓶颈型,11.42,21.499959,9.485539,0.186114,28.862551,11.401767,3.245322,2026-03-31
003031,中瓷电子,C 制造业,电子陶瓷和高端封装材料平台，陶瓷材料、封装基座、工艺一致性、军工/通信客户认证构成高端材料壁垒,电子陶瓷配方、烧结工艺、封装材料一致性、长期可靠性和客户认证难以由资金短期复制,L2,D-产业链爆发/关键瓶颈型,9.04,37.184626,22.210291,0.330676,19.285098,8.668095,4.361656,2026-03-31
300012,华测检测,M 科研服务,国内第三方检测认证龙头之一，多行业实验室网络、资质授权、公信力、客户报告积累和交叉销售形成服务平台护城河,CNAS/CMA/CCC/欧盟NB等资质、实验室网络、公信力和多行业客户报告积累难由资本快速复制,L4,C-GARP成长型,13.96,48.617949,15.404161,0.207122,23.878869,8.821793,10.351511,2026-03-31
300014,亿纬锂能,C 制造业,二线电池平台，储能、圆柱、消费和动力电池多线执行力获2026H1预告与研报预期验证；弱L2/边界准核心但值得持续关注,电池量产工艺、客户认证、全球产能、储能/圆柱产品体系和供应链管理不能短期复制；但低于宁德/BYD,L2,C-GARP成长型,10.5,16.17244,6.998808,0.121883,64.178264,26.44285,1.440735,2026-03-31
300015,爱尔眼科,Q 卫生,眼科专科连锁龙头，全国医院网络、医生培训、品牌、并购整合和标准化运营形成服务型护城河,全国专科医院网络、医生体系、品牌认知、院端管理和并购整合能力需要长期沉淀,L2,C-GARP成长型,14.97,47.113494,15.53832,0.267205,36.202508,6.527749,-8.880523,2026-03-31
300033,同花顺,J 金融业,金融行情、资讯、交易系统和数据终端平台，用户习惯、券商连接、数据服务和交易工作流形成强软件网络效应,用户心智、券商连接、交易工作流、金融数据终端和高频使用习惯需要长期积累,L2,E-落难白马/反转型,38.54,91.544445,53.161554,0.626015,40.049529,44.00004,75.787888,2026-03-31
300034,钢研高纳,C 制造业,航空航天高温合金和先进金属材料平台，配方、冶炼、质量体系、军工/航空客户验证和长周期认证构成高壁垒,高温合金配方、冶炼工艺、航空军工认证和长期供货记录难由资本快速复制,L4,C-GARP成长型,2.37,23.774455,5.424794,0.10108,45.669961,4.910762,-64.831897,2026-03-31
300037,新宙邦,C 制造业,电解液添加剂、有机氟化学品、电容化学品和新型电池材料构成特种化学平台，差异化强于普通电解液产能,特种配方、工艺Know-how、客户认证和多品类精细化学平台需要长期积累,L4,F-垄断资源型,10.74,24.275309,11.402562,0.121244,43.156366,22.842226,16.47926,2026-03-31
300054,鼎龙股份,C 制造业,CMP抛光垫、半导体工艺材料、显示材料和光刻胶相关材料平台，客户认证、配方工艺和国产替代验证形成材料壁垒,半导体材料配方、晶圆厂验证、良率稳定和国产供应记录需要多年积累，资金不能短期复制,L2,D-产业链爆发/关键瓶颈型,12.83,50.850435,21.739099,0.316002,39.165859,9.655439,38.315622,2026-03-31
300059,东方财富,J 金融业,投资者流量、财经数据、基金销售、证券交易和财富管理闭环平台，账户体系和交易工作流形成网络效应,高频用户流量、账户体系、基金销售和券商交易闭环需要长期积累，资金难以快速复制心智与网络,L3,E-落难白马/反转型,14.03,70.297244,75.210292,-2.893959,76.618076,38.463168,25.748628,2026-03-31
300073,当升科技,C 制造业,高镍正极和固态电池材料验证型平台，保留价值来自高端/固态客户验证，不是普通正极材料产能,高端正极材料配方、客户验证、量产一致性和固态材料研发积累难由资本短期复制,L3,F-垄断资源型,4.57,12.73264,6.121589,0.110808,31.144474,36.627205,34.016251,2026-03-31
300124,汇川技术,C 制造业,工业自动化龙头，覆盖控制、驱动、伺服、电机、传感和新能源汽车电控，技术平台、客户认证和渠道服务形成系统性壁垒,工控产品谱系、控制算法、伺服/驱动技术、客户现场验证和渠道服务网络需要长期积累,L3,D-产业链爆发/关键瓶颈型,16.34,28.954552,11.468156,0.148122,47.927766,21.770207,17.839457,2026-03-31
300146,汤臣倍健,C 制造业,国内VDS/膳食营养补充剂上市品牌平台，品牌信任、渠道规模、产品组合和监管合规能力形成消费品护城河,消费者信任、全国渠道、品牌心智和合规产品组合需要长期建设，不能靠短期资本快速复制,L2,A-DCF/现金流复利型,7.18,67.895906,13.032596,0.193712,19.954499,-8.378047,19.808523,2026-03-31
300215,电科院,M 科研服务,高低压电器、变压器、智能电网、防爆、电磁兼容等检测认证平台，国家/行业质检中心和高压大容量试验条件构成稀缺技术基础设施,高压大容量实验条件、标准地位、检测资质、客户认可和长期工程数据难由资本快速复制,L2,C-GARP成长型,0.34,32.744629,1.359952,0.60974,19.148901,-11.384219,-69.281488,2026-03-31
300226,上海钢联,L 商务服务,大宗商品资讯、价格数据、研究和交易服务平台，Mysteel数据口径、客户习惯和行业覆盖构成垂直数据网络壁垒,大宗商品价格数据口径、行业客户工作流、长期数据库和研究网络需要多年积累,L4,E-落难白马/反转型,10.16,1.339793,0.522395,-0.006236,86.699295,-7.443506,31.854539,2026-03-31
300232,洲明科技,C 制造业,全球LED显示平台，产品/渠道/客户案例、Mini/MicroLED迭代和国际项目交付形成显示平台护城河,全球LED显示客户案例、渠道、产品谱系、工程交付和Mini/MicroLED积累难由普通项目商快速复制,L3,D-产业链爆发/关键瓶颈型,1.35,25.908567,0.665918,0.05802,55.606254,4.114222,-36.766102,2026-03-31
300274,阳光电源,C 制造业,全球光伏逆变器和储能系统电力电子平台，逆变器、储能、风电变流、氢能和能量管理能力构成清洁能源核心平台,全球客户认证、逆变器/储能电力电子技术、可靠性记录、渠道和项目交付体系难由新玩家快速复制,L2,C-GARP成长型,31.26,31.831701,15.174021,0.189694,58.061912,14.548975,21.972995,2026-03-31
300296,利亚德,C 制造业,全球高端LED显示平台，MicroLED、控制软件、品牌、工程案例和渠道构成强于普通LED项目商的显示平台护城河,高端LED显示品牌、国际客户案例、MicroLED技术、控制系统和工程交付经验难由普通资本快速复制,L3,D-产业链爆发/关键瓶颈型,3.73,31.41482,4.724404,0.150848,40.572207,-1.202696,134.544964,2026-03-31
300308,中际旭创,C 制造业,AI数据中心高速光模块全球核心龙头，高速光模块产品迭代、客户认证、规模交付和良率构成AI硬件瓶颈环节护城河,高速光模块研发、硅光/高速封装、海外云厂客户认证、规模交付和良率爬坡无法由资本短期复制,L2,D-产业链爆发/关键瓶颈型,43.84,42.035632,30.281835,0.284941,30.17903,60.253456,108.784368,2026-03-31
300316,晶盛机电,C 制造业,光伏和半导体晶体生长/设备平台龙头，硅、蓝宝石、碳化硅和整线方案能力形成高壁垒设备平台,晶体生长设备工艺、客户验证、整线方案经验和设备可靠性记录需要多年积累,L2,C-GARP成长型,5.26,28.880284,7.563284,0.065062,33.722167,-35.382958,-64.747815,2026-03-31
300341,麦克奥迪,C 制造业,中高压/超高压输配电绝缘件和显微成像精密仪器平台，客户认证、工艺稳定性和长期供货经验形成高壁垒,高压绝缘材料工艺、长期运行可靠性、输配电客户认证和精密仪器能力难以靠资本快速复制,L2,C-GARP成长型,9.1,40.470326,10.355573,0.096298,26.443034,12.474559,6.292299,2026-03-31
300346,南大光电,C 制造业,MO源前驱体、电子特气、光刻胶相关材料和半导体材料平台，纯度、配方、晶圆厂验证和国产替代构成高壁垒,高纯材料配方、稳定供应、晶圆厂长期验证和工艺一致性不能由资金短期买出,L2,D-产业链爆发/关键瓶颈型,9.19,39.620544,15.612626,0.283324,35.329722,9.931418,18.000808,2026-03-31
300347,泰格医药,M 科研服务,临床CRO网络龙头，医院/site网络、MRCT经验、数据统计、影像和申办方信任构成临床试验执行护城河,临床试验医院网络、项目经验、数据管理、质量体系和申办方信任需要长期积累,L4,C-GARP成长型,4.29,27.414737,11.782228,0.163635,14.465953,3.478362,119.154471,2026-03-31
300351,永贵电器,C 制造业,轨交连接器基础延伸至新能源车和军工高可靠连接场景，安全关键认证、线路应用历史和客户切换成本构成壁垒,轨交/高可靠连接器认证、线路使用记录、安全责任和客户验证周期难以靠资金快速复制,L4,G-股东回报型低估/稳健资产,2.51,25.027165,3.216887,0.101613,47.448197,10.991131,-50.317527,2026-03-31
300357,我武生物,C 制造业,过敏原免疫治疗细分龙头，粉尘螨滴剂等临床信任、医生使用习惯和准入壁垒形成类单品垄断护城河,过敏原免疫治疗临床证据、医生教育、患者信任和注册准入无法由资本短期复制,L2,C-GARP成长型,15.19,95.238897,34.646809,0.398338,6.4082,14.805571,19.85971,2026-03-31
300360,炬华科技,C 制造业,智能电表、能源IoT和用户侧能源数据平台，电网客户资质、表计规模、需求侧管理数据和服务延伸形成电力数字化护城河,电网计量资质、装机基础、能源数据、客户验证和长期运维服务难以短期复制,L2,D-产业链爆发/关键瓶颈型,13.62,43.10047,34.306107,0.30059,15.298177,-16.848277,-14.723979,2026-03-31
300373,扬杰科技,C 制造业,国内功率分立器件IDM，覆盖芯片设计制造、封测和销售服务，产品线、客户覆盖和制造体系形成工艺规模壁垒,功率器件IDM工艺、可靠性验证、客户认证、封测和产品谱系需要长期积累,L2,D-产业链爆发/关键瓶颈型,13.73,34.272838,17.461942,0.238867,40.702935,18.179222,25.550497,2026-03-31
300394,天孚通信,C 制造业,AI光通信核心无源器件和精密零部件平台，客户认证、精密制造、产品宽度和高利润质量形成难复制niche壁垒,AI光通信客户认证、精密加工、无源器件产品谱系、良率和可靠性记录需要长期积累,L2,D-产业链爆发/关键瓶颈型,41.91,53.9627,39.076258,0.361814,14.522876,58.791413,50.147574,2026-03-31
300408,三环集团,C 制造业,电子陶瓷和先进陶瓷元件平台，陶瓷配方、烧结工艺、客户认证和规模交付能力构成电子材料壁垒,资金可买设备扩产，但陶瓷材料配方、良率、长期可靠性和头部客户验证难以快速复制,L2,D-产业链爆发/关键瓶颈型,12.62,42.137531,29.054463,0.31948,18.271446,22.131052,19.536399,2026-03-31
300413,芒果超媒,I 信息技术,芒果TV与湖南广电内容生态、IP制作和平台分发形成A股稀缺长视频内容平台,单纯资本难以复制湖南广电内容制作体系、长期IP、渠道入口和用户心智,L3,E-落难白马/反转型,5.36,23.092158,8.84713,0.085691,29.399994,-1.890733,-10.056221,2026-03-31
300415,伊之密,C 制造业,注塑、压铸和橡胶注射成型装备平台，产品宽度、海外化和大型/电动装备能力强于普通专机企业,高端成型装备需要长期工艺积累、客户验证、海外服务体系和大型设备交付经验，非单纯资本可快速复制,L3,C-GARP成长型,22.83,31.707632,11.752749,0.073913,60.285538,19.45936,16.575432,2026-03-31
300435,中泰股份,D 水电煤气,深冷换热器、冷箱、塔器、LNG/工业气体工艺包和压力设备具备工程密集型深冷装备能力,深冷设备设计、压力设备资质、工程经验和工业气体/LNG项目验证难以被新进入者快速复制,L2,G-股东回报型低估/稳健资产,14.08,29.697493,16.465982,0.177763,24.945326,1.260105,677.679058,2026-03-31
300450,先导智能,C 制造业,锂电智能装备龙头，工艺集成、自动化软件、客户协同开发和全球电池客户验证形成装备平台壁垒,新进入者难以快速复制整线工艺know-how、头部电池客户共同开发经验和全球交付体系,L2,C-GARP成长型,12.65,33.321636,10.799889,0.343235,66.421815,21.830121,446.582849,2026-03-31
300454,深信服,I 信息技术,网络安全和企业云平台龙头，产品化、渠道、客户信任和研发深度强于项目型安全集成商,安全产品信任、企业客户部署、渠道体系和持续研发积累不是资本短期可复制,L2,C-GARP成长型,4.17,59.306603,4.883635,0.166854,41.75818,6.958585,99.519548,2026-03-31
300470,中密控股,C 制造业,高端机械密封和干气密封需要材料、工艺可靠性和石化/能源客户资格，失效成本高，客户验证构成真实壁垒,关键设备密封失效成本高，长期可靠性记录、材料工艺和客户认证难以靠资金快速复制,L3,C-GARP成长型,13.8,45.579143,21.804331,0.231114,17.102081,12.914946,-1.797836,2026-03-31
300474,景嘉微,C 制造业,国产GPU、高可靠军工计算、模块、雷达和通信相关能力具备战略稀缺性和军工客户验证,战略芯片/军工计算能力、型号验证和工程积累难以由资本短期复制，当前盈利质量留到后续分层折价,L4,D-产业链爆发/关键瓶颈型,-2.36,47.360066,-31.469203,-0.070801,11.680486,54.406859,0.300887,2026-03-31
300476,胜宏科技,C 制造业,高端PCB产能和AI服务器敞口明确，作为区别于深南/沪电的AI高速PCB边界龙头仍具持续跟踪价值,AI服务器PCB的制程、良率、客户认证和快速交付能力需要长期积累，非普通PCB扩产可简单替代,L2,D-产业链爆发/关键瓶颈型,35.56,35.22348,22.35081,0.238574,52.850474,79.773268,273.516296,2026-03-31
300487,蓝晓科技,C 制造业,吸附分离树脂、离子交换、盐湖提锂、生命科学纯化和环保分离构成材料+工艺包平台,树脂化学、分离工艺包、应用know-how和客户切换成本难以靠资本快速复制,L4,F-周期资源/材料型,21.59,51.4574,32.410088,0.281957,33.18026,9.075953,13.956022,2026-03-31
300496,中科创达,I 信息技术,嵌入式操作系统、智能汽车、边缘AI和移动软件平台具备全球一级客户验证和产品工程深度,嵌入式OS/智能终端/智能汽车客户验证、工程库和平台经验难以由普通外包商或资本快速复制,L2,C-GARP成长型,4.48,31.670459,6.336483,0.087386,20.841863,44.448821,10.474997,2026-03-31
300502,新易盛,C 制造业,全球AI高速光模块头部之一，800G/1.6T批量供应海外云厂商，盈利质量行业顶级,高速光模块工艺良率、海外云厂商认证与快速迭代能力构成新资本难以短期复制的壁垒，与已保留的中际旭创同档,L2,D-产业链爆发/关键瓶颈型,72.75,47.805629,38.456372,0.31001,30.202828,187.294322,235.889667,2026-03-31
300529,健帆生物,C 制造业,血液灌流吸附柱品类垄断（国内份额约八成），高毛利高ROE定价权穿越渠道去库存周期验证（规则12）,HA树脂吸附技术、临床共识与医院渠道先发构成品类垄断，新资本难以复制其临床数据与渠道积累,L2,C-GARP成长型,15.91,78.700615,26.4274,0.35849,35.822612,-24.857042,-35.037274,2026-03-31
300573,兴齐眼药,C 制造业,低浓度阿托品国内独家获批加环孢素眼用制剂，审批壁垒与眼科处方渠道构成持久优势,独家获批适应症、临床数据与眼科医院渠道积累难以被新资本短期复制，类比已保留的我武生物独家品种逻辑,L2,C-GARP成长型,38.55,81.156896,28.139797,0.304664,22.092775,27.244402,105.836816,2026-03-31
300604,长川科技,C 制造业,国产半导体测试机分选机龙头，SoC测试机批量突破，ATE软硬件生态壁垒明确,测试机软硬件生态、客户认证与工程迭代积累难以被新资本快速复制，与北方华创/晶盛机电同为国产设备平台保留,L3,D-产业链爆发/关键瓶颈型,33.05,55.054632,25.391862,0.106277,51.03411,45.311117,190.420215,2026-03-31
300627,华测导航,C 制造业,国产高精度GNSS定位龙头，测绘/农机自驾/形变监测多场景第一，全球化扩张且ROE持续20%左右,高精度算法+板卡自研+全球渠道与行业场景积累构成体系壁垒，国内无同量级对手，Trimble难以在性价比与渠道上压制,L3,C-GARP成长型,17.71,60.97571,18.480089,0.188876,30.546188,13.784585,17.48659,2026-03-31
300628,亿联网络,C 制造业,SIP话机全球份额第一，会议产品第二曲线，高毛利高ROE高分红穿越周期（规则12品类垄断）,全球渠道网络、微软生态认证与成本体系多年验证，新资本难以复制其全球运营商与渠道关系,L2,D-产业链爆发/关键瓶颈型,28.38,63.319559,43.105132,0.303718,12.787774,7.326366,-1.784422,2026-03-31
300661,圣邦股份,C 制造业,模拟IC设计国产龙头，五千余料号平台化，信号链电源管理双线布局，车规突破,模拟料号库与工程师经验需长周期积累（TI模式），客户认证粘性强，国产同业无同量级平台,L2,D-产业链爆发/关键瓶颈型,11.24,50.941305,13.708746,0.119629,23.396737,16.464722,9.357652,2026-03-31
300666,江丰电子,C 制造业,超高纯溅射靶材国产龙头，进入台积电等先进制程供应链，半导体零部件平台扩张,超高纯提纯、焊接工艺与晶圆厂多年认证周期构成硬壁垒，国内无同量级对手，全球份额持续提升,L3,D-产业链爆发/关键瓶颈型,10.58,27.171621,8.998504,0.102086,54.398298,27.715623,24.699925,2026-03-31
300685,艾德生物,C 制造业,肿瘤伴随诊断试剂国内第一，三类证审批壁垒与药企共同开发绑定，高毛利持续,注册证组合、临床数据与药企共同开发绑定需多年积累，新资本难以短期复制其审批与临床资源,L2,C-GARP成长型,18.55,82.59095,30.161574,0.304595,12.424799,8.006226,41.744659,2026-03-31
300726,宏达电子,C 制造业,军用钽电容细分龙头，高可靠元器件资质与批次稳定性壁垒，高毛利，与振华科技同类保留,军工资质认证、可靠性数据积累与型号绑定难以被新资本短期复制,L3,D-产业链爆发/关键瓶颈型,7.99,58.40593,25.707586,0.209128,10.589453,18.994543,43.666852,2026-03-31
300750,宁德时代,C 制造业,全球动力电池绝对龙头，技术成本规模客户全面领先，麒麟神行钠电代际优势持续,大量新资本进入均未撼动其份额与盈利差距，垂直整合与研发体系构成复合壁垒（规则6不可逆结构性地位）,L1,D-产业链爆发/关键瓶颈型,24.91,26.272848,18.122723,0.314419,61.939286,17.040647,42.283446,2026-03-31
300759,康龙化成,M 科研服务,全流程CXO全球前五，实验室服务加CDMO平台，工程师与合规产能体系规模化,全流程服务平台、全球客户漏斗与合规产能需长周期构建，与已保留的泰格凯莱英同类,L3,C-GARP成长型,11.6,34.832232,11.033541,0.228523,41.910898,14.820277,-7.218439,2026-03-31
300760,迈瑞医疗,C 制造业,国产医疗器械绝对龙头，监护超声IVD全球前列，研发渠道平台全球化，高ROE持续,多产品线研发平台、全球注册准入与渠道服务网络构成体系壁垒，国内无同量级对手,L2,C-GARP成长型,21.58,60.315561,25.393399,0.304817,27.427593,-9.376501,-30.275662,2026-03-31
300776,帝尔激光,C 制造业,光伏激光设备细分垄断（份额约八成），穿越PERC到TOPCon代际保持垄断与高盈利（规则12）,激光工艺know-how与专利组合在两轮技术代际中未被有效挑战，海目星等进入未撼动其份额与毛利,L2,D-产业链爆发/关键瓶颈型,14.09,46.570487,25.53846,0.05723,41.104551,0.930921,-1.58981,2026-03-31
300866,安克创新,C 制造业,消费电子品牌出海龙头，第三方充电全球第一，多品类品牌孵化平台验证，ROE持续20%左右,全球品牌认知、渠道矩阵与品类复制体系多年验证，绿联倍思等资本进入未撼动其溢价与规模差距,L2,D-产业链爆发/关键瓶颈型,26.1,45.065367,8.576913,0.015757,46.620185,23.489697,20.369672,2026-03-31
300896,爱美客,C 制造业,注射类医美龙头，三类证审批壁垒加嗨体独家适应症，超高毛利与ROE多年验证（规则12）,三类医疗器械注册周期五年以上，独家适应症与医美机构渠道先发难以被新资本快速复制；行业景气下行留分层与估值处理,L3,C-GARP成长型,17.01,92.698062,53.06635,0.539926,8.345571,-18.939659,-34.05089,2026-03-31
300910,瑞丰新材,C 制造业,润滑油添加剂国产龙头，全球四大之外唯一新进入者，单剂到复合剂升级成功，全球第四极成形,复配配方积累与OEM/API认证周期长达数年，全球寡头格局下认证壁垒已被其穿越并验证,L4,A-DCF/现金流复利型,20.99,34.601488,21.139045,0.212864,24.473356,11.112355,1.924755,2026-03-31
301269,华大九天,I 信息技术,国产EDA龙头，模拟全流程唯一国产工具链，晶圆厂PDK生态绑定，战略稀缺卡位,EDA工具链需数十年积累与工艺库生态绑定，国产同业无全流程能力，新资本难以速成，类比景嘉微稀缺卡位,L3,C-GARP成长型,1.19,89.252597,4.601503,0.423142,16.843178,8.395447,-44.296493,2026-03-31
301498,乖宝宠物,C 制造业,国产宠物食品品牌第一（麦富迪加弗列加特高端线），品牌心智与线上渠道运营验证，高增长,宠粮复购粘性与品牌心智构成消费壁垒，中宠佩蒂偏代工，国际品牌份额被其持续侵蚀，资本进入未能复制其品牌位置,L2,A-DCF/现金流复利型,15.29,42.489665,9.95551,0.124448,20.454124,29.056365,7.75107,2026-03-31
301589,诺瓦星云,C 制造业,LED显示控制系统绝对龙头（份额过半），视频处理与云播控平台化，高ROE高增长（规则12）,显控软硬件生态与显示厂深度绑定形成事实标准，卡莱特等次位竞争者份额差距断档,L2,C-GARP成长型,15.64,57.619296,16.701554,0.192341,34.432742,7.035182,-0.886929,2026-03-31
600031,三一重工,制造业,挖掘机绝对龙头全球前三，电动化智能化国际化领先，行业出清后结构性地位强化（规则6）,工程机械品牌渠道服务网络与规模壁垒客观巨大，与已保留的中联徐工潍柴重汽同档,L3,C-GARP成长型,11.18,27.536085,9.511994,0.22386,48.394783,14.436895,41.17979,2026-03-31
600036,招商银行,金融业,零售银行龙头，低成本存款与财富管理AUM第一梯队，ROE15%左右持续显著高于同业（规则11）,零售客群与低成本负债franchise三十年沉淀，同业多轮零售转型未能复制其负债成本与中收结构,L1,G-股东回报型低估/稳健资产,13.44,,44.773829,1.337524,90.200094,0.013038,1.206273,2026-03-31
600066,宇通客车,制造业,全球客车龙头份额第一，出海加高端化重塑盈利，ROE20%以上高分红，穿越行业萎缩验证,客车品牌、全球服务网络与定制制造体系构成壁垒，行业出清后一超格局，竞争者盈利差距断档,L3,C-GARP成长型,38.03,24.141092,13.578798,0.077166,51.972759,11.308061,34.942167,2026-03-31
600085,同仁堂,制造业,中药第一品牌梯队，安宫牛黄丸持续提价验证定价权，传承品牌加稀缺原料（规则3）,三百余年品牌心智与道地药材资源不可复制，新资本无法再造老字号信任资产,L4,C-GARP成长型,8.86,42.874214,9.464317,0.156052,30.183964,-7.21125,-22.073387,2026-03-31
600111,北方稀土,制造业,轻稀土开采冶炼配额垄断（全国约七成）加白云鄂博伴生矿全球最低成本加冶炼一体化（规则12）,配额为类资源牌照，资源禀赋与成本曲线位置新资本无法复制；价格周期性留分层与估值处理,L2,F-垄断资源型,9.56,12.207267,6.716631,0.026193,35.885056,29.110831,124.168456,2026-03-31
600132,重庆啤酒,制造业,嘉士伯中国平台，乌苏1664品牌矩阵加区域垄断市场，高端化定价权与超高ROE穿越周期验证,啤酒品牌渠道与区域强势市场（新疆宁夏重庆）构成寡头壁垒，全国性啤酒品牌格局已定，新资本无法再造,L2,A-DCF/现金流复利型,81.68,50.875498,16.83351,0.178251,73.243435,0.527657,10.434664,2026-03-31
600150,中国船舶,制造业,吸收合并中国重工后全球造船总装第一，行业十年出清产能不可逆整合，军民船坞岸线稀缺（规则6）,船坞岸线不可再批加全球产能出清加军船垄断，资本无法快速重建造船产能与交付体系；周期性留分层处理,L4,C-GARP成长型,7.36,12.580379,6.917371,0.051105,64.424757,13.968532,85.99965,2026-03-31
600161,天坛生物,制造业,血液制品央企龙头，浆站数量与采浆量第一，浆站牌照审批近乎冻结构成资源垄断（规则12类）,浆站牌照与拿站能力为行政性稀缺资源，与已保留的华兰生物上海莱士同类且资源更强,L3,C-GARP成长型,9.51,43.851957,24.154887,0.05492,7.63896,2.257525,-29.585415,2026-03-31
600183,生益科技,制造业,覆铜板全球第二，高速板材技术突破进入AI服务器供应链，数十年双寡头地位稳固,CCL配方工艺积累加客户认证加规模构成壁垒，高速料领域成功打破松下斗山垄断，全球格局不可逆,L2,D-产业链爆发/关键瓶颈型,21.25,26.472702,13.688765,0.185488,42.293721,39.448097,91.753197,2026-03-31
600276,恒瑞医药,制造业,创新药平台第一，管线宽度临床能力销售网络断档领先，license-out密集落地验证国际化,研发平台加临床资源加销售体系三十年积累，国内药企无同量级平台，新资本难以速成,L2,C-GARP成长型,14.26,86.206967,24.398181,0.355219,11.55117,13.024343,21.692132,2026-03-31
600285,羚锐制药,制造业,骨科贴膏品类第一（橡胶膏剂份额约三成），品牌加基药渠道下沉，ROE20%以上高分红穿越周期（规则12）,两只老虎品牌心智与贴膏品类规模效应多年验证，竞争者未能撼动其份额与盈利质量,L3,C-GARP成长型,23.9,80.029223,19.786412,0.143739,39.030965,10.070746,5.114148,2026-03-31
600298,安琪酵母,制造业,酵母全球第二国内份额过半，菌种库加发酵工艺加全球产能，寡头格局穿越周期,菌种资产与发酵工程能力数十年积累，全球仅三家规模玩家，新资本无法速成,L2,A-DCF/现金流复利型,13.51,24.706401,9.49802,0.148125,49.337279,10.080531,16.59709,2026-03-31
600406,国电南瑞,信息传输、软件和信息技术服务业,电网二次设备继保调度系统绝对垄断，ROE15%左右持续二十年证明回报未被买方压制,调度继保软硬件体系与电网深度绑定形成事实标准，电网安全责任壁垒使新资本无法进入,L2,D-产业链爆发/关键瓶颈型,16.26,25.837094,13.374922,0.192796,42.73057,14.525179,8.787323,2026-03-31
600436,片仔癀,制造业,国家绝密配方加天然麝香配额加品牌三重垄断，提价权穿越周期验证（规则3/12）,绝密配方与麝香原料配额为行政性独占，品牌心智数百年沉淀，资本完全无法复制,L2,C-GARP成长型,14.84,36.426594,23.810514,0.008557,14.077183,-16.559825,-27.489713,2026-03-31
600563,法拉电子,制造业,薄膜电容全球龙头，新能源车光伏储能驱动，高毛利ROE20%以上穿越周期，品类垄断（规则12）,薄膜电容材料工艺与客户认证数十年积累，资金充足新进入者难以复制其成本良率与客户绑定,L2,D-产业链爆发/关键瓶颈型,21.49,32.119621,22.39219,0.238906,30.909158,11.635242,14.721402,2026-03-31
600570,恒生电子,信息传输、软件和信息技术服务业,证券基金资管核心系统事实标准，份额垄断且切换成本极高，金融IT平台垄断（规则12）,核心交易系统三十年积累与全客户覆盖，替换风险极高，新进入者即便资金充足也难以撼动存量系统绑定,L2,C-GARP成长型,13.33,71.064312,22.240095,0.184466,32.474296,-12.127902,18.012566,2026-03-31
600584,长电科技,制造业,封测国内第一全球前三，先进封装规模与全球客户绑定，行业资本整合不可逆（规则6）,封测规模资本壁垒巨大且整合已完成，星科金朋并购后客户结构全球化，新进入者难以复制规模良率与客户认证,L3,D-产业链爆发/关键瓶颈型,5.56,14.147397,4.039319,0.119682,43.642456,8.091025,-2.754601,2026-03-31
600600,青岛啤酒,制造业,啤酒寡头百年品牌，山东基地市场垄断，高端化提价穿越周期验证（规则3）,啤酒行业CR5超九成整合完成，品牌渠道产能网络资本无法快速复制，提价权已验证,L3,A-DCF/现金流复利型,15.5,41.844416,14.526976,0.141423,39.552585,1.04445,5.595355,2026-03-31
600660,福耀玻璃,制造业,汽车玻璃全球第一份额约三成，成本规模客户认证全面领先，竞争对手持续退出（规则12）,全球汽玻对手数十年未能撼动其成本与响应优势，ROE20%以上穿越周期，资本复制测试被反复证伪,L3,C-GARP成长型,25.56,37.270012,20.347933,0.263284,46.401801,16.650961,24.19757,2026-03-31
600690,海尔智家,制造业,白电全球化品牌，冰洗全球第一，卡萨帝高端溢价验证，品牌与全球渠道网络（规则3）,全球家电品牌与渠道网络数十年沉淀，高端化已验证，新资本无法快速复制品牌矩阵与海外本土化制造,L4,A-DCF/现金流复利型,16.98,26.660786,6.668863,0.086004,57.410716,5.710005,4.387112,2026-03-31
600750,华润江中,制造业,健胃消食片品类垄断、品牌即品类，OTC心智数十年，华润渠道赋能，ROE15%以上净现金（规则3/12）,品类心智垄断，资本无法买到健胃消食片等于江中的消费者认知，同类复制尝试均未撼动,L3,C-GARP成长型,22.75,65.368407,23.404443,0.23009,31.649534,-4.868666,15.033561,2026-03-31
600862,中航高科,制造业,航空复材预浸料军机独供近垄断，资质认证锁定高毛利，军机放量与国产大飞机受益,军机复材预浸料资质与工艺数据积累不可速成，新进入者需十年级认证周期，替代客观极难,L3,D-产业链爆发/关键瓶颈型,13.94,37.599005,20.630542,0.238672,19.814096,-1.268885,-10.571857,2026-03-31
600885,宏发股份,制造业,继电器全球第一，高压直流继电器新能源份额全球领先，高毛利ROE穿越周期（规则12）,继电器全球份额与车规认证绑定，产品线深度与成本优势数十年积累，资本难以复制,L4,D-产业链爆发/关键瓶颈型,17.23,34.319686,13.597014,0.172572,31.474067,21.981796,7.75659,2026-03-31
600887,伊利股份,制造业,乳业双寡头，品牌渠道冷链全国网络，常温奶垄断级份额，ROE20%左右穿越周期（规则3）,全国分销与奶源冷链体系加品牌心智三十年沉淀，新资本无法快速复制，双寡头格局稳固,L2,A-DCF/现金流复利型,20.87,34.576004,9.95701,0.124043,61.508976,0.130896,36.819568,2026-03-31
600900,长江电力,电力、热力、燃气及水生产和供应业,长江干流六座梯级电站全球唯一不可复制，联调优化加成本曲线最低，ROE15%以上穿越水文周期、显著高于水电同业（规则11/12特例）,长江干流水电开发权具排他性，梯级联调与库容为物理性独占资产，资本无法复制第二条长江；区别于华能水电桂冠的回报中枢,L2,G-股东回报型低估/稳健资产,15.9,61.668488,40.524681,0.702244,58.26946,2.071288,6.174993,2026-03-31
600938,中国海油,采矿业,海域油气专营积累储量，桶油成本全球低位，中枢油价下ROE15%以上高分红穿越周期（规则12资源三要素）,海上油气区块专营权与数十年勘探开发资产不可复制，成本曲线低位叠加储量规模,L4,F-垄断资源型,15.64,51.468786,30.673497,0.524941,26.705439,-5.299805,-11.493736,2026-03-31
600989,宝丰能源,制造业,煤制烯烃成本曲线最低，能耗碳排指标约束类产能红线，煤焦烯烃一体化，下行周期ROE仍15%以上（规则12）,能评碳评新批极难形成指标稀缺，区位煤价加一体化成本优势结构性，新资本难以获得同等指标与成本位,L4,F-周期资源/材料型,24.84,35.915922,23.627944,0.350789,46.324366,45.643979,79.092383,2026-03-31
600993,马应龙,制造业,痔疮药品类垄断、品牌即品类四百年心智，份额过半提价权真实（规则3/12）,品类等于品牌的消费者心智不可购买，多方资本进入痔疮用药均无法撼动,L3,C-GARP成长型,13.77,49.185625,15.665169,0.155289,16.950786,3.717374,10.111557,2026-03-31
601088,中国神华,采矿业,煤炭产能指标约束加自有铁路港口一体化，成本曲线低位，周期底部仍盈利、ROE中枢15%（规则12）,朔黄铁路等运输资产与露天矿资源不可复制，新增煤炭产能审批冻结形成指标稀缺,L4,F-垄断资源型,12.76,35.078124,21.288435,0.25451,23.306641,-13.205881,-5.297016,2026-03-31
601100,恒立液压,制造业,挖机油缸泵阀国产垄断打破外资，挖机腰斩周期中ROE仍15%以上，高压液压件工艺与认证壁垒,高压液压件材料工艺可靠性数据十年级积累，模仿者未能复制，客户切换成本高，穿越下行周期已验证,L3,C-GARP成长型,16.63,41.577919,25.040672,0.165519,19.994359,16.521736,8.98528,2026-03-31
601899,紫金矿业,采矿业,铜金全球储量前十，成本中低位，全球并购整合能力已验证，ROE20%左右穿越周期（规则12资源三要素）,全球矿产储量组合与并购运营能力二十年积累，资源禀赋排他，新资本无法在当前价格获得同等储量成本位,L1,F-垄断资源型,33.04,27.72731,18.283017,0.216081,51.558588,14.964804,61.548688,2026-03-31
601965,中国汽研,科学研究和技术服务业,汽车强制检测认证牌照寡头，政策准入壁垒，检测网络与公信力不可速成,强检资质与国家级实验室准入为行政稀缺资源，新资本无法快速取得认证授权与公信力,L3,C-GARP成长型,14.31,45.87973,22.752639,0.247087,31.335714,4.958022,17.579553,2026-03-31
603019,中科曙光,制造业,海光信息换股吸收合并整合中，合并后为国产CPU/DCU稀缺双寡头算力平台，x86授权与生态壁垒极高,海光x86指令集授权具历史窗口不可再得，DCU兼容生态与国产算力认证壁垒极高，新资本无法复制授权与生态,L2,C-GARP成长型,10.25,30.583473,14.419401,0.08777,43.671265,13.812007,13.873338,2026-03-31
603031,安孚科技,制造业,南孚电池碱电份额约85%，品牌渠道双垄断，提价权与高回报穿越周期（规则12），注意多层持股结构,南孚品牌心智与商超渠道垄断数十年，金霸王双鹿等中外资本均无法撼动，资本复制已被证伪,L3,D-产业链爆发/关键瓶颈型,10.18,49.434196,18.527111,0.22091,53.265958,2.938658,34.375405,2026-03-31
603129,春风动力,制造业,全球动力运动品牌出海，ATV北美前三、大排量摩托国产第一，品牌经销网络沉淀，ROE20%以上,北美欧洲经销商网络与品牌口碑十五年积累，同行未能复制其海外品牌溢价与渠道密度,L3,C-GARP成长型,24.49,26.937081,8.780227,0.200869,59.848684,31.304011,13.834438,2026-03-31
603156,养元饮品,制造业,核桃乳品类垄断份额约八成，伊利蒙牛复制均失败，高毛利高ROE高分红穿越周期（规则12；行业增长走弱不作第一轮排除，规则2）,六个核桃品牌与三四线礼赠渠道心智垄断，巨头多次进入均退出，资本复制已被证伪,L3,A-DCF/现金流复利型,13.29,42.825648,23.609992,0.366147,31.646715,-11.911824,-26.837524,2026-03-31
603195,公牛集团,制造业,转换器墙开双品类垄断份额过半，百万终端渠道网络，ROE25%以上定价权穿越周期，小米得力进攻未撼动（规则12）,五金渠道百万网点与安全心智双垄断，强资本进入十年未能撼动其份额与毛利，复制已被证伪,L3,C-GARP成长型,24.91,43.136098,25.435059,0.295994,25.481516,-4.778388,-4.718215,2026-03-31
603259,药明康德,科学研究和技术服务业,CXO全球平台规模第一，CRDMO一体化漏斗与TIDES产能垄断级，地缘风险为外生变量,全球多肽寡核苷酸产能与一体化服务网络资本投入巨大且客户粘性强，新进入者需十年级建设与信任积累,L2,C-GARP成长型,28.56,47.63871,42.531229,0.378456,22.180993,15.837176,102.645052,2026-03-31
603279,景津装备,制造业,压滤机全球垄断份额约四成、规模十倍于第二，配件耗材粘性，ROE15%以上穿越周期（规则12）,成本规模与服务网络加耗材绑定，行业多年无有效挑战者，资本复制已被证伪,L4,C-GARP成长型,11.86,22.167755,8.947982,0.188615,47.825137,-5.086942,-38.629577,2026-03-31
603288,海天味业,制造业,调味品绝对龙头，品牌渠道深度分销成本规模全面领先，提价权与舆情后份额韧性已验证（规则3）,百万终端渠道网络与品牌心智数十年沉淀，中炬千禾等追赶多年份额差距未缩小,L2,A-DCF/现金流复利型,19.59,40.222872,24.401204,0.268273,19.822702,7.317999,10.953336,2026-03-31
603501,豪威集团,制造业,CIS全球三寡头，车载CIS份额第一，像素设计IP与车规生态壁垒，平台化扩张模拟触显,像素设计IP与车规认证生态二十年积累，索尼三星之外唯一平台级玩家，新资本难以复制专利与客户验证,L3,D-产业链爆发/关键瓶颈型,15.39,30.63487,13.972327,0.142767,35.427682,12.141814,21.730997,2026-03-31
603505,金石资源,采矿业,萤石战略矿产采矿证稀缺、储量产量第一，规模化开采成本优势，伴生资源打开天花板（规则12资源三要素）,萤石采矿权新批极难，储量与选矿规模国内独档，资本有钱买不到同等资源包,L3,F-垄断资源型,18.78,17.835088,9.318552,0.034578,67.968888,41.24679,26.742402,2026-03-31
603556,海兴电力,制造业,海外AMI智能电表新兴市场渠道与本地化制造二十年深耕，配用电解决方案粘性，ROE15%以上净现金,新兴市场电力公司客户关系与本地化工厂网络长周期沉淀，招标资质与交付记录难以速成,L4,C-GARP成长型,10.08,38.334084,15.21248,0.110787,25.535216,1.094896,-27.238656,2026-03-31
603806,福斯特,制造业,光伏胶膜份额约五成、规模十倍于二线，行业至暗期仍独家盈利，成本与粒子采购规模构成定价权，穿越多轮周期ROE15%以上（规则12）,海优鹿山等多年进攻未撼动份额反而亏损，胶膜环节资本复制已被证伪，为光伏链唯一格局固化环节,L3,C-GARP成长型,4.72,10.956847,4.80219,0.094408,19.519748,-19.097196,-41.136426,2026-03-31
603993,洛阳钼业,采矿业,刚果金铜钴全球级储量（钴全球第一铜前十），TFM/KFM成本低位，规模与贸易协同，ROE中枢15%以上（规则12资源三要素）,世界级铜钴资源包不可再得，收购整合运营能力已验证，新资本无法在当前价格获得同等储量与成本位,L2,F-垄断资源型,26.61,23.927519,11.62521,0.100845,50.338151,-2.97848,50.300755,2026-03-31
605305,中际联合,制造业,风电高空作业设备全球细分垄断（国内份额约六成、全球扩张），毛利40%以上，ROE中枢15%以上穿越风电周期（规则12）,塔筒升降与安全防护细分全球无有效挑战者，认证与存量服务网络绑定，规则12豁免不因品类小而降级,L3,C-GARP成长型,19.11,47.27447,28.21656,0.144124,22.329549,44.64236,68.46511,2026-03-31
605499,东鹏饮料,制造业,能量饮料销量第一（份额约四成），品牌心智接管红牛加百万终端冰柜网络，ROE30%以上现金流强，第二曲线放量（规则3/12）,乐虎体质能量等多年进攻未撼动，品类心智与深度分销网络资本难以复制,L2,A-DCF/现金流复利型,51.61,44.905034,21.144722,0.295768,64.732267,31.797894,32.721658,2026-03-31
688002,睿创微纳,制造业,非制冷红外焦平面芯片全球寡头（全球仅FLIR/Lynred与国内两家量产），军贸与民品双轮，自研芯片全链条,红外MEMS芯片设计与工艺积累十年级，全球玩家屈指可数，资本难以速成,L3,D-产业链爆发/关键瓶颈型,18.68,52.513483,15.718675,0.294349,36.863833,46.074808,97.663119,2026-03-31
688008,澜起科技,制造业,内存接口芯片全球双寡头（与Rambus），DDR5世代份额领先，JEDEC标准制定者，AI服务器内存互连扩品类（规则12）,接口芯片标准生态与服务器客户验证壁垒极高，全球二十年仅存两三家，资本无法复制标准话语权,L3,D-产业链爆发/关键瓶颈型,18.25,62.22798,39.030651,0.370583,6.37898,49.943669,58.351278,2026-03-31
688012,中微公司,制造业,刻蚀设备国产双雄之一（CCP/ICP全覆盖），5nm逻辑与3D NAND验证，国产替代核心卡位，专利与客户验证壁垒极高,刻蚀设备研发与产线验证周期十年级，全球仅LAM/TEL/AMAT与国产两家梯队，资本无法速成,L1,D-产业链爆发/关键瓶颈型,9.97,39.16545,16.667563,0.185339,23.846324,36.617901,30.68668,2026-03-31
688019,安集科技,制造业,CMP抛光液国产垄断（国产份额领先），毛利55%以上ROE15%以上，先进制程配套国产替代深化（规则12）,抛光液配方与客户产线绑定验证壁垒高，国产唯二格局稳定,L2,D-产业链爆发/关键瓶颈型,25.18,56.723679,31.293136,0.175613,29.919711,36.468514,46.848623,2026-03-31
688041,海光信息,制造业,国产x86 CPU与DCU双稀缺，授权具历史窗口不可再得，信创与AI算力核心，吸收合并中科曙光后为算力平台存续主体,x86生态授权与DCU兼容生态壁垒极高，国产算力认证深厚，新资本无法复制授权与生态（同批次33曙光判定）,L2,D-产业链爆发/关键瓶颈型,11.87,57.828432,25.172773,0.145855,27.133184,56.916143,31.791994,2026-03-31
688072,拓荆科技,制造业,薄膜沉积设备（PECVD/ALD）国产第一近独家，先进制程与三维集成扩品类，客户验证深厚,薄膜工艺设备与产线验证壁垒十年级，国产格局近独家，资本无法速成,L4,D-产业链爆发/关键瓶颈型,15.77,34.952259,14.034254,0.557318,64.106004,58.868483,34.665059,2026-03-31
688082,盛美上海,制造业,清洗设备国产第一（SAPS/TEBO专利差异化），向电镀炉管平台化扩张，ROE15%以上增长强,清洗工艺专利与客户产线验证绑定，国产替代核心卡位，平台化复制难度高,L3,D-产业链爆发/关键瓶颈型,14.82,48.317988,20.563027,0.035196,28.706427,20.79893,21.049591,2026-03-31
688100,威胜信息,制造业,电网边缘通信（HPLC/物联）份额第一，ROE18%以上穿越招标周期，海外与AIDC配电扩张,招标市场连续第一且回报持续，客户认证与方案粘性积累，同炬华海兴先例,L2,C-GARP成长型,19.71,40.166349,22.375887,0.173308,37.794202,8.483044,5.64429,2026-03-31
688111,金山办公,信息传输、软件和信息技术服务业,WPS国产办公事实垄断（信创标配加个人订阅月活数亿），订阅模式已验证，AI办公入口卡位,Office之外全球罕见的办公套件生态位，国内文档格式与信创绑定，资本无法复制三十年生态与装机,L2,C-GARP成长型,15.2,85.947624,30.729431,0.421928,29.20474,15.776827,11.633973,2026-03-31
688114,华大智造,制造业,基因测序仪全球双寡头唯一国产（与Illumina），全流程自研，专利战胜诉，技术壁垒客观极高（规则6类比）,测序仪全球仅两家全流程量产，光学流体化学生信一体化壁垒十年级，资本无法速成；盈利问题留分层阶段,L4,C-GARP成长型,-2.86,52.915355,-7.982193,0.078782,27.004617,-7.731602,63.027497,2026-03-31
688120,华海清科,制造业,CMP设备国产独家量产（12寸全覆盖），减薄划切平台化扩张，客户验证深厚,CMP设备国产唯一量产供应商，工艺与耗材服务绑定，资本无法速成,L1,D-产业链爆发/关键瓶颈型,15.52,41.813687,23.308412,0.17207,43.232529,36.462588,5.893725,2026-03-31
688123,聚辰股份,制造业,EEPROM全球第一梯队（手机摄像头细分垄断级）加DDR5 SPD近双寡头（与澜起生态协同），毛利50%以上ROE回升（规则12）,利基存储细分客户认证与可靠性数据壁垒高，国际大厂退出中低端，格局稳定,L2,D-产业链爆发/关键瓶颈型,15.11,57.289897,29.136441,0.326785,6.388522,18.769851,25.254633,2026-03-31
688188,柏楚电子,信息传输、软件和信息技术服务业,激光切割控制系统国产垄断（中低功率份额约九成），毛利80%以上ROE20%以上净现金，工艺积累粘性极强（规则12）,控制系统与工艺数据库积累二十年，设备厂切换成本高，维宏等多年未能撼动,L2,C-GARP成长型,19.26,77.65846,51.494346,0.502963,7.445429,26.516229,26.037695,2026-03-31
688200,华峰测控,制造业,模拟与功率测试机国产垄断（国产份额约八成），毛利70%以上，客户生态绑定（规则12）,测试机软硬件生态与客户程序库积累，切换成本高，国产垄断位稳固,L2,D-产业链爆发/关键瓶颈型,14.08,73.793999,39.816685,0.225935,9.16204,48.717898,60.548738,2026-03-31
688208,道通科技,制造业,汽车智能诊断全球双雄，北美渠道与维修数据库订阅粘性，ROE15%以上，数字能源第二曲线,诊断数据库与车型覆盖三十年级积累，订阅生态绑定技师工作流，Snap-on等未能阻挡其份额提升,L2,C-GARP成长型,25.96,56.066564,18.425972,0.123242,49.165679,22.900221,46.0194,2026-03-31
688235,百济神州,制造业,全球化创新药平台，泽布替尼全球销售超二十亿美元验证商业化能力，万人级全球临床团队,全球多中心临床与商业化体系资本难以速成，中国唯一被全球市场验证的biotech平台,L3,C-GARP成长型,5.33,87.613729,3.821347,0.358746,46.53308,40.461021,129.341619,2026-03-31
688256,寒武纪,信息传输、软件和信息技术服务业,国产AI训练芯片稀缺量产卡位，大客户批量验证后收入爆发盈利转正，禁令下供给端稀缺（规则6类比）,AI芯片设计与软件栈十年积累，量产与客户验证门槛已跨越，新进入者需数年追赶；昇腾竞争留分层评估,L2,D-产业链爆发/关键瓶颈型,26.96,55.151682,31.682703,-0.07671,11.865562,453.205046,555.240315,2026-03-31
688271,联影医疗,制造业,高端医学影像国产唯一全线平台（MR/CT/PET，5T全球首创），部件自研，全球化装机扩张,整机加核心部件全自研体系十五年积累，GPS三巨头之外全球唯一新进入者并已盈利,L3,C-GARP成长型,9,47.011238,13.362419,0.194128,34.233164,33.981668,48.137417,2026-03-31
688278,特宝生物,制造业,长效干扰素国内独家（罗氏退出后无竞品），乙肝临床治愈扩容，ROE25%以上高增长（规则12独家品种）,生物制品独家批文加临床认知积累，短期无法复制，同类申报空白,L2,C-GARP成长型,34.83,92.9648,27.904676,0.197365,21.125817,31.180699,24.605301,2026-03-31
688301,奕瑞科技,制造业,X线平板探测器全球三强（与Varex/Trixell），毛利50%以上ROE15-20%持续，全球份额上升（规则12）,探测器全链自研（闪烁体/TFT/读出电路），医疗客户认证周期长，全球格局稳定国产独家,L3,C-GARP成长型,13.12,51.357394,28.088006,0.578387,47.981775,22.897481,39.734288,2026-03-31
688318,财富趋势,信息传输、软件和信息技术服务业,通达信为券商行情交易终端事实标准之一，B端粘性极强，毛利90%净现金，ROE15%以上,券商终端三十年装机与用户习惯绑定，替换风险高，新进入者无法复制生态位,L3,C-GARP成长型,8.49,82.838982,85.684949,0.474335,5.302287,-5.369335,3.77111,2026-03-31
688334,西高院,科学研究和技术服务业,高压电器检测国家级稀缺试验资源（大容量试验站全国唯二），特高压景气下检测需求刚性,大容量短路试验等物理试验资源与资质数十年积累，资本无法快速复制,L3,C-GARP成长型,8.69,54.470505,31.890095,0.553478,17.223365,8.71865,8.766553,2026-03-31
688385,复旦微电,制造业,军用FPGA国产双寡头（与紫光国微），十亿门级突破，高毛利，安全芯片平台协同,军用FPGA资质与架构生态积累，国产唯二格局稳固，资本无法速成,L3,D-产业链爆发/关键瓶颈型,3.88,56.185518,5.064163,0.196914,26.625931,10.919577,-59.42376,2026-03-31
688516,奥特维,制造业,光伏串焊机绝对垄断（份额约七成），0BB新技术卡位，半导体键合设备第二曲线，ROE20%以上多年验证,串焊机工艺与客户绑定深厚，多年无有效挑战者；下游资本开支周期留分层,L3,C-GARP成长型,11.21,32.044624,5.83619,0.138829,72.566184,-30.604697,-64.637853,2026-03-31
688617,惠泰医疗,制造业,电生理与冠脉通路国产第一，迈瑞控股赋能，集采后以量换价成功ROE20%以上高增长已验证,三维电生理系统与耗材生态积累，迈瑞渠道平台加持，国产替代卡位稳固,L2,C-GARP成长型,28.77,72.876871,31.260136,0.374531,14.280607,25.081098,21.909603,2026-03-31
688630,芯碁微装,制造业,PCB直写光刻设备国产垄断（份额约半数），AI高多层PCB驱动放量，ROE15%以上持续，泛半导体扩张,直写光刻光机电算一体化积累，国产绝对领先对标奥宝，客户绑定强,L3,C-GARP成长型,13.28,40.162168,20.59006,0.065239,25.934306,47.61066,80.424128,2026-03-31
688692,达梦数据,信息传输、软件和信息技术服务业,信创数据库事实龙头（党政市占第一），存量迁移切换成本高，净利率40%盈利已验证,数据库迁移成本与信创适配生态深厚，集中式国产替代首选；分布式开源路线冲击留分层,L2,C-GARP成长型,14.85,96.121982,39.442679,0.409984,15.352765,25.029746,42.763917,2026-03-31
688729,屹唐股份,制造业,去胶设备全球前二加快速热处理全球第三，收购Mattson整合的国产设备平台，全球客户体系,去胶与RTP细分全球双雄位，设备品类全球格局稳定，客户验证壁垒高,L4,C-GARP成长型,9.05,38.252308,13.213895,-0.058097,21.674293,9.569226,24.03416,2026-03-31
688777,中控技术,信息传输、软件和信息技术服务业,流程工业DCS国产垄断（国内份额四成连续多年第一），5S服务网络与工业软件生态，ROE15%以上,DCS装机存量与安全可靠性口碑数十年积累，流程行业切换成本极高，霍尼韦尔艾默生之外国产唯一平台,L3,C-GARP成长型,4.33,31.216034,5.677365,0.046731,46.285921,-11.66422,-60.475903,2026-03-31
688820,盛合晶微,制造业,中道先进封装（bumping/2.5D）国内稀缺产能，AI芯片封装关键环节，资本壁垒巨大（规则6）,中道产线资本与工艺积累构成客观壁垒，AI国产算力封装环节稀缺，同封测三家规则6口径,L2,D-产业链爆发/关键瓶颈型,6.57,30.98892,14.115008,0.636486,36.1698,38.594977,330.839279,2026-03-31
688981,中芯国际,制造业,先进制程国产唯一（7nm级突破），禁令下战略稀缺无替代，成熟产能规模第一（规则6）,先进逻辑制程工艺与设备协同积累不可速成，国产唯一选项，战略地位极端稀缺,L2,D-产业链爆发/关键瓶颈型,3.4,21.624151,10.707915,0.298277,33.002399,16.485039,36.285227,2026-03-31
689009,九号公司,制造业,Segway滑板车全球品类垄断加智能两轮车高端心智，ROE20%以上，全球渠道品牌,Segway品牌与全球渠道加智能化产品定义能力，雅迪爱玛在高端智能段未能反制,L3,C-GARP成长型,26.08,29.629636,8.282359,0.208861,66.258877,49.888444,62.173958,2026-03-31
920186,中科仪,通用设备制造业,半导体真空干泵国产第一（对标Edwards），设备厂务核心部件国产替代关键卡位,干泵可靠性数据与半导体客户验证积累，国产唯一规模化标的,L2,C-GARP成长型,40.85,26.777498,65.354707,0.148597,34.167918,19.303348,337.768017,2026-03-31
920394,民士达,纺织业,芳纶纸全球双寡头唯一国产（对标杜邦Nomex），国内份额约八成，毛利40%以上ROE15%以上（规则12）,芳纶纸成形工艺与航空电气认证壁垒高，全球二十年仅杜邦与民士达规模化,L4,F-周期资源/材料型,16.76,40.241248,28.365768,0.156807,20.523229,9.15687,26.704223,2026-03-31
920982,锦波生物,医药制造业,重组人源化胶原蛋白注射级独家三类证（薇旖美），毛利90%以上ROE40%高增长，定价权已验证（规则12）,独家三类证加重组胶原量产工艺专利，竞品临床尚需数年，先发心智与医美渠道绑定,L2,C-GARP成长型,37.92,89.211321,40.473954,0.394893,26.709151,10.572373,-10.948037,2026-03-31
000657,中钨高新,C 制造业,钨开采配额管制加柿竹园世界级钨矿注入落地，矿冶加工刀具一体化五矿平台，钨价上行（规则12）,钨配额与世界级矿山资源不可复制，一体化平台成型；注入整合效果分层阶段核验,L5,F-垄断资源型,13.32,23.670439,7.889005,0.022068,50.775777,19.344481,29.197482,2026-03-31
000786,北新建材,C 制造业,石膏板份额约六成绝对垄断，护面纸自供加脱硫石膏锁定成本曲线最低，地产至暗期利润创新高穿越验证（规则12）,龙牌品牌加全国产能布局加原料锁定，多年无有效挑战者，教科书级品类垄断,L5,E-落难白马/反转型,11.11,28.81493,11.861654,0.166294,21.59841,-2.094651,-20.306385,2026-03-31
000893,亚钾国际,C 制造业,老挝钾盐矿稀缺资源，现金成本低位加东南亚运距优势，产能爬坡兑现至国内前三（规则12资源三要素）,境外世界级钾盐矿权稀缺，中国钾肥对外依存度高，低成本产能爬坡已验证,L5,F-垄断资源型,13.28,58.568573,31.335162,0.428565,33.243398,50.085826,75.974587,2026-03-31
002318,久立特材,C 制造业,高端工业不锈钢管龙头，核电蒸发器管等细分垄断，认证壁垒深，ROE15-20%连续五年穿越油气核电周期（规则12）,高端合金管材工艺与核电油气认证积累二十年，武进常宝居中端，高端品种国产唯一梯队,L5,F-周期资源/材料型,19.04,24.657864,12.675571,0.156991,36.2827,10.443218,1.274646,2026-03-31
002372,伟星新材,C 制造业,零售管道第一品牌，水电工渠道与星管家服务体系构成心智垄断，毛利45%、ROE穿越地产下行仍15%以上（规则12）,零售端品牌加安装服务网络类公牛渠道逻辑，同城服务与工长关系资本难以速成，地产至暗期盈利韧性已验证,L5,E-落难白马/反转型,14.9,40.983286,13.643466,0.21895,23.056808,-14.116134,-22.242099,2026-03-31
002648,卫星化学,C 制造业,轻烃裂解一体化成本曲线最低，美国乙烷出口终端与VLEC船队构成供应链物理卡位，石化至暗期ROE仍15%以上穿越验证（规则12）,乙烷资源通道先发锁定（出口设施与船队十年级建设），后来者无法复制同等原料成本位，一体化下游延伸已验证,L5,F-周期资源/材料型,16.8,22.314801,11.516354,0.208538,51.737353,0.919061,-12.535725,2026-03-31
002683,广东宏大,B 采矿业,民爆产能许可红线加矿服一体化整合龙头，军工业务加成，ROE15%左右持续增长（规则12）,民爆许可证稀缺且行业整合方向明确，矿服规模第一与爆破一体化协同，新资本无法获取许可产能,L5,F-周期资源/材料型,14.2,20.881487,8.219061,0.111738,55.436508,49.203486,6.618375,2026-03-31
002714,牧原股份,A 农林牧渔,生猪养殖成本曲线极端领先（完全成本低行业2-3元/kg），规模全球第一，2021-23深亏周期中唯一未失血的大厂（规则12全球领先豁免）,自繁自养一体化加育种防疫体系多年被同行学习而无法复制，成本差构成结构性超额利润；无定价权但下行周期验证已完成,L5,C-GARP成长型,20.57,17.818111,10.969386,0.208514,54.150762,4.493087,-13.390383,2026-03-31
300395,菲利华,C 制造业,高纯石英玻璃平台，军工石英纤维国内独家、半导体石英认证壁垒深，毛利50%，ROE中枢15%穿越军品与半导体周期（规则12）,石英玻璃材料提纯与制品工艺数十年积累，军品独家定型加半导体客户认证，资本难以速成,L5,F-垄断资源型,10.15,47.376553,21.146971,0.129871,21.373481,15.761607,41.044691,2026-03-31
300699,光威复材,C 制造业,军品碳纤维定型双寡头（T300-T1100全谱系），军品毛利70%以上体现定价权，上市以来ROE多数年份15%以上（规则12）,军机导弹用碳纤维定型即锁定，验证周期十年级，光威中简双寡头格局稳固；军品去库存周期留分层,L5,F-周期资源/材料型,10.74,39.801208,20.958888,0.452807,37.227492,16.718192,-18.589337,2026-03-31
300777,中简科技,C 制造业,军品碳纤维双寡头之二（ZT7系列主供），军品毛利80%级，ROE20%以上多年（规则12）,导弹军机碳纤维定型锁定加产线保密资质，与光威构成稳定双寡头，资本无法进入,L5,F-周期资源/材料型,7.13,64.848878,37.135425,1.039662,9.770171,4.138297,-11.650229,2026-03-31
300811,铂科新材,C 制造业,金属软磁粉芯品类龙头（份额约三成），ROE连续20%以上穿越周期，芯片电感切入AI服务器供电链（规则12）,合金软磁粉体配方与粉芯工艺积累，光储车规客户验证深，芯片电感与英伟达级客户协同卡位,L5,F-垄断资源型,15.14,42.060421,23.644172,0.19278,22.996916,8.376456,11.289537,2026-03-31
600160,巨化股份,制造业,制冷剂配额全国第一（三代配额约四分之一），基加利协定下配额冻结递减构成政策性产能红线，氟氯联动一体化成本低位，配额红利已兑现ROE20%以上（规则12）,HFCs配额为国际公约级供给约束且不可新增，巨化为链主兼一体化成本王，资本无法获得配额产能,L5,F-周期资源/材料型,19.57,28.232825,16.021738,0.231952,38.478083,10.334896,94.291833,2026-03-31
600176,中国巨石,制造业,玻纤全球第一（份额约四分之一）加成本曲线最低，2022-24行业深度下行期仍保持盈利，需求端风电车用电子长期成长（规则12全球领先豁免）,池窑规模与智能制造加矿源自供构成成本差，全球份额第一且穿越周期不亏，追赶者在下行期持续失血,L5,F-周期资源/材料型,10.62,33.118339,18.088706,0.222474,40.413588,19.078819,34.384947,2026-03-31
600309,万华化学,制造业,MDI全球寡头（份额约三成第一），光气化工艺黑箱三十年无新进入者，成本与一体化最优，化工至暗期ROE仍12-15%（规则6/12）,MDI技术壁垒为全球验证的资本复制失败案例，五家寡头格局数十年不可逆，万华成本曲线最低且持续扩份额,L5,F-周期资源/材料型,12.44,13.612344,6.908242,0.162892,62.809477,11.624956,-3.881401,2026-03-31
600415,小商品城,租赁和商务服务业,义乌小商品市场物理与生态垄断（全球最大批发市场），摊位资源独占，租金市场化改革打开提价通道，数贸与出海服务增量，ROE上升（规则12；规则9例外条款）,六十万商户生态与全球采购商网络不可复制，市场化租金重估为明确改善触发，chinagoods与支付牌照生态延伸,L5,C-GARP成长型,17.53,31.444416,21.155529,0.528382,48.139928,26.623668,36.759532,2026-03-31
600426,华鲁恒升,制造业,煤化工成本王（洁净煤气化平台吨成本行业最低），多产品柔性联产，能评碳评指标稀缺，二十年ROE未低于10%穿越多轮周期（规则12）,气化平台工程与运营know-how行业标杆，荆州基地指标获取证明稀缺资格，同行成本差距长期无法缩小,L5,F-周期资源/材料型,10.32,19.155332,11.804247,0.135541,28.523145,-9.516569,-15.043813,2026-03-31
600486,扬农化工,制造业,拟除虫菊酯全球双寡头（与住友）加仿制农药成本工艺王，先正达体系协同，行业至暗期ROE仍12-15%、长期穿越验证（规则12）,菊酯全链工艺与登记壁垒深厚，扬农为农药行业唯一长周期高回报者，成本与工艺差被反复验证,L5,F-周期资源/材料型,11.69,21.992103,10.838567,0.186744,36.908816,13.758378,6.977417,2026-03-31
600549,厦门钨业,制造业,钨全产业链一体化（矿-粉-丝材-刀具），光伏细钨丝品类垄断，钨配额约束叠加深加工壁垒（规则12）,钨配额稀缺加细钨丝拉制工艺垄断级份额，一体化深加工能力全球独档；同中钨高新先例并列,L5,F-垄断资源型,13.99,17.897457,7.242597,0.064211,52.408557,30.79126,34.888714,2026-03-31
600970,中材国际,建筑业,水泥工程全球双寡头且对手史密斯退出主业，全球份额约三分之二，运维备件转型提升粘性，ROE12-15%稳定高分红（规则6类比不可逆整合）,全球水泥全线EPC交付能力仅存中材国际一家独大，格局不可逆；运维长尾对冲新建萎缩,L5,E-落难白马/反转型,13.1,18.503608,6.213515,0.035953,60.240188,7.525646,-4.055473,2026-03-31
601225,陕西煤业,采矿业,陕北优质动力煤成本曲线行业最低端，产能指标稀缺，煤价下行期ROE仍约15%、历史谷底不亏（规则12）,吨煤开采成本全行业最低且资源禀赋不可复制，指标约束下产能价值凸显；一体化弱于神华但成本更低,L5,F-垄断资源型,17.88,29.058718,16.822188,0.222971,41.842874,-14.101033,-25.022705,2026-03-31
601958,金钼股份,采矿业,金堆城钼矿为世界级原生钼矿，产量全球前三，资源加冶炼一体化成本低位，钼价中枢上移期ROE15%以上（规则12资源三要素）,世界级单体钼矿储量不可复制，全球钼供给高度集中，一体化冶炼加工能力配套,L5,F-垄断资源型,17.38,41.129213,25.361123,0.117675,11.501887,1.942254,5.774452,2026-03-31
603067,振华股份,制造业,铬盐全球产能第一（国内市占率约45%），重金属环保准入实质冻结新产能，钠铬钙循环一体化成本曲线最低，维生素K3/超细氢氧化铝延伸，ROE12-18%且利润穿越2019-2025化工下行逐年增长（规则12 capped-capacity链主，类比巨化/华鲁先例，ex-L5纠错）,铬盐属重金属重污染严控行业，新建产能环保审批多年冻结，资本充足者无法获得指标；循环一体化工艺与规模成本差难以复制,L5,F-周期资源/材料型,19.14,26.919974,14.473316,0.072647,38.847337,11.529306,39.367543,2026-03-31
688037,芯源微,制造业,前道涂胶显影Track国产唯一量产供应商，对标东京电子全球九成垄断环节，已过中芯华虹长存量产验证与盈利转正三关，国产替代战略瓶颈卡位（判例8三关+判例9国产唯一结构，ex-L5纠错）,Track设备工艺know-how+机械手温控精度+晶圆厂产线验证周期构成极高壁垒，国内无第二家量产，资本新进入者需5-10年验证周期,L5,D-产业链爆发/关键瓶颈型,2.62,35.389666,3.627528,0.052846,54.478696,11.113232,-64.644524,2026-03-31
688122,西部超导,制造业,低温超导线材国内唯一全流程供应商（ITER/MRI/MCZ），军工高端钛合金与宝钛双寡头，高温合金延伸，毛利30%+盈利穿越军品调整期，判例10军工材料侧（ex-L5纠错）,超导线材全流程工艺全球仅数家、军机钛材定型认证锁定十年周期，资本无法速成；三大材料平台协同,L5,F-垄断资源型,12.16,34.507501,18.258753,0.115952,48.132359,13.294509,4.805537,2026-03-31
688190,云路股份,制造业,非晶合金薄带全球第一（份额约四成）且成本领先，日立金属退守后格局稳固，配电变压器能效升级+出口驱动，ROE15-20%盈利2019-2025持续增长穿越验证（规则12品类垄断，ex-L5纠错）,非晶带材宽幅喷带工艺与良率know-how壁垒高，全球实际竞争者仅Proterial与安泰科技且份额远低，新进入者难以复制成本良率曲线,L5,F-垄断资源型,11.39,27.737939,15.579548,0.016467,23.350586,-0.560775,-18.447021,2026-03-31
688281,华秦科技,制造业,军机隐身涂层材料国内主导（与佳驰双寡头），毛利50-60%体现上游材料定价权，新一代装备放量成长，判例10军工材料侧（ex-L5纠错）,隐身材料涉密定型+装备全寿命绑定，认证周期十年级，资本充足新进入者无法获得型号准入,L5,F-垄断资源型,6.62,43.393363,19.735204,0.455634,27.3781,9.174098,-25.77641,2026-03-31
688300,联瑞新材,制造业,球形硅微粉/球铝国产绝对龙头全球前三（与电化Admatechs三分），先进封装EMC/CCL核心填料，毛利约40%ROE约15%，2019-2025盈利持续增长无下滑年份，AI景气前已验证超额回报（规则12品类垄断，ex-L5纠错）,球形化火焰工艺+粒径级配know-how+住友松下生益等大客户认证锁定，全球三强格局多年稳定，新进入者难以通过认证,L5,F-垄断资源型,18.38,40.659853,26.234317,0.229027,24.54616,16.154682,16.417869,2026-03-31
688563,航材股份,制造业,航空材料院平台：军机风挡透明件/橡塑密封件国内独家定型、钛合金精铸与高温合金母合金核心配套，型号全寿命锁定，毛利约30%稳定盈利，判例10军工材料器件侧（ex-L5纠错）,四大业务均系院所定型独家或双寡头配套，军机型号认证全寿命绑定，资本无法速成替代,L5,D-产业链爆发/关键瓶颈型,4.99,30.551552,18.799933,0.166248,13.418144,-2.525572,-8.748192,2026-03-31
688586,江航装备,制造业,军机机载氧气系统与油箱惰化国内独家定型供应商，航空工业体系内唯一，特种制冷延伸，型号全寿命锁定盈利稳定，判例10军工器件垄断侧（ex-L5纠错）,机载氧气/惰化系统定型认证独家，军机全谱系覆盖，新进入者无型号准入路径,L5,D-产业链爆发/关键瓶颈型,2.32,26.387297,5.805993,-0.079454,30.666134,-13.299611,-56.127665,2026-03-31
688708,佳驰科技,制造业,电磁隐身功能材料双寡头之一（与华秦），成飞系主供，毛利60%+高ROE，判例10军工材料侧，与华秦同池一致判定（ex-L5纠错）,隐身材料涉密定型+型号绑定，双寡头格局稳定，资本新进入者无型号准入,L5,F-周期资源/材料型,13.34,66.678892,39.719155,0.093147,12.680325,15.721072,-14.872352,2026-03-31
000403,派林生物,C 制造业,血制品牌照2001年后全国冻结新批，浆站审批稀缺，派林采浆量约1300吨居独立血企第一梯队（与华兰同量级），陕煤入主治理稳定，规则12类牌照冻结资源，与天坛华兰莱士同池一致判定,血制品企业牌照与浆站双重行政冻结，资本充足者无法新设，采浆资源为不可复制核心资产,,,5.24,41.534473,15.936139,-0.082044,14.63183,-0.831636,-43.746854,2026-03-31
000933,神火股份,C 制造业,电解铝产能红线封顶下拥有145万吨指标：新疆自备煤电一体化成本行业最低梯队+云南绿电铝，配套自有煤炭，2021-2025年盈利穿越铝价回落期持续高位（ROE约20%），规则12 capped-capacity低成本一体化龙头，与天山铝业同池一致判定,电解铝新增产能被政策红线冻结，指标类资源牌照；新疆自备电+自有煤成本结构和云南水电指标均无法复制,,,17.49,23.358553,11.065481,0.212004,42.188041,7.474326,-6.998736,2026-03-31
002128,电投能源,B 采矿业,电解铝产能红线下86万吨指标+霍林河露天褐煤坑口自备电一体化，成本行业最低梯队并配套绿电；煤电铝一体化盈利穿越周期稳定（ROE持续约13%-16%），规则12 capped-capacity低成本一体化龙头，与神火股份天山铝业同池一致判定,电解铝新增指标被政策红线冻结，指标类资源牌照；蒙东露天褐煤+坑口自备电网成本结构不可复制，新进入者无法获得指标与煤电组合,,,14.94,36.834148,21.683379,0.305744,22.750069,0.857049,1.450421,2026-03-31
300832,新产业,C 制造业,化学发光免疫国产第一：全自动发光仪+试剂闭环模式，装机量与试剂菜单领先，海外出口装机国产第一（100+国），ROE持续15-25%、净利率30%+穿越2015-2024年含集采期，安徽联盟集采后以量补价收入仍增长，国产替代与出海双击，与迈瑞并列发光第一梯队（规则12：品类领先+高毛利高ROE定价权+穿越周期超额回报）,封闭发光系统仪器试剂绑定+注册证菜单+装机基数与渠道积累需十年级投入，新进入者难以快速复制；迈瑞用15年才建成第二极，双寡头格局稳定,,,18.43,69.252431,35.401734,0.332637,8.006487,0.911827,-11.386894,2026-03-31
603267,鸿远电子,制造业,鸿远电子：军用瓷介电容器（MLCC）双寡头（与火炬电子），高可靠宇航级定型配套覆盖航天/导弹/舰船主力型号，军品毛利70%+体现定价权，判例10上游器件家族（同宏达电子钽电容/振华科技被动元件已worth）；2023-2025军采调整期利润下滑属周期性，器件定型垄断地位未变,军用高可靠定型体系+宇航级可靠性数据积累需十年级验证周期，客户替换需重新定型试验，资金无法速成；双寡头格局多年稳定未被新进入者撼动,,,5.77,44.388624,13.888418,0.088197,17.49763,20.275076,62.542595,2026-03-31
603529,爱玛科技,制造业,爱玛科技：电动两轮车双寡头（与雅迪），3万+终端渠道网络+品牌心智+规模成本；小牛/九号等强资本进攻十年只切走高端利基、未撼动大众市场双寡头格局（判例11公牛式实证），新国标提高合规门槛，ROE20%+且2021-2025穿越价格竞争维持,渠道服务网络（门店+售后+以旧换新）与品牌下沉心智需十年级积累，资本催不出来；九号小牛的高端切入证明新进入者只能绕开而非正面替代大众市场双寡头,,,21.18,18.290925,8.26333,0.150825,60.567013,16.14471,2.342733,2026-03-31
688018,乐鑫科技,信息传输、软件和信息技术服务业,乐鑫科技：WiFi MCU/AIoT SoC全球份额第一（ESP32系列），开发者生态（GitHub社区/教育市场事实标准）构成软件生态型护城河，毛利40%+，2022-2023半导体下行期仍保持盈利并于2024-2025创新高，规则12品类领先+生态锁定,ESP32开发者生态与工具链、社区代码资产是资本无法快速复制的软moat：竞品芯片即使性能相当也缺生态迁移理由；全球IoT开发者心智占位十年积累,,,17.33,46.626102,19.483647,0.203729,11.051993,27.821529,46.715307,2026-03-31
688183,生益电子,制造业,生益电子：AI服务器/交换机高速多层PCB主力厂（华为昇腾链核心供应商之一），16层+高阶产品良率与量产能力属稀缺环节，母公司生益科技（覆铜板全球双寡头已worth）材料协同，2025-2026 AI订单驱动利润中枢跃迁，判沪电/胜宏同族,高层数高速板的材料-工艺-良率know-how与头部客户认证需多年积累，AI板产能爬坡窗口内新进入者难以插队；生益体系材料协同独有,,,29.74,31.163946,15.517016,0.170757,48.875982,102.57119,343.755419,2026-03-31
688439,振华风光,制造业,"振华风光：军用高可靠模拟IC（放大器/接口/电源管理）定型垄断，中国振华体系，军品毛利80%+、ROE峰值20%+体现定价权与稀缺性，判例10上游器件家族（同鸿远/宏达/振华科技),2024-2025军采调整期回落属周期而非地位受损",军用高可靠定型+宇航级筛选体系+装机型号绑定需十年级积累，资金无法速成；军工模拟IC定型供应商格局封闭,,,3.43,60.447977,20.366138,0.715852,9.386318,-23.100028,-40.896548,2026-03-31
688629,华丰科技,制造业,华丰科技：高速背板连接器国产稀缺供应商（112G级，AI服务器/交换机互连），军工连接器定型基础（航天/兵器体系）+华为算力链认证放量，国内具备高速背板量产能力者仅华丰/中航光电/立讯少数，判例10器件族+AI互连瓶颈（同沃尔核材高速铜连接口径）；升级依据是互连器件认证垄断结构而非单纯AI景气,高速背板连接器的信号完整性设计与military级可靠性体系需长周期积累，客户重新认证成本高；军工定型+华为体系双认证为资本不可速成,,,21.83,31.439439,13.878253,-0.000985,53.11696,131.499125,2120.059415,2026-03-31
688652,京仪装备,制造业,京仪装备：半导体温控设备（Chiller）国产垄断（国内产线份额约六成）+晶圆传送设备，绑定刻蚀/沉积工艺放量，设备细分国产垄断家族（同芯源微Track/华峰测控模拟测试机口径），盈利稳定增长且国产化替代空间明确,半导体级温控的工艺know-how与fab验证周期长，头部产线批量装机形成数据与信任壁垒，新进入者难以获得验证窗口；国产唯一规模化供应商地位稳固,,,6.92,32.637301,10.371684,0.267394,53.98282,38.946984,-3.260978,2026-03-31
